ISO-10303-21;
HEADER;
FILE_DESCRIPTION (( 'STEP AP203' ),
    '1' );
FILE_NAME ('disk-1.STEP',
    '2026-09-23T04:41:16',
    ( '' ),
    ( '' ),
    'SwSTEP 2.0',
    'SolidWorks 2023',
    '' );
FILE_SCHEMA (( 'CONFIG_CONTROL_DESIGN' ));
ENDSEC;

DATA;
#1 = ORIENTED_EDGE ( 'NONE', *, *, #12220, .T. ) ;
#2 = ORIENTED_EDGE ( 'NONE', *, *, #3156, .T. ) ;
#3 = DIRECTION ( 'NONE',  ( -1.000000000000000000, 0.000000000000000000, -0.000000000000000000 ) ) ;
#4 = CARTESIAN_POINT ( 'NONE',  ( -30.00000000000000000, 0.000000000000000000, 0.000000000000000000 ) ) ;
#5 = VECTOR ( 'NONE', #8859, 1000.000000000000114 ) ;
#6 = EDGE_CURVE ( 'NONE', #5282, #3051, #7600, .T. ) ;
#7 = DIRECTION ( 'NONE',  ( 0.000000000000000000, -0.1736481776669373811, -0.9848077530122069101 ) ) ;
#8 = AXIS2_PLACEMENT_3D ( 'NONE', #7366, #11106, #6212 ) ;
#9 = CARTESIAN_POINT ( 'NONE',  ( 5.000000000000006217, -96.21594349147476066, -141.4296642867064975 ) ) ;
#10 = ORIENTED_EDGE ( 'NONE', *, *, #90, .T. ) ;
#11 = CARTESIAN_POINT ( 'NONE',  ( 5.000000000000006217, 62.95593364063971364, -157.7458401751241013 ) ) ;
#12 = CARTESIAN_POINT ( 'NONE',  ( -40.00000000000000000, 0.000000000000000000, 0.000000000000000000 ) ) ;
#13 = COORDINATED_UNIVERSAL_TIME_OFFSET ( 5, 30, .AHEAD. ) ;
#14 = ORIENTED_EDGE ( 'NONE', *, *, #4890, .T. ) ;
#15 = VECTOR ( 'NONE', #11296, 1000.000000000000000 ) ;
#16 = DIRECTION ( 'NONE',  ( 0.000000000000000000, 0.000000000000000000, 1.000000000000000000 ) ) ;
#17 = AXIS2_PLACEMENT_3D ( 'NONE', #2643, #6652, #8517 ) ;
#18 = CARTESIAN_POINT ( 'NONE',  ( -5.000000000000004441, 0.000000000000000000, 0.000000000000000000 ) ) ;
#19 = ORIENTED_EDGE ( 'NONE', *, *, #9356, .T. ) ;
#20 = EDGE_CURVE ( 'NONE', #12641, #5813, #3479, .T. ) ;
#21 = CARTESIAN_POINT ( 'NONE',  ( 18.62394303740802570, -51.50874727072229575, 14.27208032684873551 ) ) ;
#22 = CIRCLE ( 'NONE', #3349, 7.000000000000013323 ) ;
#23 = AXIS2_PLACEMENT_3D ( 'NONE', #11811, #11134, #4916 ) ;
#24 = CIRCLE ( 'NONE', #10941, 140.0000000000000000 ) ;
#25 = CARTESIAN_POINT ( 'NONE',  ( -4.999999999999993783, -139.7492484617412458, 10.49922515126813849 ) ) ;
#26 = CARTESIAN_POINT ( 'NONE',  ( -4.999999999999993783, 170.5896538667300604, -12.61061916935111960 ) ) ;
#27 = FACE_OUTER_BOUND ( 'NONE', #7399, .T. ) ;
#28 = CARTESIAN_POINT ( 'NONE',  ( -4.999999999999992895, 131.5569669100271710, -47.88282006559375503 ) ) ;
#29 = CARTESIAN_POINT ( 'NONE',  ( 5.000000000000006217, 61.24334482836764693, 51.47089191217038007 ) ) ;
#30 = EDGE_CURVE ( 'NONE', #12375, #6548, #12754, .T. ) ;
#31 = ORIENTED_EDGE ( 'NONE', *, *, #7038, .F. ) ;
#32 = EDGE_CURVE ( 'NONE', #236, #7602, #10834, .T. ) ;
#33 = EDGE_LOOP ( 'NONE', ( #4910, #12544, #7588, #10810, #1865, #10673 ) ) ;
#34 = CARTESIAN_POINT ( 'NONE',  ( 59.79898987322338400, -57.06339097770928248, 25.54101966249669786 ) ) ;
#35 = VECTOR ( 'NONE', #8850, 1000.000000000000000 ) ;
#36 = AXIS2_PLACEMENT_3D ( 'NONE', #1880, #5894, #2850 ) ;
#37 = LINE ( 'NONE', #4943, #8712 ) ;
#38 = CIRCLE ( 'NONE', #9092, 100.0000000000000000 ) ;
#39 = CIRCLE ( 'NONE', #6208, 140.0000000000000000 ) ;
#40 = CARTESIAN_POINT ( 'NONE',  ( -5.000000000000004441, 0.000000000000000000, 0.000000000000000000 ) ) ;
#41 = CARTESIAN_POINT ( 'NONE',  ( 17.39905864767490584, 35.11305803152287552, -41.54101966249644562 ) ) ;
#42 = AXIS2_PLACEMENT_3D ( 'NONE', #8168, #4366, #1340 ) ;
#43 = CIRCLE ( 'NONE', #5824, 140.0000000000000000 ) ;
#44 = CARTESIAN_POINT ( 'NONE',  ( -4.999999999999993783, -5.206971411071154243, 169.7647994192103056 ) ) ;
#45 = DIRECTION ( 'NONE',  ( -1.000000000000000000, 0.000000000000000000, -0.000000000000000000 ) ) ;
#46 = ORIENTED_EDGE ( 'NONE', *, *, #10732, .F. ) ;
#47 = CARTESIAN_POINT ( 'NONE',  ( 5.000000000000006217, -107.2943586208334068, 90.02964525296296472 ) ) ;
#48 = AXIS2_PLACEMENT_3D ( 'NONE', #1126, #8933, #98 ) ;
#49 = AXIS2_PLACEMENT_3D ( 'NONE', #4825, #7574, #4625 ) ;
#50 = DIRECTION ( 'NONE',  ( 0.000000000000000000, 0.000000000000000000, -1.000000000000000000 ) ) ;
#51 = ORIENTED_EDGE ( 'NONE', *, *, #12396, .T. ) ;
#52 = EDGE_CURVE ( 'NONE', #12063, #12101, #2872, .T. ) ;
#53 = ORIENTED_EDGE ( 'NONE', *, *, #12728, .F. ) ;
#54 = CARTESIAN_POINT ( 'NONE',  ( -5.029315731919595578, -4.023536567293849231, 54.25595832676073371 ) ) ;
#55 = EDGE_LOOP ( 'NONE', ( #3574, #4783, #5215, #3648, #5296, #4489 ) ) ;
#56 = CYLINDRICAL_SURFACE ( 'NONE', #8696, 7.000000000000006217 ) ;
#57 = AXIS2_PLACEMENT_3D ( 'NONE', #4687, #12417, #1913 ) ;
#58 = AXIS2_PLACEMENT_3D ( 'NONE', #776, #9615, #3741 ) ;
#59 = VECTOR ( 'NONE', #3119, 1000.000000000000114 ) ;
#60 = AXIS2_PLACEMENT_3D ( 'NONE', #5841, #4812, #11556 ) ;
#61 = ORIENTED_EDGE ( 'NONE', *, *, #7526, .F. ) ;
#62 = CIRCLE ( 'NONE', #8288, 100.0000000000001990 ) ;
#63 = DIRECTION ( 'NONE',  ( -1.000000000000000000, -0.000000000000000000, -0.000000000000000000 ) ) ;
#64 = CARTESIAN_POINT ( 'NONE',  ( 5.000000000000006217, -133.3943579393228163, 105.1339381126582282 ) ) ;
#65 = VERTEX_POINT ( 'NONE', #4116 ) ;
#66 = CARTESIAN_POINT ( 'NONE',  ( 5.000000000000006217, 78.79545396313075400, -13.83027240313126427 ) ) ;
#67 = AXIS2_PLACEMENT_3D ( 'NONE', #3768, #8739, #2803 ) ;
#68 = CIRCLE ( 'NONE', #2330, 100.0000000000002416 ) ;
#69 = ORIENTED_EDGE ( 'NONE', *, *, #5840, .F. ) ;
#70 = VECTOR ( 'NONE', #4259, 1000.000000000000000 ) ;
#71 = DIRECTION ( 'NONE',  ( -1.000000000000000000, -0.000000000000000000, -0.000000000000000000 ) ) ;
#72 = VERTEX_POINT ( 'NONE', #9925 ) ;
#73 = DIRECTION ( 'NONE',  ( 0.000000000000000000, 0.5000000000000009992, 0.8660254037844380415 ) ) ;
#74 = AXIS2_PLACEMENT_3D ( 'NONE', #1444, #12531, #7443 ) ;
#75 = ORIENTED_EDGE ( 'NONE', *, *, #2552, .F. ) ;
#76 = ORIENTED_EDGE ( 'NONE', *, *, #8129, .F. ) ;
#77 = EDGE_CURVE ( 'NONE', #10866, #7780, #11908, .T. ) ;
#78 = LINE ( 'NONE', #4018, #2547 ) ;
#79 = VECTOR ( 'NONE', #3749, 1000.000000000000114 ) ;
#80 = CIRCLE ( 'NONE', #1720, 99.99999999999998579 ) ;
#81 = FACE_OUTER_BOUND ( 'NONE', #3397, .T. ) ;
#82 = AXIS2_PLACEMENT_3D ( 'NONE', #1832, #2749, #7707 ) ;
#83 = ORIENTED_EDGE ( 'NONE', *, *, #476, .T. ) ;
#84 = CYLINDRICAL_SURFACE ( 'NONE', #5196, 100.0000000000000000 ) ;
#85 = ORIENTED_EDGE ( 'NONE', *, *, #11650, .F. ) ;
#86 = DIRECTION ( 'NONE',  ( 0.000000000000000000, -0.3138744235596992449, 0.9494645049895580335 ) ) ;
#87 = CARTESIAN_POINT ( 'NONE',  ( -5.000000000000004441, 0.000000000000000000, 0.000000000000000000 ) ) ;
#88 = VECTOR ( 'NONE', #818, 1000.000000000000000 ) ;
#89 = VERTEX_POINT ( 'NONE', #9080 ) ;
#90 = EDGE_CURVE ( 'NONE', #5362, #523, #9450, .T. ) ;
#91 = DIRECTION ( 'NONE',  ( -1.000000000000000000, -0.000000000000000000, -0.000000000000000000 ) ) ;
#92 = AXIS2_PLACEMENT_3D ( 'NONE', #1130, #11943, #2161 ) ;
#93 = CARTESIAN_POINT ( 'NONE',  ( 5.000000000000006217, 27.42035973919467651, -75.15400103636414997 ) ) ;
#94 = ORIENTED_EDGE ( 'NONE', *, *, #2923, .F. ) ;
#95 = CARTESIAN_POINT ( 'NONE',  ( 18.71902100724233264, -50.05810810958529800, 18.43438185873832325 ) ) ;
#96 = VECTOR ( 'NONE', #315, 1000.000000000000000 ) ;
#97 = CARTESIAN_POINT ( 'NONE',  ( 5.000000000000006217, 141.4296642867068385, -96.21594349147424907 ) ) ;
#98 = DIRECTION ( 'NONE',  ( 0.000000000000000000, 0.000000000000000000, 1.000000000000000000 ) ) ;
#99 = DIRECTION ( 'NONE',  ( 0.000000000000000000, 0.1736481776669306920, 0.9848077530122080203 ) ) ;
#100 = CARTESIAN_POINT ( 'NONE',  ( -4.999999999999993783, -79.64264139424489031, -7.553123310771185039 ) ) ;
#101 = FACE_OUTER_BOUND ( 'NONE', #6650, .T. ) ;
#102 = VERTEX_POINT ( 'NONE', #9996 ) ;
#103 = ADVANCED_FACE ( 'NONE', ( #1995 ), #193, .F. ) ;
#104 = ORIENTED_EDGE ( 'NONE', *, *, #5914, .T. ) ;
#105 = CARTESIAN_POINT ( 'NONE',  ( -5.000000000000004441, 0.000000000000000000, 0.000000000000000000 ) ) ;
#106 = AXIS2_PLACEMENT_3D ( 'NONE', #10369, #7390, #10295 ) ;
#107 = CARTESIAN_POINT ( 'NONE',  ( 4.999999999999999112, -27.42035973919416847, 75.15400103636433471 ) ) ;
#108 = LINE ( 'NONE', #4164, #4169 ) ;
#109 = ADVANCED_FACE ( 'NONE', ( #5039 ), #10278, .F. ) ;
#110 = EDGE_CURVE ( 'NONE', #4071, #9309, #5753, .T. ) ;
#111 = CARTESIAN_POINT ( 'NONE',  ( 18.44657901473530970, 33.69725329126604407, -41.71524109565503835 ) ) ;
#112 = AXIS2_PLACEMENT_3D ( 'NONE', #7376, #4351, #8279 ) ;
#113 = CARTESIAN_POINT ( 'NONE',  ( 5.000000000000006217, 17.20354699452819602, -170.1878247496342738 ) ) ;
#114 = DIRECTION ( 'NONE',  ( 1.000000000000000000, 0.000000000000000000, 0.000000000000000000 ) ) ;
#115 = ORIENTED_EDGE ( 'NONE', *, *, #6106, .F. ) ;
#116 = CARTESIAN_POINT ( 'NONE',  ( -40.00000000000000000, -35.26711513754810312, -48.54101966249704958 ) ) ;
#117 = CARTESIAN_POINT ( 'NONE',  ( -4.999999999999993783, 131.6151391931839214, 47.90481762191758719 ) ) ;
#118 = VERTEX_POINT ( 'NONE', #3082 ) ;
#119 = VERTEX_POINT ( 'NONE', #10110 ) ;
#120 = CARTESIAN_POINT ( 'NONE',  ( -4.999999999999990230, -4.686149805544027380, 54.80000000000003268 ) ) ;
#121 = ORIENTED_EDGE ( 'NONE', *, *, #7506, .F. ) ;
#122 = LINE ( 'NONE', #2237, #12603 ) ;
#123 = EDGE_CURVE ( 'NONE', #11796, #11761, #7389, .T. ) ;
#124 = CIRCLE ( 'NONE', #1765, 100.0000000000000000 ) ;
#125 = VERTEX_POINT ( 'NONE', #3155 ) ;
#126 = EDGE_CURVE ( 'NONE', #658, #7162, #1835, .T. ) ;
#127 = DIRECTION ( 'NONE',  ( 0.000000000000000000, 0.000000000000000000, 1.000000000000000000 ) ) ;
#128 = DIRECTION ( 'NONE',  ( -1.000000000000000000, 0.000000000000000000, -0.000000000000000000 ) ) ;
#129 = EDGE_LOOP ( 'NONE', ( #10298, #11855, #191, #719, #12493 ) ) ;
#130 = DIRECTION ( 'NONE',  ( -1.000000000000000000, 0.000000000000000000, 0.000000000000000000 ) ) ;
#131 = VERTEX_POINT ( 'NONE', #9022 ) ;
#132 = DIRECTION ( 'NONE',  ( -1.000000000000000000, -0.000000000000000000, -0.000000000000000000 ) ) ;
#133 = ORIENTED_EDGE ( 'NONE', *, *, #7349, .F. ) ;
#134 = DIRECTION ( 'NONE',  ( 0.000000000000000000, 0.7848534137046806469, 0.6196814657516468428 ) ) ;
#135 = ORIENTED_EDGE ( 'NONE', *, *, #5109, .F. ) ;
#136 = ORIENTED_EDGE ( 'NONE', *, *, #1155, .T. ) ;
#137 = EDGE_CURVE ( 'NONE', #4657, #6593, #4188, .T. ) ;
#138 = CARTESIAN_POINT ( 'NONE',  ( 5.000000000000005329, -60.71641116595437637, 126.1487907794869869 ) ) ;
#139 = CARTESIAN_POINT ( 'NONE',  ( -4.999999999999992895, -131.5569669100274837, -47.88282006559281712 ) ) ;
#141 = EDGE_LOOP ( 'NONE', ( #6326, #2972, #6747 ) ) ;
#140 = EDGE_CURVE ( 'NONE', #2630, #2463, #2048, .T. ) ;
#142 = CYLINDRICAL_SURFACE ( 'NONE', #8256, 100.0000000000000000 ) ;
#143 = ORIENTED_EDGE ( 'NONE', *, *, #9573, .F. ) ;
#144 = DIRECTION ( 'NONE',  ( 0.000000000000000000, 0.3138744235597054066, -0.9494645049895560351 ) ) ;
#145 = CARTESIAN_POINT ( 'NONE',  ( 5.000000000000004441, 0.000000000000000000, 0.000000000000000000 ) ) ;
#146 = DIRECTION ( 'NONE',  ( 0.000000000000000000, 0.000000000000000000, 1.000000000000000000 ) ) ;
#147 = ORIENTED_EDGE ( 'NONE', *, *, #164, .T. ) ;
#148 = CARTESIAN_POINT ( 'NONE',  ( -4.999999999999993783, 20.14177338547710150, 77.42292273537655944 ) ) ;
#149 = DIRECTION ( 'NONE',  ( -1.000000000000000000, 0.000000000000000000, 0.000000000000000000 ) ) ;
#150 = ORIENTED_EDGE ( 'NONE', *, *, #1301, .T. ) ;
#151 = EDGE_CURVE ( 'NONE', #7128, #4900, #5963, .T. ) ;
#152 = CARTESIAN_POINT ( 'NONE',  ( 18.38832917054662985, -50.09742258253488245, 19.28525601316801641 ) ) ;
#153 = EDGE_CURVE ( 'NONE', #3685, #8820, #12333, .T. ) ;
#154 = FACE_OUTER_BOUND ( 'NONE', #11629, .T. ) ;
#155 = DIRECTION ( 'NONE',  ( 0.000000000000000000, 0.000000000000000000, 1.000000000000000000 ) ) ;
#156 = DIRECTION ( 'NONE',  ( 0.000000000000000000, 0.9848077530122073542, -0.1736481776669340227 ) ) ;
#157 = DIRECTION ( 'NONE',  ( -1.000000000000000000, -0.000000000000000000, 0.000000000000000000 ) ) ;
#158 = DIRECTION ( 'NONE',  ( 0.000000000000000000, 0.6427876096865353661, -0.7660444431189813441 ) ) ;
#159 = ORIENTED_EDGE ( 'NONE', *, *, #1019, .T. ) ;
#160 = ORIENTED_EDGE ( 'NONE', *, *, #9505, .F. ) ;
#161 = DIRECTION ( 'NONE',  ( 0.000000000000000000, -0.2203771987371510310, 0.9754147273220588055 ) ) ;
#162 = FACE_OUTER_BOUND ( 'NONE', #12702, .T. ) ;
#163 = DIRECTION ( 'NONE',  ( 0.000000000000000000, 0.000000000000000000, 1.000000000000000000 ) ) ;
#164 = EDGE_CURVE ( 'NONE', #6579, #6670, #9156, .T. ) ;
#165 = EDGE_CURVE ( 'NONE', #8837, #9935, #4514, .T. ) ;
#166 = CARTESIAN_POINT ( 'NONE',  ( 5.000000000000006217, -39.94583737856282823, -69.31327489107758311 ) ) ;
#167 = CARTESIAN_POINT ( 'NONE',  ( -4.999999999999993783, 0.06252750026147432805, -79.99997556444867541 ) ) ;
#168 = DIRECTION ( 'NONE',  ( -1.000000000000000000, -0.000000000000000000, -0.000000000000000000 ) ) ;
#169 = EDGE_LOOP ( 'NONE', ( #9859, #11250, #6061, #1225 ) ) ;
#170 = DIRECTION ( 'NONE',  ( 0.000000000000000000, 0.3420201433256629953, -0.9396926207859104263 ) ) ;
#171 = DIRECTION ( 'NONE',  ( -1.000000000000000000, -0.000000000000000000, -0.000000000000000000 ) ) ;
#172 = ORIENTED_EDGE ( 'NONE', *, *, #3256, .T. ) ;
#173 = ORIENTED_EDGE ( 'NONE', *, *, #12290, .T. ) ;
#174 = CARTESIAN_POINT ( 'NONE',  ( 18.86338393524465573, 50.09141637131289571, 17.84965778567669048 ) ) ;
#175 = ORIENTED_EDGE ( 'NONE', *, *, #4488, .F. ) ;
#176 = DIRECTION ( 'NONE',  ( 0.000000000000000000, -0.9290865984476422978, 0.3698622616393698048 ) ) ;
#177 = CIRCLE ( 'NONE', #8411, 140.0000000000000000 ) ;
#178 = EDGE_CURVE ( 'NONE', #8135, #7383, #12539, .T. ) ;
#179 = PRODUCT_DEFINITION ( 'UNKNOWN', '', #8117, #9576 ) ;
#180 = DIRECTION ( 'NONE',  ( 0.000000000000000000, -0.9895437273910145937, -0.1442331847429613179 ) ) ;
#181 = DIRECTION ( 'NONE',  ( 0.000000000000000000, 0.000000000000000000, 1.000000000000000000 ) ) ;
#182 = EDGE_LOOP ( 'NONE', ( #3571, #10450, #12438, #12520, #9087, #9030 ) ) ;
#183 = CARTESIAN_POINT ( 'NONE',  ( -4.999999999999997335, -35.26711513754810312, -55.54101966249704958 ) ) ;
#184 = EDGE_CURVE ( 'NONE', #4024, #3348, #3736, .T. ) ;
#185 = EDGE_LOOP ( 'NONE', ( #11864, #2842, #2448 ) ) ;
#186 = CARTESIAN_POINT ( 'NONE',  ( 5.000000000000006217, 17.20354699452819602, -170.1878247496342738 ) ) ;
#187 = ORIENTED_EDGE ( 'NONE', *, *, #6552, .F. ) ;
#188 = CARTESIAN_POINT ( 'NONE',  ( -4.999999999999993783, 170.1878247496342169, 17.20354699452879288 ) ) ;
#189 = ORIENTED_EDGE ( 'NONE', *, *, #3885, .T. ) ;
#190 = EDGE_CURVE ( 'NONE', #208, #12105, #2311, .T. ) ;
#191 = ORIENTED_EDGE ( 'NONE', *, *, #3437, .F. ) ;
#192 = EDGE_CURVE ( 'NONE', #9670, #7538, #7205, .T. ) ;
#193 = TOROIDAL_SURFACE ( 'NONE', #10075, 85.00000000000000000, 5.000000000000001776 ) ;
#194 = DIRECTION ( 'NONE',  ( -1.000000000000000000, 0.000000000000000000, -0.000000000000000000 ) ) ;
#195 = FACE_OUTER_BOUND ( 'NONE', #12369, .T. ) ;
#196 = AXIS2_PLACEMENT_3D ( 'NONE', #8212, #11308, #2554 ) ;
#197 = ORIENTED_EDGE ( 'NONE', *, *, #1447, .F. ) ;
#198 = DIRECTION ( 'NONE',  ( 0.000000000000000000, 0.000000000000000000, 1.000000000000000000 ) ) ;
#199 = ORIENTED_EDGE ( 'NONE', *, *, #7584, .T. ) ;
#200 = DIRECTION ( 'NONE',  ( 1.000000000000000000, 0.000000000000000000, 0.000000000000000000 ) ) ;
#201 = DIRECTION ( 'NONE',  ( -1.000000000000000000, -0.000000000000000000, -0.000000000000000000 ) ) ;
#202 = LINE ( 'NONE', #7112, #1494 ) ;
#203 = ORIENTED_EDGE ( 'NONE', *, *, #10121, .F. ) ;
#204 = EDGE_CURVE ( 'NONE', #6315, #7408, #6989, .T. ) ;
#205 = DIRECTION ( 'NONE',  ( 0.000000000000000000, -0.8660254037844432595, -0.4999999999999919509 ) ) ;
#206 = DIRECTION ( 'NONE',  ( 0.000000000000000000, 0.000000000000000000, 1.000000000000000000 ) ) ;
#207 = CIRCLE ( 'NONE', #7405, 100.0000000000000284 ) ;
#208 = VERTEX_POINT ( 'NONE', #1458 ) ;
#209 = DIRECTION ( 'NONE',  ( -1.000000000000000000, -0.000000000000000000, -0.000000000000000000 ) ) ;
#210 = FACE_OUTER_BOUND ( 'NONE', #55, .T. ) ;
#211 = LINE ( 'NONE', #10023, #6022 ) ;
#212 = FACE_OUTER_BOUND ( 'NONE', #443, .T. ) ;
#213 = VECTOR ( 'NONE', #5057, 1000.000000000000000 ) ;
#214 = CARTESIAN_POINT ( 'NONE',  ( 5.000000000000006217, -81.78621229002798998, 113.8029070527154261 ) ) ;
#215 = DIRECTION ( 'NONE',  ( -1.000000000000000000, -0.000000000000000000, -0.000000000000000000 ) ) ;
#216 = CIRCLE ( 'NONE', #4959, 100.0000000000000142 ) ;
#217 = VERTEX_POINT ( 'NONE', #4444 ) ;
#218 = EDGE_CURVE ( 'NONE', #3491, #11446, #2663, .T. ) ;
#219 = ORIENTED_EDGE ( 'NONE', *, *, #9095, .T. ) ;
#220 = CYLINDRICAL_SURFACE ( 'NONE', #12403, 6.999999999999999112 ) ;
#221 = ORIENTED_EDGE ( 'NONE', *, *, #2594, .T. ) ;
#222 = DIRECTION ( 'NONE',  ( 1.000000000000000000, 0.000000000000000000, 0.000000000000000000 ) ) ;
#223 = EDGE_CURVE ( 'NONE', #10557, #2709, #3079, .T. ) ;
#224 = AXIS2_PLACEMENT_3D ( 'NONE', #6389, #5257, #7170 ) ;
#225 = DIRECTION ( 'NONE',  ( 0.000000000000000000, 0.8660254037844397068, 0.4999999999999979461 ) ) ;
#226 = CIRCLE ( 'NONE', #10105, 100.0000000000001990 ) ;
#227 = LINE ( 'NONE', #11009, #7517 ) ;
#228 = CARTESIAN_POINT ( 'NONE',  ( 5.000000000000006217, 115.7767867520171308, -78.96721993192147693 ) ) ;
#229 = CARTESIAN_POINT ( 'NONE',  ( 59.79898987322338400, 0.000000000000000000, 67.00000000000000000 ) ) ;
#230 = VERTEX_POINT ( 'NONE', #5410 ) ;
#231 = DIRECTION ( 'NONE',  ( 0.000000000000000000, 0.1736481776669307198, 0.9848077530122080203 ) ) ;
#233 = FACE_OUTER_BOUND ( 'NONE', #141, .T. ) ;
#232 = VECTOR ( 'NONE', #9629, 1000.000000000000000 ) ;
#234 = ORIENTED_EDGE ( 'NONE', *, *, #1810, .F. ) ;
#235 = AXIS2_PLACEMENT_3D ( 'NONE', #12157, #3216, #1954 ) ;
#236 = VERTEX_POINT ( 'NONE', #11138 ) ;
#237 = DIRECTION ( 'NONE',  ( -1.000000000000000000, -0.000000000000000000, -0.000000000000000000 ) ) ;
#238 = VECTOR ( 'NONE', #2841, 1000.000000000000000 ) ;
#239 = VERTEX_POINT ( 'NONE', #12163 ) ;
#240 = FACE_OUTER_BOUND ( 'NONE', #3896, .T. ) ;
#241 = EDGE_CURVE ( 'NONE', #9657, #4534, #4940, .T. ) ;
#242 = DIRECTION ( 'NONE',  ( 0.000000000000000000, 0.000000000000000000, 1.000000000000000000 ) ) ;
#243 = VECTOR ( 'NONE', #8415, 1000.000000000000000 ) ;
#244 = AXIS2_PLACEMENT_3D ( 'NONE', #4135, #6325, #332 ) ;
#245 = AXIS2_PLACEMENT_3D ( 'NONE', #7373, #7508, #11305 ) ;
#246 = AXIS2_PLACEMENT_3D ( 'NONE', #7630, #6686, #11693 ) ;
#247 = CARTESIAN_POINT ( 'NONE',  ( -4.999999999999990230, 36.00180665649987333, -41.57968154601481103 ) ) ;
#248 = DIRECTION ( 'NONE',  ( -1.000000000000000000, -0.000000000000000000, -0.000000000000000000 ) ) ;
#249 = ORIENTED_EDGE ( 'NONE', *, *, #10837, .F. ) ;
#250 = LINE ( 'NONE', #10242, #1298 ) ;
#251 = ORIENTED_EDGE ( 'NONE', *, *, #4890, .F. ) ;
#252 = DIRECTION ( 'NONE',  ( 0.000000000000000000, 0.000000000000000000, 1.000000000000000000 ) ) ;
#253 = EDGE_LOOP ( 'NONE', ( #12374, #610, #8567, #8653, #1522, #11332, #3458, #421, #8768, #5514 ) ) ;
#254 = DIRECTION ( 'NONE',  ( 0.000000000000000000, 0.000000000000000000, 1.000000000000000000 ) ) ;
#255 = ORIENTED_EDGE ( 'NONE', *, *, #10388, .T. ) ;
#256 = CIRCLE ( 'NONE', #8084, 100.0000000000002132 ) ;
#257 = VECTOR ( 'NONE', #6138, 1000.000000000000114 ) ;
#258 = ORIENTED_EDGE ( 'NONE', *, *, #8362, .F. ) ;
#259 = CIRCLE ( 'NONE', #8698, 99.99999999999998579 ) ;
#260 = AXIS2_PLACEMENT_3D ( 'NONE', #1436, #12404, #9316 ) ;
#261 = EDGE_CURVE ( 'NONE', #10027, #12245, #12351, .T. ) ;
#262 = AXIS2_PLACEMENT_3D ( 'NONE', #2273, #9890, #2158 ) ;
#263 = PRODUCT_RELATED_PRODUCT_CATEGORY ( 'detail', '', ( #10323 ) ) ;
#264 = LINE ( 'NONE', #383, #679 ) ;
#265 = CARTESIAN_POINT ( 'NONE',  ( -4.999999999999993783, 72.25628210076403946, 34.33700186351173755 ) ) ;
#266 = VECTOR ( 'NONE', #1821, 1000.000000000000000 ) ;
#267 = EDGE_CURVE ( 'NONE', #236, #3872, #8843, .T. ) ;
#268 = CIRCLE ( 'NONE', #3985, 55.00000000000002842 ) ;
#269 = EDGE_CURVE ( 'NONE', #8243, #5104, #5343, .T. ) ;
#270 = AXIS2_PLACEMENT_3D ( 'NONE', #284, #6021, #1179 ) ;
#271 = VERTEX_POINT ( 'NONE', #11393 ) ;
#272 = DIRECTION ( 'NONE',  ( 1.000000000000000000, 0.000000000000000000, 0.000000000000000000 ) ) ;
#273 = ORIENTED_EDGE ( 'NONE', *, *, #369, .T. ) ;
#274 = DIRECTION ( 'NONE',  ( 0.000000000000000000, -0.5000000000000069944, -0.8660254037844345998 ) ) ;
#275 = CARTESIAN_POINT ( 'NONE',  ( 5.000000000000006217, -17.20354699452700231, 170.1878247496343590 ) ) ;
#276 = VERTEX_POINT ( 'NONE', #618 ) ;
#277 = PLANE ( 'NONE',  #2915 ) ;
#278 = CIRCLE ( 'NONE', #3168, 4.999999999999997335 ) ;
#279 = CARTESIAN_POINT ( 'NONE',  ( -4.999999999999993783, -131.6151391931836372, -47.90481762191844695 ) ) ;
#280 = CIRCLE ( 'NONE', #5629, 100.0000000000002132 ) ;
#281 = CIRCLE ( 'NONE', #4198, 100.0000000000000284 ) ;
#282 = EDGE_CURVE ( 'NONE', #8493, #12286, #9872, .T. ) ;
#283 = LINE ( 'NONE', #6333, #11335 ) ;
#284 = CARTESIAN_POINT ( 'NONE',  ( -5.000000000000004441, 0.000000000000000000, 0.000000000000000000 ) ) ;
#285 = EDGE_CURVE ( 'NONE', #8823, #11931, #395, .T. ) ;
#286 = CARTESIAN_POINT ( 'NONE',  ( 5.000000000000006217, -107.2943586208334068, 90.02964525296296472 ) ) ;
#287 = CIRCLE ( 'NONE', #12419, 100.0000000000002132 ) ;
#288 = CYLINDRICAL_SURFACE ( 'NONE', #5827, 100.0000000000001990 ) ;
#289 = CARTESIAN_POINT ( 'NONE',  ( -4.999999999999993783, -0.0007748487303973066202, 140.0621876725833772 ) ) ;
#290 = CARTESIAN_POINT ( 'NONE',  ( -4.999999999999993783, -42.04161805105204053, -165.8082026736150567 ) ) ;
#291 = DIRECTION ( 'NONE',  ( 1.000000000000000000, 0.000000000000000000, 0.000000000000000000 ) ) ;
#292 = AXIS2_PLACEMENT_3D ( 'NONE', #12674, #7633, #8668 ) ;
#293 = ORIENTED_EDGE ( 'NONE', *, *, #8465, .T. ) ;
#294 = ORIENTED_EDGE ( 'NONE', *, *, #11515, .F. ) ;
#295 = FACE_OUTER_BOUND ( 'NONE', #1216, .T. ) ;
#296 = ORIENTED_EDGE ( 'NONE', *, *, #1998, .T. ) ;
#297 = CARTESIAN_POINT ( 'NONE',  ( 17.19499588943818225, -35.26711513754809602, -41.54101966249704958 ) ) ;
#298 = AXIS2_PLACEMENT_3D ( 'NONE', #11869, #4260, #9098 ) ;
#299 = DIRECTION ( 'NONE',  ( -1.000000000000000000, -0.000000000000000000, -0.000000000000000000 ) ) ;
#300 = DIRECTION ( 'NONE',  ( -1.000000000000000000, 0.000000000000000000, 0.000000000000000000 ) ) ;
#301 = FACE_OUTER_BOUND ( 'NONE', #373, .T. ) ;
#302 = CARTESIAN_POINT ( 'NONE',  ( -4.999999999999774403, 28.41945699475576603, -47.08858103747859047 ) ) ;
#303 = ADVANCED_FACE ( 'NONE', ( #11322 ), #11269, .F. ) ;
#304 = DIRECTION ( 'NONE',  ( 1.000000000000000000, 0.000000000000000000, 0.000000000000000000 ) ) ;
#305 = DIRECTION ( 'NONE',  ( -1.000000000000000000, 0.000000000000000000, 0.000000000000000000 ) ) ;
#306 = AXIS2_PLACEMENT_3D ( 'NONE', #10833, #1939, #3671 ) ;
#307 = CARTESIAN_POINT ( 'NONE',  ( 5.000000000000006217, 139.9378630116576971, -4.170670896933969196 ) ) ;
#308 = ORIENTED_EDGE ( 'NONE', *, *, #8982, .F. ) ;
#309 = VERTEX_POINT ( 'NONE', #8226 ) ;
#310 = DIRECTION ( 'NONE',  ( 0.000000000000000000, -0.8412165803726492364, -0.5406983122834269073 ) ) ;
#311 = ORIENTED_EDGE ( 'NONE', *, *, #10732, .T. ) ;
#312 = DIRECTION ( 'NONE',  ( 0.000000000000000000, -0.6196814657516441782, 0.7848534137046827563 ) ) ;
#313 = CARTESIAN_POINT ( 'NONE',  ( -4.999999999999993783, 96.21594349147569858, 141.4296642867059006 ) ) ;
#314 = CIRCLE ( 'NONE', #11022, 99.99999999999998579 ) ;
#315 = DIRECTION ( 'NONE',  ( -1.000000000000000000, -0.000000000000000000, -0.000000000000000000 ) ) ;
#316 = EDGE_CURVE ( 'NONE', #7911, #6180, #10902, .T. ) ;
#317 = CARTESIAN_POINT ( 'NONE',  ( 5.000000000000004441, 0.000000000000000000, 0.000000000000000000 ) ) ;
#318 = EDGE_CURVE ( 'NONE', #1159, #9025, #1843, .T. ) ;
#319 = EDGE_LOOP ( 'NONE', ( #4500, #4318, #6240, #4261 ) ) ;
#320 = CARTESIAN_POINT ( 'NONE',  ( -4.999999999999993783, 47.90481762191890169, -131.6151391931834382 ) ) ;
#321 = VERTEX_POINT ( 'NONE', #3271 ) ;
#322 = DIRECTION ( 'NONE',  ( 0.000000000000000000, 0.000000000000000000, 1.000000000000000000 ) ) ;
#323 = ORIENTED_EDGE ( 'NONE', *, *, #343, .T. ) ;
#324 = CARTESIAN_POINT ( 'NONE',  ( 14.99999999999997158, -28.41945699475530773, -47.08858103747927260 ) ) ;
#325 = VECTOR ( 'NONE', #4483, 1000.000000000000000 ) ;
#326 = ORIENTED_EDGE ( 'NONE', *, *, #8129, .T. ) ;
#327 = EDGE_LOOP ( 'NONE', ( #11834, #9705, #11401 ) ) ;
#328 = CARTESIAN_POINT ( 'NONE',  ( 5.000000000000006217, 170.5896538667300604, -12.61061916935111960 ) ) ;
#329 = DIRECTION ( 'NONE',  ( 0.000000000000000000, 0.6653231695327163076, 0.7465554768956829124 ) ) ;
#330 = VERTEX_POINT ( 'NONE', #10185 ) ;
#331 = EDGE_CURVE ( 'NONE', #9691, #1580, #1344, .T. ) ;
#332 = DIRECTION ( 'NONE',  ( 0.000000000000000000, 0.000000000000000000, 1.000000000000000000 ) ) ;
#333 = ORIENTED_EDGE ( 'NONE', *, *, #4562, .T. ) ;
#334 = DIRECTION ( 'NONE',  ( -1.000000000000000000, -0.000000000000000000, -0.000000000000000000 ) ) ;
#335 = CARTESIAN_POINT ( 'NONE',  ( -4.999999999999993783, -27.30284647801090614, -75.19677236556661626 ) ) ;
#336 = ORIENTED_EDGE ( 'NONE', *, *, #2021, .T. ) ;
#337 = DIRECTION ( 'NONE',  ( 0.000000000000000000, -0.3420201433256569445, 0.9396926207859126468 ) ) ;
#338 = DIRECTION ( 'NONE',  ( -1.000000000000000000, -0.000000000000000000, -0.000000000000000000 ) ) ;
#339 = ADVANCED_FACE ( 'NONE', ( #9211 ), #6365, .F. ) ;
#340 = FACE_OUTER_BOUND ( 'NONE', #3444, .T. ) ;
#341 = CARTESIAN_POINT ( 'NONE',  ( 5.000000000000006217, -70.03042279760637712, -121.2978000584464837 ) ) ;
#342 = EDGE_CURVE ( 'NONE', #131, #8123, #7336, .T. ) ;
#343 = EDGE_CURVE ( 'NONE', #6109, #72, #5785, .T. ) ;
#344 = DIRECTION ( 'NONE',  ( 0.000000000000000000, -0.3138744235597087373, 0.9494645049895549249 ) ) ;
#345 = EDGE_CURVE ( 'NONE', #8971, #4876, #6171, .T. ) ;
#346 = CARTESIAN_POINT ( 'NONE',  ( 5.000000000000006217, 169.7647994192102772, 5.206971411072930600 ) ) ;
#347 = CARTESIAN_POINT ( 'NONE',  ( 5.000000000000006217, -12.61061916935168981, -170.5896538667299751 ) ) ;
#348 = DIRECTION ( 'NONE',  ( -1.000000000000000000, -0.000000000000000000, -0.000000000000000000 ) ) ;
#349 = EDGE_CURVE ( 'NONE', #3358, #5427, #11453, .T. ) ;
#350 = ORIENTED_EDGE ( 'NONE', *, *, #7392, .T. ) ;
#351 = VERTEX_POINT ( 'NONE', #6555 ) ;
#352 = CARTESIAN_POINT ( 'NONE',  ( -5.000000000000004441, 0.000000000000000000, 0.000000000000000000 ) ) ;
#353 = ORIENTED_EDGE ( 'NONE', *, *, #9971, .T. ) ;
#354 = EDGE_CURVE ( 'NONE', #2886, #3456, #9791, .T. ) ;
#355 = CARTESIAN_POINT ( 'NONE',  ( -5.000000000000004441, 0.000000000000000000, 0.000000000000000000 ) ) ;
#356 = EDGE_CURVE ( 'NONE', #10752, #4282, #3600, .T. ) ;
#357 = CARTESIAN_POINT ( 'NONE',  ( 5.000000000000006217, -138.7852061507327335, -99.99262110727862307 ) ) ;
#358 = FACE_OUTER_BOUND ( 'NONE', #3619, .T. ) ;
#359 = FACE_OUTER_BOUND ( 'NONE', #9103, .T. ) ;
#360 = CARTESIAN_POINT ( 'NONE',  ( 5.000000000000006217, -17.20354699452700231, 170.1878247496343590 ) ) ;
#361 = CARTESIAN_POINT ( 'NONE',  ( 4.999999999999999112, -13.83027240313153250, -78.79545396313069716 ) ) ;
#362 = CARTESIAN_POINT ( 'NONE',  ( 5.000000000000005329, -10.49244089340504971, -139.6062630547011167 ) ) ;
#363 = CARTESIAN_POINT ( 'NONE',  ( 18.00000000000004263, 0.000000000000000000, 80.00000000000000000 ) ) ;
#364 = ORIENTED_EDGE ( 'NONE', *, *, #2060, .F. ) ;
#365 = ORIENTED_EDGE ( 'NONE', *, *, #1056, .T. ) ;
#366 = CARTESIAN_POINT ( 'NONE',  ( 17.89871373514713682, 52.41270754080538552, 13.30799374554347914 ) ) ;
#367 = ORIENTED_EDGE ( 'NONE', *, *, #5119, .T. ) ;
#368 = DIRECTION ( 'NONE',  ( -1.000000000000000000, 0.000000000000000000, 0.000000000000000000 ) ) ;
#369 = EDGE_CURVE ( 'NONE', #125, #3272, #12130, .T. ) ;
#370 = DIRECTION ( 'NONE',  ( 0.000000000000000000, 0.000000000000000000, 1.000000000000000000 ) ) ;
#371 = LINE ( 'NONE', #1585, #2365 ) ;
#372 = CARTESIAN_POINT ( 'NONE',  ( -5.000000000000004441, 0.000000000000000000, 0.000000000000000000 ) ) ;
#373 = EDGE_LOOP ( 'NONE', ( #4567, #11779, #3006 ) ) ;
#374 = FACE_OUTER_BOUND ( 'NONE', #6330, .T. ) ;
#375 = ORIENTED_EDGE ( 'NONE', *, *, #11034, .F. ) ;
#376 = CARTESIAN_POINT ( 'NONE',  ( 17.89914742406216774, 3.539290692160758312, 53.95956556920261704 ) ) ;
#377 = EDGE_LOOP ( 'NONE', ( #9812, #10217, #11532, #3195 ) ) ;
#378 = DIRECTION ( 'NONE',  ( 0.000000000000000000, 0.9396926207859068736, -0.3420201433256728207 ) ) ;
#379 = ORIENTED_EDGE ( 'NONE', *, *, #9177, .F. ) ;
#380 = ORIENTED_EDGE ( 'NONE', *, *, #11618, .F. ) ;
#381 = ADVANCED_FACE ( 'NONE', ( #3856 ), #12620, .T. ) ;
#382 = EDGE_CURVE ( 'NONE', #1771, #2827, #8013, .T. ) ;
#383 = CARTESIAN_POINT ( 'NONE',  ( 5.000000000000006217, -137.9341937727409118, -24.32230672642538138 ) ) ;
#384 = CARTESIAN_POINT ( 'NONE',  ( -30.00000000000000000, 0.000000000000000000, 0.000000000000000000 ) ) ;
#385 = ORIENTED_EDGE ( 'NONE', *, *, #10138, .T. ) ;
#386 = DIRECTION ( 'NONE',  ( 0.000000000000000000, -0.6427876096865299260, 0.7660444431189858960 ) ) ;
#387 = ORIENTED_EDGE ( 'NONE', *, *, #12113, .T. ) ;
#388 = DIRECTION ( 'NONE',  ( 0.000000000000000000, 0.000000000000000000, 1.000000000000000000 ) ) ;
#389 = CARTESIAN_POINT ( 'NONE',  ( 14.99999999999997158, -36.00180665649921963, -41.57968154601532262 ) ) ;
#390 = VERTEX_POINT ( 'NONE', #10678 ) ;
#391 = DIRECTION ( 'NONE',  ( 0.000000000000000000, 0.9396926207859092051, 0.3420201433256662704 ) ) ;
#392 = DIRECTION ( 'NONE',  ( 0.000000000000000000, 0.9791975930924256000, -0.2029090280938739554 ) ) ;
#393 = ADVANCED_FACE ( 'NONE', ( #9651 ), #8760, .T. ) ;
#394 = CYLINDRICAL_SURFACE ( 'NONE', #12162, 100.0000000000001990 ) ;
#395 = CIRCLE ( 'NONE', #2045, 140.0000000000000000 ) ;
#396 = FACE_OUTER_BOUND ( 'NONE', #6949, .T. ) ;
#397 = CARTESIAN_POINT ( 'NONE',  ( -5.000000000000004441, 34.57541031018750033, 135.6633369849134567 ) ) ;
#398 = DIRECTION ( 'NONE',  ( 1.000000000000000000, 0.000000000000000000, 0.000000000000000000 ) ) ;
#399 = FACE_OUTER_BOUND ( 'NONE', #10218, .T. ) ;
#400 = DIRECTION ( 'NONE',  ( -1.000000000000000000, -0.000000000000000000, -0.000000000000000000 ) ) ;
#401 = PERSON_AND_ORGANIZATION ( #2468, #10803 ) ;
#402 = ORIENTED_EDGE ( 'NONE', *, *, #3025, .F. ) ;
#403 = AXIS2_PLACEMENT_3D ( 'NONE', #1784, #8614, #2621 ) ;
#404 = VERTEX_POINT ( 'NONE', #8557 ) ;
#405 = CARTESIAN_POINT ( 'NONE',  ( -25.00000000000000000, 0.000000000000000000, 0.000000000000000000 ) ) ;
#406 = ORIENTED_EDGE ( 'NONE', *, *, #5154, .F. ) ;
#407 = FACE_OUTER_BOUND ( 'NONE', #9206, .T. ) ;
#408 = ADVANCED_FACE ( 'NONE', ( #10482 ), #12424, .T. ) ;
#409 = CC_DESIGN_PERSON_AND_ORGANIZATION_ASSIGNMENT ( #2854, #10654, ( #9559 ) ) ;
#410 = DIRECTION ( 'NONE',  ( -1.000000000000000000, -0.000000000000000000, -0.000000000000000000 ) ) ;
#411 = LINE ( 'NONE', #3313, #6409 ) ;
#412 = TOROIDAL_SURFACE ( 'NONE', #12346, 49.99999999999999289, 4.999999999999997335 ) ;
#413 = CIRCLE ( 'NONE', #2892, 100.0000000000000000 ) ;
#414 = FACE_OUTER_BOUND ( 'NONE', #11464, .T. ) ;
#415 = EDGE_CURVE ( 'NONE', #514, #4107, #9260, .T. ) ;
#416 = EDGE_CURVE ( 'NONE', #10962, #11924, #8682, .T. ) ;
#417 = FACE_OUTER_BOUND ( 'NONE', #8964, .T. ) ;
#418 = CARTESIAN_POINT ( 'NONE',  ( 5.000000000000006217, -154.0402834560585177, -74.37371037525505812 ) ) ;
#419 = CARTESIAN_POINT ( 'NONE',  ( 4.999999999999999112, 65.86485695397729501, -45.40727495051985585 ) ) ;
#420 = DIRECTION ( 'NONE',  ( -1.000000000000000000, 0.000000000000000000, 0.000000000000000000 ) ) ;
#421 = ORIENTED_EDGE ( 'NONE', *, *, #10006, .T. ) ;
#422 = ORIENTED_EDGE ( 'NONE', *, *, #2635, .F. ) ;
#423 = DIRECTION ( 'NONE',  ( -1.000000000000000000, -0.000000000000000000, -0.000000000000000000 ) ) ;
#424 = ORIENTED_EDGE ( 'NONE', *, *, #11132, .T. ) ;
#425 = LINE ( 'NONE', #3328, #243 ) ;
#426 = CIRCLE ( 'NONE', #2474, 99.99999999999998579 ) ;
#427 = CIRCLE ( 'NONE', #1043, 140.0000000000000000 ) ;
#428 = AXIS2_PLACEMENT_3D ( 'NONE', #4728, #12393, #1695 ) ;
#429 = DIRECTION ( 'NONE',  ( 0.000000000000000000, 0.9290865984476447403, -0.3698622616393634210 ) ) ;
#430 = CARTESIAN_POINT ( 'NONE',  ( 5.000000000000006217, -56.97933123133745426, 56.15474879678060205 ) ) ;
#431 = TOROIDAL_SURFACE ( 'NONE', #7226, 39.99999999999999289, 4.999999999999997335 ) ;
#432 = EDGE_CURVE ( 'NONE', #8499, #4618, #9528, .T. ) ;
#433 = VECTOR ( 'NONE', #3680, 1000.000000000000000 ) ;
#434 = DIRECTION ( 'NONE',  ( 0.000000000000000000, 0.4999999999999949485, -0.8660254037844415942 ) ) ;
#435 = ORIENTED_EDGE ( 'NONE', *, *, #8790, .F. ) ;
#436 = DIRECTION ( 'NONE',  ( 0.000000000000000000, 0.000000000000000000, 1.000000000000000000 ) ) ;
#437 = CIRCLE ( 'NONE', #3312, 74.99999999999997158 ) ;
#438 = ORIENTED_EDGE ( 'NONE', *, *, #827, .T. ) ;
#439 = LINE ( 'NONE', #7209, #5585 ) ;
#440 = ORIENTED_EDGE ( 'NONE', *, *, #1121, .T. ) ;
#441 = DIRECTION ( 'NONE',  ( 0.000000000000000000, 0.3420201433256693790, 0.9396926207859080948 ) ) ;
#442 = ORIENTED_EDGE ( 'NONE', *, *, #5840, .T. ) ;
#443 = EDGE_LOOP ( 'NONE', ( #4961, #3865, #10887 ) ) ;
#444 = AXIS2_PLACEMENT_3D ( 'NONE', #2993, #5063, #1962 ) ;
#445 = VECTOR ( 'NONE', #7749, 1000.000000000000000 ) ;
#446 = AXIS2_PLACEMENT_3D ( 'NONE', #10619, #10814, #9712 ) ;
#447 = AXIS2_PLACEMENT_3D ( 'NONE', #2666, #8742, #4733 ) ;
#448 = CARTESIAN_POINT ( 'NONE',  ( 5.000000000000006217, -34.33700186351199335, 72.25628210076391156 ) ) ;
#449 = DIRECTION ( 'NONE',  ( 0.000000000000000000, 0.3698622616393602569, 0.9290865984476459616 ) ) ;
#450 = ADVANCED_FACE ( 'NONE', ( #2682 ), #9717, .T. ) ;
#451 = VERTEX_POINT ( 'NONE', #6753 ) ;
#452 = DIRECTION ( 'NONE',  ( 1.000000000000000000, 0.000000000000000000, 0.000000000000000000 ) ) ;
#453 = VECTOR ( 'NONE', #556, 1000.000000000000000 ) ;
#454 = VECTOR ( 'NONE', #4684, 1000.000000000000000 ) ;
#455 = AXIS2_PLACEMENT_3D ( 'NONE', #11585, #12621, #8683 ) ;
#456 = ORIENTED_EDGE ( 'NONE', *, *, #11320, .F. ) ;
#457 = DIRECTION ( 'NONE',  ( 0.000000000000000000, -0.3420201433256568890, 0.9396926207859127578 ) ) ;
#458 = EDGE_CURVE ( 'NONE', #3881, #5758, #1724, .T. ) ;
#459 = DIRECTION ( 'NONE',  ( -1.000000000000000000, -0.000000000000000000, -0.000000000000000000 ) ) ;
#460 = TOROIDAL_SURFACE ( 'NONE', #2520, 39.99999999999999289, 4.999999999999997335 ) ;
#461 = CIRCLE ( 'NONE', #4174, 100.0000000000000000 ) ;
#462 = VERTEX_POINT ( 'NONE', #7774 ) ;
#463 = ORIENTED_EDGE ( 'NONE', *, *, #1521, .F. ) ;
#464 = CARTESIAN_POINT ( 'NONE',  ( 14.99999999999997158, 0.000000000000000000, 0.000000000000000000 ) ) ;
#465 = PLANE ( 'NONE',  #10364 ) ;
#466 = VECTOR ( 'NONE', #9976, 1000.000000000000000 ) ;
#467 = CYLINDRICAL_SURFACE ( 'NONE', #3114, 54.99999999999999289 ) ;
#468 = AXIS2_PLACEMENT_3D ( 'NONE', #10778, #8637, #12568 ) ;
#469 = CIRCLE ( 'NONE', #1088, 85.00000000000000000 ) ;
#470 = DIRECTION ( 'NONE',  ( -1.000000000000000000, -0.000000000000000000, -0.000000000000000000 ) ) ;
#471 = AXIS2_PLACEMENT_3D ( 'NONE', #12295, #1728, #5592 ) ;
#472 = DIRECTION ( 'NONE',  ( 1.000000000000000000, 0.000000000000000000, 0.000000000000000000 ) ) ;
#473 = VERTEX_POINT ( 'NONE', #5665 ) ;
#474 = DIRECTION ( 'NONE',  ( -1.000000000000000000, -0.000000000000000000, -0.000000000000000000 ) ) ;
#475 = FACE_OUTER_BOUND ( 'NONE', #8941, .T. ) ;
#476 = EDGE_CURVE ( 'NONE', #9409, #7289, #11934, .T. ) ;
#477 = EDGE_LOOP ( 'NONE', ( #4517, #10975, #3815 ) ) ;
#478 = CIRCLE ( 'NONE', #4193, 140.0000000000000000 ) ;
#479 = ORIENTED_EDGE ( 'NONE', *, *, #5547, .T. ) ;
#480 = FACE_OUTER_BOUND ( 'NONE', #1025, .T. ) ;
#481 = ORIENTED_EDGE ( 'NONE', *, *, #5875, .F. ) ;
#482 = VECTOR ( 'NONE', #11780, 1000.000000000000000 ) ;
#483 = FACE_OUTER_BOUND ( 'NONE', #5989, .T. ) ;
#484 = CARTESIAN_POINT ( 'NONE',  ( -5.000000000000004441, 0.000000000000000000, 0.000000000000000000 ) ) ;
#485 = VECTOR ( 'NONE', #7682, 1000.000000000000114 ) ;
#486 = CARTESIAN_POINT ( 'NONE',  ( 5.000000000000006217, -121.2970252097153292, -70.03176487497685798 ) ) ;
#487 = AXIS2_PLACEMENT_3D ( 'NONE', #1634, #8548, #748 ) ;
#488 = AXIS2_PLACEMENT_3D ( 'NONE', #12128, #10997, #11885 ) ;
#489 = CYLINDRICAL_SURFACE ( 'NONE', #522, 100.0000000000001990 ) ;
#490 = CARTESIAN_POINT ( 'NONE',  ( -4.999999999999993783, 24.32230672642583258, -137.9341937727408549 ) ) ;
#491 = DIRECTION ( 'NONE',  ( 0.000000000000000000, -0.1736481776669373811, -0.9848077530122069101 ) ) ;
#492 = ADVANCED_FACE ( 'NONE', ( #5860 ), #6043, .F. ) ;
#493 = CARTESIAN_POINT ( 'NONE',  ( 5.000000000000006217, 138.7852061507327335, 99.99262110727862307 ) ) ;
#494 = CARTESIAN_POINT ( 'NONE',  ( 5.000000000000006217, 79.99997556444867541, 0.06252750026174147546 ) ) ;
#495 = VERTEX_POINT ( 'NONE', #167 ) ;
#496 = VERTEX_POINT ( 'NONE', #6943 ) ;
#497 = CARTESIAN_POINT ( 'NONE',  ( -4.999999999999993783, 141.4296642867068385, -96.21594349147424907 ) ) ;
#498 = ORIENTED_EDGE ( 'NONE', *, *, #10799, .F. ) ;
#499 = LINE ( 'NONE', #3266, #2504 ) ;
#500 = EDGE_CURVE ( 'NONE', #12152, #5615, #1024, .T. ) ;
#501 = EDGE_CURVE ( 'NONE', #12494, #2601, #9519, .T. ) ;
#502 = CARTESIAN_POINT ( 'NONE',  ( 12.99999999999999822, 0.000000000000000000, 140.0000000000000000 ) ) ;
#503 = DIRECTION ( 'NONE',  ( 0.000000000000000000, 0.000000000000000000, 1.000000000000000000 ) ) ;
#504 = AXIS2_PLACEMENT_3D ( 'NONE', #770, #12561, #9666 ) ;
#505 = DIRECTION ( 'NONE',  ( 0.000000000000000000, -0.8507457776495317425, 0.5255774175242818869 ) ) ;
#506 = ORIENTED_EDGE ( 'NONE', *, *, #9332, .F. ) ;
#507 = DIRECTION ( 'NONE',  ( 0.000000000000000000, 0.1736481776669242250, -0.9848077530122091305 ) ) ;
#508 = ADVANCED_FACE ( 'NONE', ( #5970 ), #8023, .T. ) ;
#509 = ORIENTED_EDGE ( 'NONE', *, *, #3518, .T. ) ;
#510 = FACE_OUTER_BOUND ( 'NONE', #10607, .T. ) ;
#511 = ORIENTED_EDGE ( 'NONE', *, *, #2860, .F. ) ;
#512 = CARTESIAN_POINT ( 'NONE',  ( 16.93550458667475667, -28.55208453608867458, -46.55836956004430505 ) ) ;
#513 = EDGE_CURVE ( 'NONE', #11785, #12459, #7909, .T. ) ;
#514 = VERTEX_POINT ( 'NONE', #10930 ) ;
#515 = VERTEX_POINT ( 'NONE', #6107 ) ;
#516 = AXIS2_PLACEMENT_3D ( 'NONE', #7978, #6118, #10052 ) ;
#517 = EDGE_CURVE ( 'NONE', #12727, #7397, #3067, .T. ) ;
#518 = VERTEX_POINT ( 'NONE', #2227 ) ;
#519 = CARTESIAN_POINT ( 'NONE',  ( -4.999999999999993783, 137.9344628748812909, -24.32078057234920365 ) ) ;
#520 = LINE ( 'NONE', #9467, #9564 ) ;
#521 = ORIENTED_EDGE ( 'NONE', *, *, #12465, .F. ) ;
#522 = AXIS2_PLACEMENT_3D ( 'NONE', #5387, #7186, #11119 ) ;
#523 = VERTEX_POINT ( 'NONE', #8953 ) ;
#524 = CARTESIAN_POINT ( 'NONE',  ( -4.999999999999993783, -169.7647994192103340, -5.206971411071736888 ) ) ;
#525 = FACE_OUTER_BOUND ( 'NONE', #11658, .T. ) ;
#526 = EDGE_LOOP ( 'NONE', ( #6250, #9270, #11613 ) ) ;
#527 = ORIENTED_EDGE ( 'NONE', *, *, #2902, .T. ) ;
#528 = CARTESIAN_POINT ( 'NONE',  ( -4.999999999999993783, -10.49922515126862521, -139.7492484617412174 ) ) ;
#529 = DIRECTION ( 'NONE',  ( -1.000000000000000000, -0.000000000000000000, -0.000000000000000000 ) ) ;
#530 = EDGE_CURVE ( 'NONE', #2763, #6970, #2257, .T. ) ;
#531 = CIRCLE ( 'NONE', #1153, 140.0000000000000000 ) ;
#532 = DIRECTION ( 'NONE',  ( 0.000000000000000000, 0.000000000000000000, 1.000000000000000000 ) ) ;
#533 = DIRECTION ( 'NONE',  ( 0.000000000000000000, 0.000000000000000000, 1.000000000000000000 ) ) ;
#534 = DIRECTION ( 'NONE',  ( 0.000000000000000000, 0.000000000000000000, 1.000000000000000000 ) ) ;
#535 = ORIENTED_EDGE ( 'NONE', *, *, #6929, .T. ) ;
#536 = CARTESIAN_POINT ( 'NONE',  ( 35.00000000000000000, 4.286263797015734919E-15, -34.99999999999999289 ) ) ;
#537 = DIRECTION ( 'NONE',  ( 0.000000000000000000, 0.000000000000000000, 1.000000000000000000 ) ) ;
#538 = APPROVAL_ROLE ( '' ) ;
#539 = VERTEX_POINT ( 'NONE', #2103 ) ;
#540 = VERTEX_POINT ( 'NONE', #4048 ) ;
#541 = LINE ( 'NONE', #4608, #232 ) ;
#542 = ORIENTED_EDGE ( 'NONE', *, *, #2011, .T. ) ;
#543 = DIRECTION ( 'NONE',  ( 0.000000000000000000, 0.8805362840562102056, 0.4739787468447093088 ) ) ;
#544 = EDGE_CURVE ( 'NONE', #6401, #7654, #12339, .T. ) ;
#545 = EDGE_CURVE ( 'NONE', #2014, #5869, #9064, .T. ) ;
#546 = CARTESIAN_POINT ( 'NONE',  ( 5.000000000000006217, 70.03176487497729852, -121.2970252097150876 ) ) ;
#547 = DIRECTION ( 'NONE',  ( -1.000000000000000000, -0.000000000000000000, -0.000000000000000000 ) ) ;
#548 = PLANE ( 'NONE',  #6077 ) ;
#549 = CARTESIAN_POINT ( 'NONE',  ( 5.000000000000006217, -89.39176922837225447, 144.4171432598701870 ) ) ;
#550 = DIRECTION ( 'NONE',  ( 0.000000000000000000, -0.4999999999999888978, 0.8660254037844450359 ) ) ;
#551 = DIRECTION ( 'NONE',  ( 0.000000000000000000, 0.000000000000000000, 1.000000000000000000 ) ) ;
#552 = CARTESIAN_POINT ( 'NONE',  ( -5.114781143614987258, 50.15611451369984053, 19.75524637068520661 ) ) ;
#553 = ORIENTED_EDGE ( 'NONE', *, *, #8868, .T. ) ;
#554 = LINE ( 'NONE', #12344, #1613 ) ;
#555 = ORIENTED_EDGE ( 'NONE', *, *, #11350, .T. ) ;
#556 = DIRECTION ( 'NONE',  ( -1.000000000000000000, -0.000000000000000000, -0.000000000000000000 ) ) ;
#557 = EDGE_CURVE ( 'NONE', #5748, #12303, #10699, .T. ) ;
#558 = LINE ( 'NONE', #4630, #6620 ) ;
#559 = DIRECTION ( 'NONE',  ( 1.000000000000000000, 0.000000000000000000, 0.000000000000000000 ) ) ;
#560 = DIRECTION ( 'NONE',  ( 0.000000000000000000, 0.9290865984476447403, -0.3698622616393634210 ) ) ;
#561 = ORIENTED_EDGE ( 'NONE', *, *, #7216, .T. ) ;
#562 = PLANE ( 'NONE',  #10973 ) ;
#563 = ORIENTED_EDGE ( 'NONE', *, *, #10952, .F. ) ;
#564 = CARTESIAN_POINT ( 'NONE',  ( -4.999999999999990230, 132.9250306985382508, 43.94241929835793314 ) ) ;
#565 = ORIENTED_EDGE ( 'NONE', *, *, #123, .F. ) ;
#566 = B_SPLINE_CURVE_WITH_KNOTS ( 'NONE', 3,
 ( #1476, #4458, #7404, #10497, #9279, #4393, #8510, #3354, #7293, #7540, #5425, #2511, #10384, #1548, #6517, #10443, #5489, #1663, #10250, #4509, #11228, #3544 ),
 .UNSPECIFIED., .F., .F.,
 ( 4, 2, 2, 2, 2, 2, 2, 2, 2, 2, 4 ),
 ( 1.971579220154849328E-07, 0.0009062008378964336777, 0.001359202677883642558, 0.001812204517870851872, 0.002265206357858061403, 0.002718208197845269850, 0.003624211877819673733, 0.004530215557794078050, 0.005436219237768481934, 0.006342222917742886684, 0.007248226597717291435 ),
 .UNSPECIFIED. ) ;
#567 = VERTEX_POINT ( 'NONE', #8098 ) ;
#568 = CARTESIAN_POINT ( 'NONE',  ( 5.000000000000004441, 4.170670896935432026, 139.9378630116576403 ) ) ;
#569 = ORIENTED_EDGE ( 'NONE', *, *, #8449, .T. ) ;
#570 = ORIENTED_EDGE ( 'NONE', *, *, #7977, .T. ) ;
#571 = EDGE_CURVE ( 'NONE', #3685, #4989, #6889, .T. ) ;
#572 = ORIENTED_EDGE ( 'NONE', *, *, #10648, .T. ) ;
#573 = CC_DESIGN_DATE_AND_TIME_ASSIGNMENT ( #9377, #12270, ( #179 ) ) ;
#574 = DIRECTION ( 'NONE',  ( -1.000000000000000000, -0.000000000000000000, -0.000000000000000000 ) ) ;
#575 = EDGE_CURVE ( 'NONE', #2837, #1797, #5917, .T. ) ;
#576 = DIRECTION ( 'NONE',  ( 0.000000000000000000, -0.8412165803726511237, -0.5406983122834239097 ) ) ;
#577 = ORIENTED_EDGE ( 'NONE', *, *, #8347, .T. ) ;
#578 = EDGE_CURVE ( 'NONE', #7739, #9414, #8431, .T. ) ;
#579 = ORIENTED_EDGE ( 'NONE', *, *, #4488, .T. ) ;
#580 = EDGE_CURVE ( 'NONE', #10102, #567, #10355, .T. ) ;
#581 = DIRECTION ( 'NONE',  ( 0.000000000000000000, -0.7660444431189706860, 0.6427876096865479116 ) ) ;
#582 = DIRECTION ( 'NONE',  ( 0.000000000000000000, 0.6427876096865404731, 0.7660444431189770143 ) ) ;
#583 = ORIENTED_EDGE ( 'NONE', *, *, #500, .F. ) ;
#584 = ORIENTED_EDGE ( 'NONE', *, *, #1625, .T. ) ;
#585 = DIRECTION ( 'NONE',  ( 0.000000000000000000, 0.9919634625682273166, -0.1265246573978890121 ) ) ;
#586 = FACE_OUTER_BOUND ( 'NONE', #3430, .T. ) ;
#587 = CARTESIAN_POINT ( 'NONE',  ( -4.999999999999993783, -107.2943586208334068, 90.02964525296296472 ) ) ;
#588 = VECTOR ( 'NONE', #3594, 1000.000000000000000 ) ;
#589 = PLANE ( 'NONE',  #8980 ) ;
#590 = EDGE_LOOP ( 'NONE', ( #10516, #2458, #8568 ) ) ;
#591 = ADVANCED_FACE ( 'NONE', ( #417 ), #3450, .F. ) ;
#592 = DIRECTION ( 'NONE',  ( 0.000000000000000000, 0.1736481776669307198, 0.9848077530122080203 ) ) ;
#593 = DIRECTION ( 'NONE',  ( 0.000000000000000000, -0.2968551111398058939, -0.9549225324549492910 ) ) ;
#594 = COORDINATED_UNIVERSAL_TIME_OFFSET ( 5, 30, .AHEAD. ) ;
#595 = ORIENTED_EDGE ( 'NONE', *, *, #2320, .T. ) ;
#596 = ORIENTED_EDGE ( 'NONE', *, *, #4217, .F. ) ;
#597 = LINE ( 'NONE', #3690, #2491 ) ;
#598 = ORIENTED_EDGE ( 'NONE', *, *, #12148, .T. ) ;
#599 = FACE_OUTER_BOUND ( 'NONE', #6197, .T. ) ;
#600 = CARTESIAN_POINT ( 'NONE',  ( -34.99999999999996447, 9.797174393178826052E-15, -80.00000000000000000 ) ) ;
#601 = CARTESIAN_POINT ( 'NONE',  ( -4.999999999999993783, -100.3053633756250065, 97.87195845839775643 ) ) ;
#602 = VERTEX_POINT ( 'NONE', #11257 ) ;
#603 = DIRECTION ( 'NONE',  ( 1.000000000000000000, 0.000000000000000000, 0.000000000000000000 ) ) ;
#604 = EDGE_CURVE ( 'NONE', #9476, #854, #11519, .T. ) ;
#605 = CARTESIAN_POINT ( 'NONE',  ( -4.999999999999993783, 17.20354699452819602, -170.1878247496342738 ) ) ;
#606 = DIRECTION ( 'NONE',  ( -1.000000000000000000, 0.000000000000000000, -0.000000000000000000 ) ) ;
#607 = CARTESIAN_POINT ( 'NONE',  ( 5.000000000000006217, 121.2978000584466969, -70.03042279760595079 ) ) ;
#608 = CARTESIAN_POINT ( 'NONE',  ( -5.276126430489413544, 51.35354158929651902, 14.46898891484601535 ) ) ;
#609 = EDGE_CURVE ( 'NONE', #4051, #6121, #6351, .T. ) ;
#610 = ORIENTED_EDGE ( 'NONE', *, *, #8549, .T. ) ;
#611 = PLANE ( 'NONE',  #12743 ) ;
#612 = CARTESIAN_POINT ( 'NONE',  ( 5.000000000000006217, 133.3943579393234984, -105.1339381126573471 ) ) ;
#613 = AXIS2_PLACEMENT_3D ( 'NONE', #3844, #2810, #4546 ) ;
#614 = LINE ( 'NONE', #2489, #7435 ) ;
#615 = AXIS2_PLACEMENT_3D ( 'NONE', #9685, #1759, #10713 ) ;
#616 = ADVANCED_BREP_SHAPE_REPRESENTATION ( 'disk-1', ( #3564, #6062 ), #9978 ) ;
#617 = CARTESIAN_POINT ( 'NONE',  ( -5.372799795925571331, 30.27302250761877289, -43.63197102402870797 ) ) ;
#618 = CARTESIAN_POINT ( 'NONE',  ( -4.999999999999990230, 130.0721237826705021, -51.78071662951046505 ) ) ;
#619 = ORIENTED_EDGE ( 'NONE', *, *, #2256, .T. ) ;
#620 = DIRECTION ( 'NONE',  ( -1.000000000000000000, -0.000000000000000000, -0.000000000000000000 ) ) ;
#621 = CARTESIAN_POINT ( 'NONE',  ( 59.79898987322338400, 35.26711513754881366, -48.54101966249653799 ) ) ;
#622 = ORIENTED_EDGE ( 'NONE', *, *, #11653, .T. ) ;
#623 = DIRECTION ( 'NONE',  ( 0.000000000000000000, 0.9396926207859068736, -0.3420201433256726542 ) ) ;
#624 = CIRCLE ( 'NONE', #1041, 100.0000000000000000 ) ;
#625 = ORIENTED_EDGE ( 'NONE', *, *, #2117, .F. ) ;
#626 = ADVANCED_FACE ( 'NONE', ( #5276 ), #3315, .T. ) ;
#627 = ORIENTED_EDGE ( 'NONE', *, *, #11769, .F. ) ;
#628 = DIRECTION ( 'NONE',  ( 1.000000000000000000, 0.000000000000000000, 0.000000000000000000 ) ) ;
#629 = AXIS2_PLACEMENT_3D ( 'NONE', #7807, #11743, #2013 ) ;
#630 = VERTEX_POINT ( 'NONE', #7324 ) ;
#631 = ORIENTED_EDGE ( 'NONE', *, *, #8144, .F. ) ;
#632 = ORIENTED_EDGE ( 'NONE', *, *, #3820, .T. ) ;
#633 = VECTOR ( 'NONE', #1317, 1000.000000000000000 ) ;
#634 = AXIS2_PLACEMENT_3D ( 'NONE', #12379, #9560, #9678 ) ;
#635 = CARTESIAN_POINT ( 'NONE',  ( 5.000000000000006217, 90.03083239009245631, -107.2933624945058710 ) ) ;
#636 = VECTOR ( 'NONE', #8403, 1000.000000000000000 ) ;
#637 = CARTESIAN_POINT ( 'NONE',  ( 4.999999999999997335, 35.26711513754881366, -48.54101966249653799 ) ) ;
#638 = VERTEX_POINT ( 'NONE', #10415 ) ;
#639 = CARTESIAN_POINT ( 'NONE',  ( -4.999999999999993783, -13.83027240313153250, -78.79545396313069716 ) ) ;
#640 = VERTEX_POINT ( 'NONE', #490 ) ;
#641 = CARTESIAN_POINT ( 'NONE',  ( -30.00000000000000000, 5.817072295949925059E-15, -44.99999999999995737 ) ) ;
#642 = EDGE_CURVE ( 'NONE', #5911, #7160, #8222, .T. ) ;
#643 = LINE ( 'NONE', #3428, #9321 ) ;
#644 = ORIENTED_EDGE ( 'NONE', *, *, #9988, .F. ) ;
#645 = VECTOR ( 'NONE', #12723, 1000.000000000000114 ) ;
#646 = ORIENTED_EDGE ( 'NONE', *, *, #4853, .F. ) ;
#647 = AXIS2_PLACEMENT_3D ( 'NONE', #9637, #12599, #2864 ) ;
#648 = DIRECTION ( 'NONE',  ( -1.000000000000000000, -0.000000000000000000, -0.000000000000000000 ) ) ;
#649 = PLANE ( 'NONE',  #634 ) ;
#650 = EDGE_CURVE ( 'NONE', #3730, #1717, #2877, .T. ) ;
#651 = ADVANCED_FACE ( 'NONE', ( #5459 ), #10282, .F. ) ;
#652 = LINE ( 'NONE', #9561, #12617 ) ;
#653 = CIRCLE ( 'NONE', #5195, 140.0000000000000000 ) ;
#654 = VECTOR ( 'NONE', #12143, 1000.000000000000000 ) ;
#655 = AXIS2_PLACEMENT_3D ( 'NONE', #5764, #5570, #3694 ) ;
#656 = AXIS2_PLACEMENT_3D ( 'NONE', #11525, #10579, #4583 ) ;
#657 = CARTESIAN_POINT ( 'NONE',  ( -5.000000000000004441, 0.000000000000000000, 0.000000000000000000 ) ) ;
#658 = VERTEX_POINT ( 'NONE', #302 ) ;
#659 = LINE ( 'NONE', #11542, #9481 ) ;
#660 = DIRECTION ( 'NONE',  ( -1.000000000000000000, -0.000000000000000000, -0.000000000000000000 ) ) ;
#661 = DIRECTION ( 'NONE',  ( 1.000000000000000000, 0.000000000000000000, 0.000000000000000000 ) ) ;
#662 = ORIENTED_EDGE ( 'NONE', *, *, #9632, .F. ) ;
#663 = VERTEX_POINT ( 'NONE', #4237 ) ;
#664 = CARTESIAN_POINT ( 'NONE',  ( -35.00000000000000000, 9.184850993605148733E-15, -75.00000000000000000 ) ) ;
#665 = VERTEX_POINT ( 'NONE', #1516 ) ;
#666 = CIRCLE ( 'NONE', #3972, 100.0000000000001990 ) ;
#667 = AXIS2_PLACEMENT_3D ( 'NONE', #9704, #7999, #4822 ) ;
#668 = CIRCLE ( 'NONE', #11540, 100.0000000000002132 ) ;
#669 = CARTESIAN_POINT ( 'NONE',  ( -4.999999999999993783, -161.3076183917391688, 53.17002841738447927 ) ) ;
#670 = CIRCLE ( 'NONE', #8715, 6.999999999999999112 ) ;
#671 = VECTOR ( 'NONE', #9024, 1000.000000000000000 ) ;
#672 = ADVANCED_FACE ( 'NONE', ( #1385 ), #12223, .F. ) ;
#673 = CARTESIAN_POINT ( 'NONE',  ( 5.000000000000006217, 122.5733066456637772, -119.3132105852207872 ) ) ;
#674 = FACE_OUTER_BOUND ( 'NONE', #9244, .T. ) ;
#675 = ORIENTED_EDGE ( 'NONE', *, *, #9508, .T. ) ;
#676 = DIRECTION ( 'NONE',  ( -1.000000000000000000, -0.000000000000000000, -0.000000000000000000 ) ) ;
#677 = AXIS2_PLACEMENT_3D ( 'NONE', #2077, #5836, #2152 ) ;
#678 = AXIS2_PLACEMENT_3D ( 'NONE', #3469, #7398, #8427 ) ;
#679 = VECTOR ( 'NONE', #4202, 1000.000000000000114 ) ;
#680 = FACE_OUTER_BOUND ( 'NONE', #33, .T. ) ;
#681 = DIRECTION ( 'NONE',  ( 0.000000000000000000, -0.5000000000000069944, -0.8660254037844344888 ) ) ;
#682 = CARTESIAN_POINT ( 'NONE',  ( 14.99999999999997158, -36.00180665649921963, -41.57968154601532262 ) ) ;
#683 = AXIS2_PLACEMENT_3D ( 'NONE', #3602, #620, #7529 ) ;
#684 = CARTESIAN_POINT ( 'NONE',  ( -5.114424864038530139, 52.19183764305588369, 13.49631108263327839 ) ) ;
#685 = ORIENTED_EDGE ( 'NONE', *, *, #6777, .T. ) ;
#686 = CARTESIAN_POINT ( 'NONE',  ( 5.000000000000006217, -69.31327489107742679, 39.94583737856309114 ) ) ;
#687 = CARTESIAN_POINT ( 'NONE',  ( 5.000000000000006217, -157.7458401751243571, -62.95593364063918784 ) ) ;
#688 = AXIS2_PLACEMENT_3D ( 'NONE', #7490, #10587, #1751 ) ;
#689 = EDGE_CURVE ( 'NONE', #4920, #761, #4315, .T. ) ;
#690 = AXIS2_PLACEMENT_3D ( 'NONE', #2421, #2295, #8102 ) ;
#691 = CIRCLE ( 'NONE', #5642, 140.0000000000000000 ) ;
#692 = CARTESIAN_POINT ( 'NONE',  ( 5.000000000000004441, 0.000000000000000000, 0.000000000000000000 ) ) ;
#693 = EDGE_CURVE ( 'NONE', #1554, #1502, #7610, .T. ) ;
#694 = DIRECTION ( 'NONE',  ( 0.000000000000000000, 0.000000000000000000, 1.000000000000000000 ) ) ;
#695 = CARTESIAN_POINT ( 'NONE',  ( 5.000000000000006217, -47.90481762191804194, 131.6151391931837509 ) ) ;
#696 = CARTESIAN_POINT ( 'NONE',  ( -30.00000000000000000, 0.000000000000000000, 44.99999999999995737 ) ) ;
#697 = VERTEX_POINT ( 'NONE', #4484 ) ;
#698 = DIRECTION ( 'NONE',  ( -1.000000000000000000, 0.000000000000000000, 0.000000000000000000 ) ) ;
#699 = DIRECTION ( 'NONE',  ( 0.000000000000000000, 0.1736481776669242250, -0.9848077530122091305 ) ) ;
#700 = ORIENTED_EDGE ( 'NONE', *, *, #7177, .T. ) ;
#701 = DIRECTION ( 'NONE',  ( 0.000000000000000000, -0.7848534137046806469, -0.6196814657516468428 ) ) ;
#702 = ORIENTED_EDGE ( 'NONE', *, *, #12156, .T. ) ;
#703 = DIRECTION ( 'NONE',  ( -1.000000000000000000, 0.000000000000000000, 0.000000000000000000 ) ) ;
#704 = CIRCLE ( 'NONE', #5035, 100.0000000000000142 ) ;
#705 = VERTEX_POINT ( 'NONE', #8407 ) ;
#706 = VERTEX_POINT ( 'NONE', #3258 ) ;
#707 = EDGE_CURVE ( 'NONE', #4667, #6342, #6179, .T. ) ;
#708 = VERTEX_POINT ( 'NONE', #2291 ) ;
#709 = VECTOR ( 'NONE', #5544, 1000.000000000000000 ) ;
#710 = EDGE_CURVE ( 'NONE', #11847, #12375, #8652, .T. ) ;
#711 = CARTESIAN_POINT ( 'NONE',  ( 5.000000000000006217, 168.0898717532973023, -24.35148223580033289 ) ) ;
#712 = LINE ( 'NONE', #6834, #10593 ) ;
#713 = ORIENTED_EDGE ( 'NONE', *, *, #1677, .T. ) ;
#714 = CARTESIAN_POINT ( 'NONE',  ( -87.20833333333341386, 3.673940397442058389E-15, -29.99999999999999289 ) ) ;
#715 = ORIENTED_EDGE ( 'NONE', *, *, #10478, .F. ) ;
#716 = DIRECTION ( 'NONE',  ( 1.000000000000000000, 0.000000000000000000, 0.000000000000000000 ) ) ;
#717 = LINE ( 'NONE', #10583, #7871 ) ;
#718 = AXIS2_PLACEMENT_3D ( 'NONE', #1396, #7277, #3519 ) ;
#719 = ORIENTED_EDGE ( 'NONE', *, *, #9318, .F. ) ;
#720 = EDGE_LOOP ( 'NONE', ( #7411, #12597, #2465, #4378 ) ) ;
#721 = CARTESIAN_POINT ( 'NONE',  ( -4.999999999999993783, 0.0007748487313753557506, -140.0621876725833772 ) ) ;
#722 = CARTESIAN_POINT ( 'NONE',  ( -12.99999999999999822, 0.000000000000000000, 0.000000000000000000 ) ) ;
#723 = ADVANCED_FACE ( 'NONE', ( #6300 ), #10226, .F. ) ;
#724 = CARTESIAN_POINT ( 'NONE',  ( 5.000000000000004441, 130.0721237826704737, -51.78071662951045795 ) ) ;
#725 = AXIS2_PLACEMENT_3D ( 'NONE', #8857, #7890, #9234 ) ;
#726 = FACE_OUTER_BOUND ( 'NONE', #327, .T. ) ;
#727 = VERTEX_POINT ( 'NONE', #6687 ) ;
#728 = CARTESIAN_POINT ( 'NONE',  ( 5.000000000000006217, -12.61061916935168981, -170.5896538667299751 ) ) ;
#729 = DIRECTION ( 'NONE',  ( 0.000000000000000000, 0.4739787468447061447, -0.8805362840562118709 ) ) ;
#730 = EDGE_LOOP ( 'NONE', ( #10203, #11699, #10687, #4503, #5637, #11045 ) ) ;
#731 = EDGE_CURVE ( 'NONE', #10102, #8837, #9679, .T. ) ;
#732 = ORIENTED_EDGE ( 'NONE', *, *, #693, .F. ) ;
#733 = DIRECTION ( 'NONE',  ( -1.000000000000000000, -0.000000000000000000, -0.000000000000000000 ) ) ;
#734 = VERTEX_POINT ( 'NONE', #6798 ) ;
#735 = AXIS2_PLACEMENT_3D ( 'NONE', #2793, #3628, #11355 ) ;
#736 = DIRECTION ( 'NONE',  ( 0.000000000000000000, 0.5406983122834269073, -0.8412165803726492364 ) ) ;
#737 = EDGE_CURVE ( 'NONE', #7929, #11375, #2610, .T. ) ;
#738 = DIRECTION ( 'NONE',  ( 0.000000000000000000, 0.000000000000000000, 1.000000000000000000 ) ) ;
#739 = EDGE_CURVE ( 'NONE', #1848, #6317, #6378, .T. ) ;
#740 = DIRECTION ( 'NONE',  ( -1.000000000000000000, -0.000000000000000000, -0.000000000000000000 ) ) ;
#741 = ORIENTED_EDGE ( 'NONE', *, *, #1683, .F. ) ;
#742 = EDGE_CURVE ( 'NONE', #1764, #2767, #1576, .T. ) ;
#743 = CARTESIAN_POINT ( 'NONE',  ( 5.000000000000006217, 154.0402834560579777, 74.37371037525610973 ) ) ;
#744 = DIRECTION ( 'NONE',  ( 0.000000000000000000, 0.000000000000000000, 1.000000000000000000 ) ) ;
#745 = DIRECTION ( 'NONE',  ( -1.000000000000000000, 0.000000000000000000, 0.000000000000000000 ) ) ;
#746 = DIRECTION ( 'NONE',  ( -1.000000000000000000, 0.000000000000000000, 0.000000000000000000 ) ) ;
#747 = DIRECTION ( 'NONE',  ( -1.000000000000000000, -0.000000000000000000, 0.000000000000000000 ) ) ;
#748 = DIRECTION ( 'NONE',  ( 0.000000000000000000, -0.8660254037844432595, -0.4999999999999919509 ) ) ;
#749 = EDGE_CURVE ( 'NONE', #11878, #2690, #3093, .T. ) ;
#750 = ADVANCED_FACE ( 'NONE', ( #8746 ), #412, .F. ) ;
#751 = ORIENTED_EDGE ( 'NONE', *, *, #12156, .F. ) ;
#752 = DIRECTION ( 'NONE',  ( -1.000000000000000000, 0.000000000000000000, 0.000000000000000000 ) ) ;
#753 = PLANE ( 'NONE',  #2526 ) ;
#754 = DIRECTION ( 'NONE',  ( -1.000000000000000000, -0.000000000000000000, -0.000000000000000000 ) ) ;
#755 = CARTESIAN_POINT ( 'NONE',  ( 4.999999999999999112, 72.74911232729596122, -33.28012403207775094 ) ) ;
#756 = DIRECTION ( 'NONE',  ( -1.000000000000000000, -0.000000000000000000, -0.000000000000000000 ) ) ;
#757 = CARTESIAN_POINT ( 'NONE',  ( 15.00000000000000355, 4.898587196589412237E-15, -39.99999999999999289 ) ) ;
#758 = ORIENTED_EDGE ( 'NONE', *, *, #1795, .F. ) ;
#759 = FACE_OUTER_BOUND ( 'NONE', #12288, .T. ) ;
#760 = CARTESIAN_POINT ( 'NONE',  ( 5.000000000000006217, 170.5896538667300604, -12.61061916935111960 ) ) ;
#761 = VERTEX_POINT ( 'NONE', #8600 ) ;
#762 = ADVANCED_FACE ( 'NONE', ( #1830 ), #12528, .F. ) ;
#763 = LINE ( 'NONE', #12549, #6200 ) ;
#764 = ORIENTED_EDGE ( 'NONE', *, *, #8692, .F. ) ;
#765 = DIRECTION ( 'NONE',  ( 0.000000000000000000, 0.000000000000000000, 1.000000000000000000 ) ) ;
#766 = ORIENTED_EDGE ( 'NONE', *, *, #11232, .F. ) ;
#767 = VERTEX_POINT ( 'NONE', #4737 ) ;
#768 = PLANE ( 'NONE',  #5602 ) ;
#769 = DIRECTION ( 'NONE',  ( 0.000000000000000000, 0.6653231695327163076, 0.7465554768956829124 ) ) ;
#770 = CARTESIAN_POINT ( 'NONE',  ( -4.999999999999993783, -70.19520364235647492, -155.9887531452612848 ) ) ;
#771 = ORIENTED_EDGE ( 'NONE', *, *, #9864, .F. ) ;
#772 = CARTESIAN_POINT ( 'NONE',  ( -4.999999999999993783, 113.1114811425205318, -126.7004045252644318 ) ) ;
#773 = ORIENTED_EDGE ( 'NONE', *, *, #6888, .F. ) ;
#774 = EDGE_CURVE ( 'NONE', #2279, #7331, #9439, .T. ) ;
#775 = DIRECTION ( 'NONE',  ( -1.000000000000000000, 0.000000000000000000, 0.000000000000000000 ) ) ;
#776 = CARTESIAN_POINT ( 'NONE',  ( -4.999999999999993783, 155.9887531452615690, -70.19520364235592069 ) ) ;
#777 = VERTEX_POINT ( 'NONE', #1630 ) ;
#778 = ORIENTED_EDGE ( 'NONE', *, *, #4168, .T. ) ;
#779 = EDGE_CURVE ( 'NONE', #4854, #8831, #1232, .T. ) ;
#780 = DIRECTION ( 'NONE',  ( -1.000000000000000000, -0.000000000000000000, -0.000000000000000000 ) ) ;
#781 = CARTESIAN_POINT ( 'NONE',  ( 5.000000000000006217, -169.7647994192103340, -5.206971411071736888 ) ) ;
#782 = CARTESIAN_POINT ( 'NONE',  ( 5.000000000000004441, -66.35702455825845902, 123.2750797678699115 ) ) ;
#783 = FACE_OUTER_BOUND ( 'NONE', #7023, .T. ) ;
#784 = ORIENTED_EDGE ( 'NONE', *, *, #153, .T. ) ;
#785 = CARTESIAN_POINT ( 'NONE',  ( -4.999999999999993783, 77.12110461681417917, 21.26817393859670702 ) ) ;
#786 = CARTESIAN_POINT ( 'NONE',  ( 5.000000000000006217, -121.2970252097153292, -70.03176487497685798 ) ) ;
#787 = DATE_AND_TIME ( #3890, #2358 ) ;
#788 = ORIENTED_EDGE ( 'NONE', *, *, #4752, .T. ) ;
#789 = EDGE_CURVE ( 'NONE', #3491, #10878, #5564, .T. ) ;
#790 = ORIENTED_EDGE ( 'NONE', *, *, #11622, .F. ) ;
#791 = DIRECTION ( 'NONE',  ( -1.000000000000000000, -0.000000000000000000, 0.000000000000000000 ) ) ;
#792 = ORIENTED_EDGE ( 'NONE', *, *, #3352, .F. ) ;
#793 = CARTESIAN_POINT ( 'NONE',  ( -5.000000000000004441, -34.57541031018660505, -135.6633369849136841 ) ) ;
#794 = AXIS2_PLACEMENT_3D ( 'NONE', #10421, #752, #10674 ) ;
#795 = PLANE ( 'NONE',  #8478 ) ;
#796 = CARTESIAN_POINT ( 'NONE',  ( -5.000000000000004441, 0.000000000000000000, 0.000000000000000000 ) ) ;
#797 = VERTEX_POINT ( 'NONE', #867 ) ;
#798 = CYLINDRICAL_SURFACE ( 'NONE', #8975, 80.00000000000000000 ) ;
#799 = CARTESIAN_POINT ( 'NONE',  ( -5.000000000000004441, 100.2001910360111765, -97.77485216734858398 ) ) ;
#800 = DIRECTION ( 'NONE',  ( -1.000000000000000000, -0.000000000000000000, -0.000000000000000000 ) ) ;
#801 = PLANE ( 'NONE',  #2735 ) ;
#802 = CARTESIAN_POINT ( 'NONE',  ( -12.99999999999999822, 85.00000000000002842, 0.000000000000000000 ) ) ;
#803 = CARTESIAN_POINT ( 'NONE',  ( -5.393330548731762875, 50.71828123713888203, 15.57689124769489375 ) ) ;
#804 = AXIS2_PLACEMENT_3D ( 'NONE', #64, #1156, #2187 ) ;
#805 = ADVANCED_FACE ( 'NONE', ( #680 ), #11640, .F. ) ;
#806 = EDGE_LOOP ( 'NONE', ( #11715, #7400, #511 ) ) ;
#807 = DIRECTION ( 'NONE',  ( 0.000000000000000000, -0.9848077530122063550, 0.1736481776669404620 ) ) ;
#808 = DIRECTION ( 'NONE',  ( 0.000000000000000000, -0.9549225324549471816, 0.2968551111398125553 ) ) ;
#809 = DIRECTION ( 'NONE',  ( 1.000000000000000000, 0.000000000000000000, 0.000000000000000000 ) ) ;
#810 = EDGE_CURVE ( 'NONE', #515, #2709, #5575, .T. ) ;
#811 = EDGE_CURVE ( 'NONE', #11340, #4478, #9509, .T. ) ;
#812 = AXIS2_PLACEMENT_3D ( 'NONE', #887, #756, #4633 ) ;
#813 = CARTESIAN_POINT ( 'NONE',  ( 4.999999999999999112, -21.26817393859590410, 77.12110461681442075 ) ) ;
#814 = DIRECTION ( 'NONE',  ( 0.000000000000000000, -0.9494645049895570343, -0.3138744235597024645 ) ) ;
#815 = CARTESIAN_POINT ( 'NONE',  ( 5.000000000000004441, 0.000000000000000000, 0.000000000000000000 ) ) ;
#816 = ORIENTED_EDGE ( 'NONE', *, *, #2869, .T. ) ;
#817 = CARTESIAN_POINT ( 'NONE',  ( 5.000000000000004441, 66.35702455825931168, -123.2750797678694425 ) ) ;
#818 = DIRECTION ( 'NONE',  ( -1.000000000000000000, -0.000000000000000000, -0.000000000000000000 ) ) ;
#819 = VERTEX_POINT ( 'NONE', #11694 ) ;
#820 = ORIENTED_EDGE ( 'NONE', *, *, #2428, .T. ) ;
#821 = CARTESIAN_POINT ( 'NONE',  ( -4.999999999999990230, 0.000000000000000000, 0.000000000000000000 ) ) ;
#822 = ORIENTED_EDGE ( 'NONE', *, *, #20, .T. ) ;
#823 = ORIENTED_EDGE ( 'NONE', *, *, #10046, .T. ) ;
#824 = DIRECTION ( 'NONE',  ( 0.000000000000000000, -0.2029090280938773416, -0.9791975930924249338 ) ) ;
#825 = VECTOR ( 'NONE', #7763, 1000.000000000000000 ) ;
#826 = ORIENTED_EDGE ( 'NONE', *, *, #6, .T. ) ;
#827 = EDGE_CURVE ( 'NONE', #7790, #3274, #3496, .T. ) ;
#828 = DIRECTION ( 'NONE',  ( -1.000000000000000000, 0.000000000000000000, 0.000000000000000000 ) ) ;
#829 = CARTESIAN_POINT ( 'NONE',  ( -4.999999999999993783, 80.37303019083840638, 149.6241146709413385 ) ) ;
#830 = VECTOR ( 'NONE', #5959, 1000.000000000000000 ) ;
#831 = VERTEX_POINT ( 'NONE', #3588 ) ;
#832 = EDGE_LOOP ( 'NONE', ( #5922, #11850 ) ) ;
#833 = PLANE ( 'NONE',  #8489 ) ;
#834 = CIRCLE ( 'NONE', #1439, 100.0000000000002416 ) ;
#835 = ORIENTED_EDGE ( 'NONE', *, *, #432, .F. ) ;
#836 = DIRECTION ( 'NONE',  ( 1.000000000000000000, 0.000000000000000000, 0.000000000000000000 ) ) ;
#837 = DIRECTION ( 'NONE',  ( 0.000000000000000000, -0.9223278869090055787, -0.3864081637724141038 ) ) ;
#838 = EDGE_LOOP ( 'NONE', ( #6069, #12447, #8551 ) ) ;
#839 = VERTEX_POINT ( 'NONE', #8545 ) ;
#840 = CYLINDRICAL_SURFACE ( 'NONE', #6873, 100.0000000000001990 ) ;
#841 = CIRCLE ( 'NONE', #8037, 55.00000000000002842 ) ;
#842 = CIRCLE ( 'NONE', #3516, 100.0000000000002132 ) ;
#843 = CARTESIAN_POINT ( 'NONE',  ( -4.999999999999993783, -65.86485695397701079, 45.40727495052029639 ) ) ;
#844 = ADVANCED_FACE ( 'NONE', ( #12473 ), #3643, .F. ) ;
#845 = CARTESIAN_POINT ( 'NONE',  ( 5.000000000000006217, 170.5896538667300604, -12.61061916935111960 ) ) ;
#846 = EDGE_CURVE ( 'NONE', #12117, #65, #2266, .T. ) ;
#847 = CARTESIAN_POINT ( 'NONE',  ( -4.999999999999993783, -69.25074739081624386, -40.05413818588575481 ) ) ;
#848 = ORIENTED_EDGE ( 'NONE', *, *, #7345, .T. ) ;
#849 = CARTESIAN_POINT ( 'NONE',  ( -4.999999999999993783, -60.78202852981873150, 126.2760119032859336 ) ) ;
#850 = CIRCLE ( 'NONE', #7422, 140.0000000000000000 ) ;
#851 = CARTESIAN_POINT ( 'NONE',  ( -24.99999999999996803, 0.000000000000000000, 0.000000000000000000 ) ) ;
#852 = APPROVAL_DATE_TIME ( #985, #2862 ) ;
#853 = VECTOR ( 'NONE', #9268, 1000.000000000000000 ) ;
#854 = VERTEX_POINT ( 'NONE', #2022 ) ;
#855 = CARTESIAN_POINT ( 'NONE',  ( 5.000000000000006217, 90.02964525296327736, 107.2943586208331226 ) ) ;
#856 = ORIENTED_EDGE ( 'NONE', *, *, #4258, .T. ) ;
#857 = CARTESIAN_POINT ( 'NONE',  ( -4.999999999999990230, 119.1044088709352735, -73.58083845339824336 ) ) ;
#858 = VECTOR ( 'NONE', #312, 1000.000000000000000 ) ;
#859 = ADVANCED_FACE ( 'NONE', ( #1971 ), #2087, .F. ) ;
#860 = CIRCLE ( 'NONE', #10124, 100.0000000000002132 ) ;
#861 = DIRECTION ( 'NONE',  ( 0.000000000000000000, 0.000000000000000000, 1.000000000000000000 ) ) ;
#862 = AXIS2_PLACEMENT_3D ( 'NONE', #8599, #6874, #4935 ) ;
#863 = CARTESIAN_POINT ( 'NONE',  ( 40.00000000000000711, 0.000000000000000000, 67.00000000000000000 ) ) ;
#864 = EDGE_CURVE ( 'NONE', #11716, #4338, #11117, .T. ) ;
#865 = DIRECTION ( 'NONE',  ( -1.000000000000000000, -0.000000000000000000, -0.000000000000000000 ) ) ;
#866 = FACE_OUTER_BOUND ( 'NONE', #7369, .T. ) ;
#867 = CARTESIAN_POINT ( 'NONE',  ( 4.999999999999999112, 75.19677236556670152, -27.30284647801062903 ) ) ;
#868 = CARTESIAN_POINT ( 'NONE',  ( 5.000000000000004441, -51.78071662951088427, -130.0721237826702747 ) ) ;
#869 = CARTESIAN_POINT ( 'NONE',  ( 4.999999999999999112, -65.19598901652454970, -46.36251736216679120 ) ) ;
#871 = DIRECTION ( 'NONE',  ( -1.000000000000000000, -0.000000000000000000, 0.000000000000000000 ) ) ;
#870 = AXIS2_PLACEMENT_3D ( 'NONE', #3022, #1083, #8884 ) ;
#872 = AXIS2_PLACEMENT_3D ( 'NONE', #5114, #12003, #941 ) ;
#873 = ORIENTED_EDGE ( 'NONE', *, *, #1768, .F. ) ;
#874 = AXIS2_PLACEMENT_3D ( 'NONE', #4171, #3206, #12411 ) ;
#875 = CIRCLE ( 'NONE', #7456, 140.0000000000000000 ) ;
#876 = ORIENTED_EDGE ( 'NONE', *, *, #7865, .F. ) ;
#877 = DIRECTION ( 'NONE',  ( -1.000000000000000000, 0.000000000000000000, -0.000000000000000000 ) ) ;
#878 = AXIS2_PLACEMENT_3D ( 'NONE', #3117, #7057, #155 ) ;
#879 = AXIS2_PLACEMENT_3D ( 'NONE', #1621, #1568, #7619 ) ;
#880 = DIRECTION ( 'NONE',  ( 1.000000000000000000, 0.000000000000000000, 0.000000000000000000 ) ) ;
#881 = DIRECTION ( 'NONE',  ( 0.000000000000000000, -1.224646799147354193E-16, 1.000000000000000000 ) ) ;
#882 = AXIS2_PLACEMENT_3D ( 'NONE', #687, #880, #4552 ) ;
#883 = AXIS2_PLACEMENT_3D ( 'NONE', #4147, #2211, #4998 ) ;
#884 = ADVANCED_FACE ( 'NONE', ( #10024 ), #6026, .F. ) ;
#885 = CIRCLE ( 'NONE', #5839, 100.0000000000000142 ) ;
#886 = CARTESIAN_POINT ( 'NONE',  ( -4.999999999999990230, -53.56599702107443761, 12.47733798284909668 ) ) ;
#887 = CARTESIAN_POINT ( 'NONE',  ( -5.000000000000004441, 0.000000000000000000, 0.000000000000000000 ) ) ;
#888 = DIRECTION ( 'NONE',  ( -1.000000000000000000, -0.000000000000000000, -0.000000000000000000 ) ) ;
#889 = ORIENTED_EDGE ( 'NONE', *, *, #11333, .T. ) ;
#890 = FACE_OUTER_BOUND ( 'NONE', #5790, .T. ) ;
#891 = CARTESIAN_POINT ( 'NONE',  ( 5.000000000000006217, -90.02964525296256681, -107.2943586208337052 ) ) ;
#892 = EDGE_LOOP ( 'NONE', ( #7554, #10232, #1607 ) ) ;
#893 = VERTEX_POINT ( 'NONE', #7954 ) ;
#894 = CARTESIAN_POINT ( 'NONE',  ( 5.000000000000006217, 51.47089191217101956, -61.24334482836710691 ) ) ;
#895 = VERTEX_POINT ( 'NONE', #3055 ) ;
#896 = AXIS2_PLACEMENT_3D ( 'NONE', #8346, #12276, #8594 ) ;
#897 = VERTEX_POINT ( 'NONE', #10995 ) ;
#898 = DIRECTION ( 'NONE',  ( -1.000000000000000000, -0.000000000000000000, -0.000000000000000000 ) ) ;
#899 = EDGE_CURVE ( 'NONE', #65, #5108, #11883, .T. ) ;
#900 = CIRCLE ( 'NONE', #1503, 140.0000000000000000 ) ;
#901 = CIRCLE ( 'NONE', #3987, 100.0000000000000000 ) ;
#902 = ORIENTED_EDGE ( 'NONE', *, *, #4453, .T. ) ;
#903 = EDGE_CURVE ( 'NONE', #5152, #1927, #5157, .T. ) ;
#904 = LINE ( 'NONE', #8773, #1308 ) ;
#905 = EDGE_CURVE ( 'NONE', #3862, #5621, #2934, .T. ) ;
#906 = DIRECTION ( 'NONE',  ( 0.000000000000000000, -0.1442331847429680347, 0.9895437273910137055 ) ) ;
#907 = CIRCLE ( 'NONE', #9964, 100.0000000000000142 ) ;
#908 = ORIENTED_EDGE ( 'NONE', *, *, #285, .F. ) ;
#909 = VERTEX_POINT ( 'NONE', #1128 ) ;
#911 = CARTESIAN_POINT ( 'NONE',  ( -4.999999999999993783, 69.25074739081651387, 40.05413818588529296 ) ) ;
#910 = AXIS2_PLACEMENT_3D ( 'NONE', #7243, #11108, #9051 ) ;
#912 = EDGE_LOOP ( 'NONE', ( #11816, #11659, #5852 ) ) ;
#913 = LINE ( 'NONE', #5990, #238 ) ;
#914 = EDGE_LOOP ( 'NONE', ( #5703, #4664, #9623, #11520, #10175, #9400 ) ) ;
#915 = CARTESIAN_POINT ( 'NONE',  ( 5.000000000000006217, -0.0007748487303973066202, 140.0621876725833772 ) ) ;
#916 = ORIENTED_EDGE ( 'NONE', *, *, #1936, .F. ) ;
#917 = ORIENTED_EDGE ( 'NONE', *, *, #1609, .F. ) ;
#918 = EDGE_CURVE ( 'NONE', #1199, #8617, #10918, .T. ) ;
#919 = VECTOR ( 'NONE', #1078, 1000.000000000000227 ) ;
#920 = DIRECTION ( 'NONE',  ( 0.000000000000000000, -0.9848077530122096857, -0.1736481776669207555 ) ) ;
#921 = VECTOR ( 'NONE', #6589, 1000.000000000000000 ) ;
#922 = DIRECTION ( 'NONE',  ( -1.000000000000000000, -0.000000000000000000, -0.000000000000000000 ) ) ;
#923 = CARTESIAN_POINT ( 'NONE',  ( -4.999999999999993783, 139.4493146771849013, 13.92748399611295085 ) ) ;
#924 = CARTESIAN_POINT ( 'NONE',  ( -34.99999999999996447, 0.000000000000000000, 0.000000000000000000 ) ) ;
#925 = AXIS2_PLACEMENT_3D ( 'NONE', #12251, #7347, #4580 ) ;
#926 = ORIENTED_EDGE ( 'NONE', *, *, #9736, .F. ) ;
#927 = CARTESIAN_POINT ( 'NONE',  ( -5.113915764324758584, 3.296015317657591925, 53.80980391130531615 ) ) ;
#928 = DIRECTION ( 'NONE',  ( 0.000000000000000000, 0.000000000000000000, 1.000000000000000000 ) ) ;
#929 = ORIENTED_EDGE ( 'NONE', *, *, #2097, .T. ) ;
#930 = ADVANCED_FACE ( 'NONE', ( #212 ), #1053, .T. ) ;
#931 = DIRECTION ( 'NONE',  ( -1.000000000000000000, -0.000000000000000000, -0.000000000000000000 ) ) ;
#932 = DIRECTION ( 'NONE',  ( -1.000000000000000000, -0.000000000000000000, -0.000000000000000000 ) ) ;
#933 = ORIENTED_EDGE ( 'NONE', *, *, #3825, .F. ) ;
#934 = AXIS2_PLACEMENT_3D ( 'NONE', #4046, #5135, #2290 ) ;
#935 = DIRECTION ( 'NONE',  ( -1.000000000000000000, 0.000000000000000000, 0.000000000000000000 ) ) ;
#936 = DIRECTION ( 'NONE',  ( 1.000000000000000000, 0.000000000000000000, 0.000000000000000000 ) ) ;
#937 = LINE ( 'NONE', #4879, #4578 ) ;
#938 = DIRECTION ( 'NONE',  ( -0.000000000000000000, 0.8412165803726545654, 0.5406983122834184696 ) ) ;
#939 = DIRECTION ( 'NONE',  ( -1.000000000000000000, 0.000000000000000000, -0.000000000000000000 ) ) ;
#940 = CARTESIAN_POINT ( 'NONE',  ( 5.000000000000006217, 53.17002841738505481, 161.3076183917390267 ) ) ;
#941 = DIRECTION ( 'NONE',  ( 0.000000000000000000, 0.1442331847429578762, -0.9895437273910151488 ) ) ;
#942 = ORIENTED_EDGE ( 'NONE', *, *, #3253, .T. ) ;
#943 = EDGE_CURVE ( 'NONE', #2499, #4160, #7818, .T. ) ;
#944 = ORIENTED_EDGE ( 'NONE', *, *, #11890, .T. ) ;
#945 = LINE ( 'NONE', #3061, #12611 ) ;
#946 = DIRECTION ( 'NONE',  ( -1.000000000000000000, 0.000000000000000000, 0.000000000000000000 ) ) ;
#947 = EDGE_CURVE ( 'NONE', #2065, #1285, #9892, .T. ) ;
#948 = CARTESIAN_POINT ( 'NONE',  ( -24.99999999999999645, 4.898587196589412237E-15, -39.99999999999999289 ) ) ;
#949 = CIRCLE ( 'NONE', #8150, 7.000000000000013323 ) ;
#950 = CARTESIAN_POINT ( 'NONE',  ( -4.999999999999992895, 137.8730854217094475, 24.31074487336842793 ) ) ;
#951 = CARTESIAN_POINT ( 'NONE',  ( 5.000000000000006217, 131.6156692209318919, -47.90336138264822097 ) ) ;
#952 = CARTESIAN_POINT ( 'NONE',  ( 5.000000000000006217, -46.36251736216657804, 65.19598901652466338 ) ) ;
#953 = VERTEX_POINT ( 'NONE', #9049 ) ;
#954 = CYLINDRICAL_SURFACE ( 'NONE', #8929, 100.0000000000000000 ) ;
#955 = CARTESIAN_POINT ( 'NONE',  ( -4.999999999999993783, 13.92748399611438082, -139.4493146771847307 ) ) ;
#956 = EDGE_LOOP ( 'NONE', ( #4178, #7192, #2660 ) ) ;
#957 = ORIENTED_EDGE ( 'NONE', *, *, #9736, .T. ) ;
#958 = DIRECTION ( 'NONE',  ( 0.000000000000000000, 0.000000000000000000, 1.000000000000000000 ) ) ;
#959 = ORIENTED_EDGE ( 'NONE', *, *, #8245, .T. ) ;
#960 = ORIENTED_EDGE ( 'NONE', *, *, #7988, .T. ) ;
#961 = CARTESIAN_POINT ( 'NONE',  ( -5.000000000000004441, 0.000000000000000000, 0.000000000000000000 ) ) ;
#962 = EDGE_CURVE ( 'NONE', #8971, #5813, #994, .T. ) ;
#963 = ORIENTED_EDGE ( 'NONE', *, *, #6119, .T. ) ;
#964 = DIRECTION ( 'NONE',  ( 0.000000000000000000, -0.9895437273910137055, -0.1442331847429680347 ) ) ;
#965 = ORIENTED_EDGE ( 'NONE', *, *, #9182, .T. ) ;
#966 = ORIENTED_EDGE ( 'NONE', *, *, #3410, .F. ) ;
#967 = LINE ( 'NONE', #66, #1702 ) ;
#968 = ORIENTED_EDGE ( 'NONE', *, *, #3579, .F. ) ;
#969 = DIRECTION ( 'NONE',  ( 0.000000000000000000, 0.000000000000000000, 1.000000000000000000 ) ) ;
#970 = ORIENTED_EDGE ( 'NONE', *, *, #12656, .T. ) ;
#971 = LINE ( 'NONE', #11530, #11985 ) ;
#972 = ORIENTED_EDGE ( 'NONE', *, *, #9372, .T. ) ;
#973 = ORIENTED_EDGE ( 'NONE', *, *, #10240, .F. ) ;
#974 = EDGE_CURVE ( 'NONE', #3361, #2512, #207, .T. ) ;
#975 = CC_DESIGN_DATE_AND_TIME_ASSIGNMENT ( #787, #1817, ( #9559 ) ) ;
#976 = DIRECTION ( 'NONE',  ( 0.000000000000000000, 0.000000000000000000, 1.000000000000000000 ) ) ;
#977 = FACE_OUTER_BOUND ( 'NONE', #2705, .T. ) ;
#978 = DIRECTION ( 'NONE',  ( 0.000000000000000000, 0.000000000000000000, 1.000000000000000000 ) ) ;
#979 = ADVANCED_FACE ( 'NONE', ( #12017 ), #3191, .F. ) ;
#980 = EDGE_CURVE ( 'NONE', #9352, #12213, #9469, .T. ) ;
#981 = DIRECTION ( 'NONE',  ( 0.000000000000000000, 0.7958032295111074905, -0.6055552987958173761 ) ) ;
#982 = ORIENTED_EDGE ( 'NONE', *, *, #6959, .T. ) ;
#983 = CARTESIAN_POINT ( 'NONE',  ( -5.379396598167260457, 1.067819754248471753, 53.07857374622158630 ) ) ;
#984 = CARTESIAN_POINT ( 'NONE',  ( 59.79898987322338400, -57.06339097770928248, 11.54101966249669964 ) ) ;
#985 = DATE_AND_TIME ( #6788, #4841 ) ;
#986 = ORIENTED_EDGE ( 'NONE', *, *, #6667, .F. ) ;
#987 = PLANE ( 'NONE',  #5182 ) ;
#988 = CARTESIAN_POINT ( 'NONE',  ( 5.000000000000006217, -165.8082026736149714, 42.04161805105262317 ) ) ;
#989 = ORIENTED_EDGE ( 'NONE', *, *, #5700, .F. ) ;
#990 = CARTESIAN_POINT ( 'NONE',  ( -4.999999999999990230, -28.41945699475529707, -47.08858103747932233 ) ) ;
#991 = EDGE_CURVE ( 'NONE', #7024, #6827, #4936, .T. ) ;
#992 = DIRECTION ( 'NONE',  ( 0.000000000000000000, 0.7660444431189792347, 0.6427876096865378086 ) ) ;
#993 = DIRECTION ( 'NONE',  ( -1.000000000000000000, -0.000000000000000000, -0.000000000000000000 ) ) ;
#994 = LINE ( 'NONE', #4154, #830 ) ;
#995 = DIRECTION ( 'NONE',  ( 1.000000000000000000, 0.000000000000000000, 0.000000000000000000 ) ) ;
#996 = DIRECTION ( 'NONE',  ( 0.000000000000000000, -0.6196814657516441782, 0.7848534137046827563 ) ) ;
#997 = ORIENTED_EDGE ( 'NONE', *, *, #2390, .T. ) ;
#998 = ORIENTED_EDGE ( 'NONE', *, *, #5060, .F. ) ;
#999 = DIRECTION ( 'NONE',  ( -1.000000000000000000, -0.000000000000000000, -0.000000000000000000 ) ) ;
#1000 = DIRECTION ( 'NONE',  ( 0.000000000000000000, 0.4999999999999949485, -0.8660254037844415942 ) ) ;
#1001 = DIRECTION ( 'NONE',  ( 0.000000000000000000, 1.000000000000000000, -3.491481338843133355E-15 ) ) ;
#1002 = CARTESIAN_POINT ( 'NONE',  ( 17.19499588943801172, 35.26711513754882787, -41.54101966249653799 ) ) ;
#1003 = CARTESIAN_POINT ( 'NONE',  ( 5.000000000000006217, 17.20354699452819602, -170.1878247496342738 ) ) ;
#1004 = CIRCLE ( 'NONE', #4097, 100.0000000000001847 ) ;
#1005 = ADVANCED_FACE ( 'NONE', ( #27 ), #3969, .F. ) ;
#1006 = DIRECTION ( 'NONE',  ( 1.000000000000000000, 0.000000000000000000, 0.000000000000000000 ) ) ;
#1007 = EDGE_LOOP ( 'NONE', ( #1993, #11670, #1592, #4640, #9781, #10903 ) ) ;
#1008 = FACE_OUTER_BOUND ( 'NONE', #11862, .T. ) ;
#1009 = PLANE ( 'NONE',  #11006 ) ;
#1010 = EDGE_LOOP ( 'NONE', ( #2008, #11625, #5925, #1757 ) ) ;
#1011 = ORIENTED_EDGE ( 'NONE', *, *, #9973, .F. ) ;
#1012 = CARTESIAN_POINT ( 'NONE',  ( -5.397490406008228270, -0.8531061363951631948, 53.03877838803374800 ) ) ;
#1013 = EDGE_LOOP ( 'NONE', ( #1477, #11278, #5884 ) ) ;
#1014 = CARTESIAN_POINT ( 'NONE',  ( -4.999999999999993783, 141.4296642867068385, -96.21594349147424907 ) ) ;
#1015 = ORIENTED_EDGE ( 'NONE', *, *, #749, .F. ) ;
#1016 = CARTESIAN_POINT ( 'NONE',  ( 5.000000000000006217, -170.5896538667299467, 12.61061916935229910 ) ) ;
#1017 = ADVANCED_FACE ( 'NONE', ( #399, #4274 ), #4333, .F. ) ;
#1018 = CARTESIAN_POINT ( 'NONE',  ( -5.000000000000004441, 0.000000000000000000, 0.000000000000000000 ) ) ;
#1019 = EDGE_CURVE ( 'NONE', #8807, #7356, #12126, .T. ) ;
#1020 = ORIENTED_EDGE ( 'NONE', *, *, #8677, .F. ) ;
#1021 = CARTESIAN_POINT ( 'NONE',  ( 5.000000000000006217, -53.17002841738392505, -161.3076183917393394 ) ) ;
#1022 = ORIENTED_EDGE ( 'NONE', *, *, #6053, .T. ) ;
#1023 = DIRECTION ( 'NONE',  ( -1.000000000000000000, -0.000000000000000000, -0.000000000000000000 ) ) ;
#1024 = CIRCLE ( 'NONE', #1431, 6.999999999999999112 ) ;
#1025 = EDGE_LOOP ( 'NONE', ( #4885, #3058, #4031 ) ) ;
#1026 = DIRECTION ( 'NONE',  ( 0.000000000000000000, 0.7958032295111074905, -0.6055552987958173761 ) ) ;
#1027 = ORIENTED_EDGE ( 'NONE', *, *, #9922, .F. ) ;
#1028 = ORIENTED_EDGE ( 'NONE', *, *, #4020, .F. ) ;
#1029 = CARTESIAN_POINT ( 'NONE',  ( 4.999999999999999112, -79.74427681403237500, 6.391425146786776423 ) ) ;
#1030 = AXIS2_PLACEMENT_3D ( 'NONE', #10170, #12142, #7187 ) ;
#1031 = CARTESIAN_POINT ( 'NONE',  ( -4.999999999999993783, 40.05413818588598929, -69.25074739081610176 ) ) ;
#1032 = CIRCLE ( 'NONE', #11526, 140.0000000000000000 ) ;
#1033 = EDGE_CURVE ( 'NONE', #2769, #10962, #8338, .T. ) ;
#1034 = ORIENTED_EDGE ( 'NONE', *, *, #9811, .F. ) ;
#1035 = EDGE_CURVE ( 'NONE', #5964, #1404, #2274, .T. ) ;
#1036 = CARTESIAN_POINT ( 'NONE',  ( 5.000000000000005329, 34.57541031018750033, 135.6633369849134567 ) ) ;
#1037 = VERTEX_POINT ( 'NONE', #7310 ) ;
#1038 = CARTESIAN_POINT ( 'NONE',  ( 5.000000000000006217, 46.49499208839421271, -164.6149246967155477 ) ) ;
#1039 = CARTESIAN_POINT ( 'NONE',  ( -4.999999999999993783, -154.0402834560585177, -74.37371037525505812 ) ) ;
#1040 = EDGE_LOOP ( 'NONE', ( #5866, #353, #11237, #7742, #402, #11983 ) ) ;
#1041 = AXIS2_PLACEMENT_3D ( 'NONE', #7497, #2989, #5948 ) ;
#1042 = DIRECTION ( 'NONE',  ( 0.000000000000000000, -0.8660254037844328234, 0.5000000000000101030 ) ) ;
#1043 = AXIS2_PLACEMENT_3D ( 'NONE', #4655, #1552, #9671 ) ;
#1044 = EDGE_CURVE ( 'NONE', #4876, #5104, #6211, .T. ) ;
#1045 = CYLINDRICAL_SURFACE ( 'NONE', #5221, 100.0000000000001990 ) ;
#1046 = ADVANCED_FACE ( 'NONE', ( #1238 ), #9236, .T. ) ;
#1047 = ORIENTED_EDGE ( 'NONE', *, *, #9421, .T. ) ;
#1048 = FACE_OUTER_BOUND ( 'NONE', #4701, .T. ) ;
#1049 = AXIS2_PLACEMENT_3D ( 'NONE', #7955, #157, #8009 ) ;
#1050 = AXIS2_PLACEMENT_3D ( 'NONE', #3606, #8423, #9403 ) ;
#1051 = DIRECTION ( 'NONE',  ( 0.000000000000000000, 0.5000000000000009992, 0.8660254037844380415 ) ) ;
#1052 = DIRECTION ( 'NONE',  ( 0.000000000000000000, 0.000000000000000000, -1.000000000000000000 ) ) ;
#1053 = PLANE ( 'NONE',  #7617 ) ;
#1054 = CARTESIAN_POINT ( 'NONE',  ( -4.999999999999993783, 0.06252750026147432805, -79.99997556444867541 ) ) ;
#1055 = FACE_OUTER_BOUND ( 'NONE', #1563, .T. ) ;
#1056 = EDGE_CURVE ( 'NONE', #8874, #8513, #5263, .T. ) ;
#1057 = ORIENTED_EDGE ( 'NONE', *, *, #7865, .T. ) ;
#1058 = VERTEX_POINT ( 'NONE', #8197 ) ;
#1059 = CARTESIAN_POINT ( 'NONE',  ( 5.000000000000005329, 126.1487907794871859, 60.71641116595391452 ) ) ;
#1060 = AXIS2_PLACEMENT_3D ( 'NONE', #9571, #7695, #10656 ) ;
#1061 = CIRCLE ( 'NONE', #11149, 100.0000000000000284 ) ;
#1062 = DIRECTION ( 'NONE',  ( 0.000000000000000000, 0.000000000000000000, 1.000000000000000000 ) ) ;
#1063 = EDGE_CURVE ( 'NONE', #9476, #6542, #10081, .T. ) ;
#1064 = AXIS2_PLACEMENT_3D ( 'NONE', #10676, #1722, #5857 ) ;
#1065 = CIRCLE ( 'NONE', #9923, 140.0000000000000000 ) ;
#1066 = DIRECTION ( 'NONE',  ( -1.000000000000000000, -0.000000000000000000, -0.000000000000000000 ) ) ;
#1067 = DIRECTION ( 'NONE',  ( -1.000000000000000000, -0.000000000000000000, -0.000000000000000000 ) ) ;
#1068 = CIRCLE ( 'NONE', #8270, 100.0000000000000000 ) ;
#1069 = CIRCLE ( 'NONE', #10539, 100.0000000000002132 ) ;
#1070 = AXIS2_PLACEMENT_3D ( 'NONE', #2174, #5138, #10096 ) ;
#1071 = VECTOR ( 'NONE', #2472, 1000.000000000000000 ) ;
#1072 = DIRECTION ( 'NONE',  ( 0.000000000000000000, 0.7660444431189792347, 0.6427876096865379196 ) ) ;
#1073 = FACE_OUTER_BOUND ( 'NONE', #6711, .T. ) ;
#1074 = ORIENTED_EDGE ( 'NONE', *, *, #11749, .T. ) ;
#1075 = FACE_OUTER_BOUND ( 'NONE', #12035, .T. ) ;
#1076 = AXIS2_PLACEMENT_3D ( 'NONE', #12644, #7601, #1372 ) ;
#1077 = CIRCLE ( 'NONE', #8276, 100.0000000000001847 ) ;
#1078 = DIRECTION ( 'NONE',  ( 0.000000000000000000, -0.9895437273910145937, -0.1442331847429613179 ) ) ;
#1079 = VERTEX_POINT ( 'NONE', #6145 ) ;
#1080 = ORIENTED_EDGE ( 'NONE', *, *, #11604, .T. ) ;
#1081 = CARTESIAN_POINT ( 'NONE',  ( 5.000000000000006217, -126.7004045252647870, -113.1114811425201054 ) ) ;
#1082 = ORIENTED_EDGE ( 'NONE', *, *, #4978, .F. ) ;
#1083 = DIRECTION ( 'NONE',  ( -1.000000000000000000, 0.000000000000000000, 0.000000000000000000 ) ) ;
#1084 = EDGE_CURVE ( 'NONE', #12570, #2512, #11052, .T. ) ;
#1085 = AXIS2_PLACEMENT_3D ( 'NONE', #5854, #9709, #4745 ) ;
#1086 = CIRCLE ( 'NONE', #11366, 140.0000000000000000 ) ;
#1087 = CIRCLE ( 'NONE', #11580, 100.0000000000002132 ) ;
#1088 = AXIS2_PLACEMENT_3D ( 'NONE', #5258, #7417, #11292 ) ;
#1089 = EDGE_CURVE ( 'NONE', #1246, #6542, #1316, .T. ) ;
#1090 = ORIENTED_EDGE ( 'NONE', *, *, #1677, .F. ) ;
#1091 = CIRCLE ( 'NONE', #12413, 100.0000000000001847 ) ;
#1092 = DIRECTION ( 'NONE',  ( -1.000000000000000000, 0.000000000000000000, -0.000000000000000000 ) ) ;
#1093 = CARTESIAN_POINT ( 'NONE',  ( 5.000000000000006217, -69.31327489107742679, 39.94583737856309114 ) ) ;
#1094 = VERTEX_POINT ( 'NONE', #3438 ) ;
#1095 = CARTESIAN_POINT ( 'NONE',  ( 40.00000000000000711, 0.000000000000000000, 35.00000000000000711 ) ) ;
#1096 = VECTOR ( 'NONE', #5992, 1000.000000000000000 ) ;
#1097 = EDGE_LOOP ( 'NONE', ( #2602, #1696, #7155, #9023, #6357, #3934 ) ) ;
#1098 = CARTESIAN_POINT ( 'NONE',  ( 20.00000000000000355, 0.000000000000000000, 0.000000000000000000 ) ) ;
#1099 = EDGE_LOOP ( 'NONE', ( #1020, #2025, #11412 ) ) ;
#1100 = LINE ( 'NONE', #11805, #1096 ) ;
#1101 = VECTOR ( 'NONE', #8101, 1000.000000000000000 ) ;
#1102 = EDGE_LOOP ( 'NONE', ( #9286, #8217, #8769 ) ) ;
#1103 = ORIENTED_EDGE ( 'NONE', *, *, #7185, .T. ) ;
#1104 = ADVANCED_FACE ( 'NONE', ( #3378 ), #7009, .T. ) ;
#1105 = DIRECTION ( 'NONE',  ( 0.000000000000000000, 0.000000000000000000, 1.000000000000000000 ) ) ;
#1106 = ADVANCED_FACE ( 'NONE', ( #8394 ), #6286, .F. ) ;
#1107 = CIRCLE ( 'NONE', #7480, 100.0000000000000000 ) ;
#1108 = CIRCLE ( 'NONE', #10167, 5.000000000000004441 ) ;
#1109 = CARTESIAN_POINT ( 'NONE',  ( 5.000000000000006217, 0.06252750026147432805, -79.99997556444867541 ) ) ;
#1110 = AXIS2_PLACEMENT_3D ( 'NONE', #10808, #4820, #1973 ) ;
#1111 = DIRECTION ( 'NONE',  ( 0.000000000000000000, 0.8660254037844399289, 0.4999999999999979461 ) ) ;
#1112 = ORIENTED_EDGE ( 'NONE', *, *, #12131, .F. ) ;
#1113 = FACE_OUTER_BOUND ( 'NONE', #6184, .T. ) ;
#1114 = ORIENTED_EDGE ( 'NONE', *, *, #5680, .F. ) ;
#1115 = CARTESIAN_POINT ( 'NONE',  ( 5.000000000000006217, 77.12110461681417917, 21.26817393859670702 ) ) ;
#1116 = CARTESIAN_POINT ( 'NONE',  ( -4.999999999999993783, 70.03176487497729852, -121.2970252097150876 ) ) ;
#1117 = VECTOR ( 'NONE', #6703, 1000.000000000000000 ) ;
#1118 = EDGE_LOOP ( 'NONE', ( #4092, #4134, #8069, #10979, #6627, #12172 ) ) ;
#1119 = CARTESIAN_POINT ( 'NONE',  ( 5.000000000000006217, 27.42035973919467651, -75.15400103636414997 ) ) ;
#1120 = CARTESIAN_POINT ( 'NONE',  ( -5.000000000000004441, 0.000000000000000000, 0.000000000000000000 ) ) ;
#1121 = EDGE_CURVE ( 'NONE', #4883, #5118, #2689, .T. ) ;
#1122 = ORIENTED_EDGE ( 'NONE', *, *, #10517, .F. ) ;
#1123 = LINE ( 'NONE', #8075, #6651 ) ;
#1124 = CIRCLE ( 'NONE', #5455, 100.0000000000000000 ) ;
#1125 = DIRECTION ( 'NONE',  ( -1.000000000000000000, -0.000000000000000000, -0.000000000000000000 ) ) ;
#1126 = CARTESIAN_POINT ( 'NONE',  ( -24.99999999999999645, 0.000000000000000000, 0.000000000000000000 ) ) ;
#1127 = EDGE_CURVE ( 'NONE', #11731, #10715, #10214, .T. ) ;
#1128 = CARTESIAN_POINT ( 'NONE',  ( -5.000000000000004441, 113.6890130393099128, 81.69950008505331596 ) ) ;
#1129 = CARTESIAN_POINT ( 'NONE',  ( -4.999999999999993783, 105.1339381126587114, 133.3943579393224752 ) ) ;
#1130 = CARTESIAN_POINT ( 'NONE',  ( -4.999999999999993783, 138.7852061507327335, 99.99262110727862307 ) ) ;
#1131 = ORIENTED_EDGE ( 'NONE', *, *, #1268, .F. ) ;
#1132 = ORIENTED_EDGE ( 'NONE', *, *, #6792, .T. ) ;
#1133 = FACE_OUTER_BOUND ( 'NONE', #5887, .T. ) ;
#1134 = VECTOR ( 'NONE', #11452, 1000.000000000000000 ) ;
#1135 = DIRECTION ( 'NONE',  ( 0.000000000000000000, -0.1736481776669172583, 0.9848077530122103518 ) ) ;
#1136 = ADVANCED_FACE ( 'NONE', ( #5316 ), #4472, .F. ) ;
#1137 = ADVANCED_FACE ( 'NONE', ( #7173 ), #11105, .F. ) ;
#1138 = CARTESIAN_POINT ( 'NONE',  ( 5.000000000000006217, 100.3053633756257028, -97.87195845839707431 ) ) ;
#1139 = EDGE_CURVE ( 'NONE', #9913, #663, #9901, .T. ) ;
#1140 = DIRECTION ( 'NONE',  ( -1.000000000000000000, -0.000000000000000000, -0.000000000000000000 ) ) ;
#1141 = AXIS2_PLACEMENT_3D ( 'NONE', #5904, #11050, #11828 ) ;
#1142 = ADVANCED_FACE ( 'NONE', ( #4723 ), #5756, .T. ) ;
#1143 = CARTESIAN_POINT ( 'NONE',  ( 5.000000000000006217, -121.2978000584462137, 70.03042279760680344 ) ) ;
#1144 = DIRECTION ( 'NONE',  ( 0.000000000000000000, -0.3420201433256569445, 0.9396926207859126468 ) ) ;
#1145 = ORIENTED_EDGE ( 'NONE', *, *, #4679, .F. ) ;
#1146 = CARTESIAN_POINT ( 'NONE',  ( -4.999999999999993783, 154.0402834560579777, 74.37371037525610973 ) ) ;
#1147 = DIRECTION ( 'NONE',  ( 0.000000000000000000, 0.9848077530122085754, 0.1736481776669273891 ) ) ;
#1148 = EDGE_LOOP ( 'NONE', ( #8622, #4903, #3529 ) ) ;
#1149 = ORIENTED_EDGE ( 'NONE', *, *, #5881, .F. ) ;
#1150 = CARTESIAN_POINT ( 'NONE',  ( 16.19312584273767186, 50.59179218102367770, 21.20963916157269225 ) ) ;
#1151 = ORIENTED_EDGE ( 'NONE', *, *, #6299, .F. ) ;
#1152 = PLANE ( 'NONE',  #4792 ) ;
#1153 = AXIS2_PLACEMENT_3D ( 'NONE', #11480, #4663, #9563 ) ;
#1154 = DIRECTION ( 'NONE',  ( 0.000000000000000000, 0.9396926207859069846, -0.3420201433256727652 ) ) ;
#1155 = EDGE_CURVE ( 'NONE', #3730, #10241, #11428, .T. ) ;
#1156 = DIRECTION ( 'NONE',  ( 1.000000000000000000, 0.000000000000000000, 0.000000000000000000 ) ) ;
#1157 = ORIENTED_EDGE ( 'NONE', *, *, #5109, .T. ) ;
#1158 = DIRECTION ( 'NONE',  ( 0.000000000000000000, -0.6785596161822473604, 0.7345453337178047271 ) ) ;
#1159 = VERTEX_POINT ( 'NONE', #1690 ) ;
#1160 = DIRECTION ( 'NONE',  ( 0.000000000000000000, 0.000000000000000000, 1.000000000000000000 ) ) ;
#1161 = VERTEX_POINT ( 'NONE', #4665 ) ;
#1162 = CARTESIAN_POINT ( 'NONE',  ( 5.000000000000006217, 75.19677236556668731, -27.30284647801063613 ) ) ;
#1163 = ORIENTED_EDGE ( 'NONE', *, *, #1598, .T. ) ;
#1164 = ORIENTED_EDGE ( 'NONE', *, *, #1350, .F. ) ;
#1165 = FACE_OUTER_BOUND ( 'NONE', #10568, .T. ) ;
#1166 = CARTESIAN_POINT ( 'NONE',  ( 5.000000000000004441, 51.78071662951176535, 130.0721237826699053 ) ) ;
#1167 = ADVANCED_FACE ( 'NONE', ( #2534 ), #6472, .F. ) ;
#1168 = ORIENTED_EDGE ( 'NONE', *, *, #6225, .F. ) ;
#1169 = DIRECTION ( 'NONE',  ( 0.000000000000000000, -0.4999999999999888978, 0.8660254037844450359 ) ) ;
#1170 = ORIENTED_EDGE ( 'NONE', *, *, #5956, .T. ) ;
#1171 = CARTESIAN_POINT ( 'NONE',  ( -4.999999999999992895, 107.2462220366568317, -89.99026535611568534 ) ) ;
#1172 = FACE_OUTER_BOUND ( 'NONE', #12758, .T. ) ;
#1173 = ADVANCED_FACE ( 'NONE', ( #8587 ), #12580, .F. ) ;
#1174 = LINE ( 'NONE', #8134, #11790 ) ;
#1175 = ORIENTED_EDGE ( 'NONE', *, *, #2662, .T. ) ;
#1176 = DIRECTION ( 'NONE',  ( -1.000000000000000000, -0.000000000000000000, -0.000000000000000000 ) ) ;
#1177 = PLANE ( 'NONE',  #11181 ) ;
#1178 = ORIENTED_EDGE ( 'NONE', *, *, #3542, .F. ) ;
#1179 = DIRECTION ( 'NONE',  ( 0.000000000000000000, 0.000000000000000000, 1.000000000000000000 ) ) ;
#1180 = DIRECTION ( 'NONE',  ( -1.000000000000000000, -0.000000000000000000, -0.000000000000000000 ) ) ;
#1181 = CARTESIAN_POINT ( 'NONE',  ( -4.999999999999993783, 149.6241146709421628, -80.37303019083685740 ) ) ;
#1182 = CARTESIAN_POINT ( 'NONE',  ( 59.79898987322338400, 35.26711513754881366, -41.54101966249653799 ) ) ;
#1183 = CARTESIAN_POINT ( 'NONE',  ( 15.00000000000000355, 0.000000000000000000, 0.000000000000000000 ) ) ;
#1184 = EDGE_CURVE ( 'NONE', #4244, #8243, #8730, .T. ) ;
#1185 = FACE_OUTER_BOUND ( 'NONE', #3381, .T. ) ;
#1186 = ORIENTED_EDGE ( 'NONE', *, *, #30, .F. ) ;
#1187 = ORIENTED_EDGE ( 'NONE', *, *, #5431, .F. ) ;
#1188 = DIRECTION ( 'NONE',  ( -1.000000000000000000, -0.000000000000000000, -0.000000000000000000 ) ) ;
#1189 = ORIENTED_EDGE ( 'NONE', *, *, #5549, .T. ) ;
#1190 = CARTESIAN_POINT ( 'NONE',  ( -4.999999999999993783, 137.9344628748812909, -24.32078057234920365 ) ) ;
#1191 = CARTESIAN_POINT ( 'NONE',  ( -4.999999999999993783, 42.04161805105322003, 165.8082026736148578 ) ) ;
#1192 = FACE_OUTER_BOUND ( 'NONE', #9983, .T. ) ;
#1193 = CARTESIAN_POINT ( 'NONE',  ( -4.999999999999993783, 62.95593364063971364, -157.7458401751241013 ) ) ;
#1194 = CARTESIAN_POINT ( 'NONE',  ( 5.000000000000004441, 89.99026535611531585, -107.2462220366571160 ) ) ;
#1196 = ORIENTED_EDGE ( 'NONE', *, *, #2235, .F. ) ;
#1195 = EDGE_CURVE ( 'NONE', #12228, #2769, #10716, .T. ) ;
#1197 = DIRECTION ( 'NONE',  ( 0.000000000000000000, 0.000000000000000000, -1.000000000000000000 ) ) ;
#1198 = CARTESIAN_POINT ( 'NONE',  ( 20.00000000000000355, 0.000000000000000000, 39.99999999999999289 ) ) ;
#1199 = VERTEX_POINT ( 'NONE', #10457 ) ;
#1200 = ORIENTED_EDGE ( 'NONE', *, *, #3238, .F. ) ;
#1201 = CARTESIAN_POINT ( 'NONE',  ( 19.00005489421616289, 50.31311603840332225, 16.66354465001483476 ) ) ;
#1202 = ORIENTED_EDGE ( 'NONE', *, *, #12557, .T. ) ;
#1203 = CARTESIAN_POINT ( 'NONE',  ( 5.000000000000004441, 0.000000000000000000, 0.000000000000000000 ) ) ;
#1204 = EDGE_CURVE ( 'NONE', #2134, #9935, #7217, .T. ) ;
#1205 = ADVANCED_FACE ( 'NONE', ( #6729 ), #4758, .F. ) ;
#1206 = CARTESIAN_POINT ( 'NONE',  ( 5.000000000000006217, 119.3132105852220661, 122.5733066456625693 ) ) ;
#1207 = CIRCLE ( 'NONE', #8839, 100.0000000000001847 ) ;
#1208 = CARTESIAN_POINT ( 'NONE',  ( 5.000000000000006217, 34.60721386647485076, -166.2815095599041513 ) ) ;
#1209 = DIRECTION ( 'NONE',  ( 1.000000000000000000, 0.000000000000000000, 0.000000000000000000 ) ) ;
#1210 = VERTEX_POINT ( 'NONE', #7614 ) ;
#1211 = CARTESIAN_POINT ( 'NONE',  ( -87.20833333333341386, 0.000000000000000000, 0.000000000000000000 ) ) ;
#1212 = ORIENTED_EDGE ( 'NONE', *, *, #12246, .F. ) ;
#1213 = CARTESIAN_POINT ( 'NONE',  ( -4.999999999999990230, 86.75540520523132670, -109.8794779186547430 ) ) ;
#1214 = ORIENTED_EDGE ( 'NONE', *, *, #9508, .F. ) ;
#1215 = CARTESIAN_POINT ( 'NONE',  ( -5.000000000000004441, 0.000000000000000000, 0.000000000000000000 ) ) ;
#1216 = EDGE_LOOP ( 'NONE', ( #7980, #957, #12630, #5879 ) ) ;
#1217 = EDGE_LOOP ( 'NONE', ( #2558, #3465, #7406 ) ) ;
#1218 = VECTOR ( 'NONE', #7014, 1000.000000000000000 ) ;
#1219 = EDGE_CURVE ( 'NONE', #3483, #9494, #8033, .T. ) ;
#1220 = CARTESIAN_POINT ( 'NONE',  ( -4.999999999999993783, -121.2978000584462137, 70.03042279760680344 ) ) ;
#1221 = DIRECTION ( 'NONE',  ( 0.000000000000000000, 0.000000000000000000, 1.000000000000000000 ) ) ;
#1222 = AXIS2_PLACEMENT_3D ( 'NONE', #4832, #11652, #6816 ) ;
#1223 = ORIENTED_EDGE ( 'NONE', *, *, #7907, .F. ) ;
#1224 = CARTESIAN_POINT ( 'NONE',  ( -4.999999999999993783, 90.02964525296327736, 107.2943586208331226 ) ) ;
#1225 = ORIENTED_EDGE ( 'NONE', *, *, #10465, .T. ) ;
#1226 = DIRECTION ( 'NONE',  ( -1.000000000000000000, -0.000000000000000000, -0.000000000000000000 ) ) ;
#1227 = CARTESIAN_POINT ( 'NONE',  ( -4.999999999999993783, -164.6149246967156898, -46.49499208839367270 ) ) ;
#1228 = FACE_OUTER_BOUND ( 'NONE', #1148, .T. ) ;
#1229 = VERTEX_POINT ( 'NONE', #849 ) ;
#1230 = PLANE ( 'NONE',  #9091 ) ;
#1231 = DIRECTION ( 'NONE',  ( 0.000000000000000000, 0.000000000000000000, 1.000000000000000000 ) ) ;
#1232 = CIRCLE ( 'NONE', #7819, 100.0000000000000284 ) ;
#1233 = VECTOR ( 'NONE', #4922, 1000.000000000000114 ) ;
#1234 = ADVANCED_FACE ( 'NONE', ( #6587 ), #10510, .T. ) ;
#1235 = PLANE ( 'NONE',  #10354 ) ;
#1236 = LINE ( 'NONE', #4330, #1352 ) ;
#1237 = DIRECTION ( 'NONE',  ( 0.000000000000000000, 0.8888667644071397422, -0.4581657725456826369 ) ) ;
#1238 = FACE_OUTER_BOUND ( 'NONE', #12285, .T. ) ;
#1239 = AXIS2_PLACEMENT_3D ( 'NONE', #9187, #4223, #9302 ) ;
#1240 = DIRECTION ( 'NONE',  ( 0.000000000000000000, -0.3420201433256569445, 0.9396926207859126468 ) ) ;
#1241 = DIRECTION ( 'NONE',  ( 0.000000000000000000, 0.3420201433256630508, -0.9396926207859104263 ) ) ;
#1242 = VECTOR ( 'NONE', #1361, 1000.000000000000000 ) ;
#1243 = VERTEX_POINT ( 'NONE', #1564 ) ;
#1244 = EDGE_LOOP ( 'NONE', ( #5792, #595, #4658, #9999 ) ) ;
#1245 = CARTESIAN_POINT ( 'NONE',  ( 59.79898987322338400, -57.06339097770928248, 18.54101966249669786 ) ) ;
#1246 = VERTEX_POINT ( 'NONE', #785 ) ;
#1247 = DIRECTION ( 'NONE',  ( -0.000000000000000000, 0.02979050640667118069, 0.9995561643689833131 ) ) ;
#1248 = EDGE_CURVE ( 'NONE', #6513, #2367, #659, .T. ) ;
#1249 = CIRCLE ( 'NONE', #5997, 85.00000000000000000 ) ;
#1250 = EDGE_CURVE ( 'NONE', #6342, #7957, #12357, .T. ) ;
#1251 = DIRECTION ( 'NONE',  ( 0.000000000000000000, 0.000000000000000000, 1.000000000000000000 ) ) ;
#1252 = CIRCLE ( 'NONE', #2084, 140.0000000000000000 ) ;
#1253 = CARTESIAN_POINT ( 'NONE',  ( 5.000000000000006217, -155.9887531452610574, 70.19520364235701493 ) ) ;
#1254 = FACE_OUTER_BOUND ( 'NONE', #4743, .T. ) ;
#1255 = DIRECTION ( 'NONE',  ( 0.000000000000000000, 0.000000000000000000, -1.000000000000000000 ) ) ;
#1256 = DIRECTION ( 'NONE',  ( 0.000000000000000000, 0.000000000000000000, 1.000000000000000000 ) ) ;
#1257 = DIRECTION ( 'NONE',  ( 0.000000000000000000, 0.4739787468447061447, -0.8805362840562118709 ) ) ;
#1259 = DIRECTION ( 'NONE',  ( 0.000000000000000000, 0.3420201433256629953, -0.9396926207859104263 ) ) ;
#1258 = CIRCLE ( 'NONE', #8464, 100.0000000000002132 ) ;
#1260 = ORIENTED_EDGE ( 'NONE', *, *, #12077, .F. ) ;
#1261 = AXIS2_PLACEMENT_3D ( 'NONE', #8185, #12111, #1358 ) ;
#1262 = CIRCLE ( 'NONE', #6421, 100.0000000000000142 ) ;
#1263 = VERTEX_POINT ( 'NONE', #9624 ) ;
#1264 = CYLINDRICAL_SURFACE ( 'NONE', #12533, 6.999999999999999112 ) ;
#1265 = TOROIDAL_SURFACE ( 'NONE', #11152, 75.00000000000000000, 5.000000000000000888 ) ;
#1266 = ORIENTED_EDGE ( 'NONE', *, *, #1035, .F. ) ;
#1267 = DIRECTION ( 'NONE',  ( 0.000000000000000000, -0.3420201433256757628, -0.9396926207859058744 ) ) ;
#1268 = EDGE_CURVE ( 'NONE', #8971, #8874, #6187, .T. ) ;
#1269 = CARTESIAN_POINT ( 'NONE',  ( 5.000000000000006217, 113.8029070527157245, 81.78621229002759208 ) ) ;
#1270 = VECTOR ( 'NONE', #1737, 1000.000000000000000 ) ;
#1271 = AXIS2_PLACEMENT_3D ( 'NONE', #924, #6858, #5828 ) ;
#1272 = CIRCLE ( 'NONE', #2929, 140.0000000000000000 ) ;
#1273 = VECTOR ( 'NONE', #11639, 1000.000000000000000 ) ;
#1274 = CARTESIAN_POINT ( 'NONE',  ( 5.000000000000006217, -70.03176487497644587, 121.2970252097155566 ) ) ;
#1275 = DIRECTION ( 'NONE',  ( 0.000000000000000000, -1.000000000000000000, 0.000000000000000000 ) ) ;
#1276 = ORIENTED_EDGE ( 'NONE', *, *, #6106, .T. ) ;
#1277 = CARTESIAN_POINT ( 'NONE',  ( -4.999999999999990230, -20.19264586401459738, 138.5361218347421470 ) ) ;
#1278 = ORIENTED_EDGE ( 'NONE', *, *, #4209, .F. ) ;
#1279 = EDGE_CURVE ( 'NONE', #6479, #5451, #624, .T. ) ;
#1280 = DIRECTION ( 'NONE',  ( 0.000000000000000000, -0.7465554768956805809, 0.6653231695327188611 ) ) ;
#1281 = ORIENTED_EDGE ( 'NONE', *, *, #7476, .T. ) ;
#1282 = DIRECTION ( 'NONE',  ( 0.000000000000000000, 0.000000000000000000, 1.000000000000000000 ) ) ;
#1283 = ORIENTED_EDGE ( 'NONE', *, *, #12471, .F. ) ;
#1284 = TOROIDAL_SURFACE ( 'NONE', #6647, 34.99999999999999289, 4.999999999999997335 ) ;
#1285 = VERTEX_POINT ( 'NONE', #11817 ) ;
#1286 = AXIS2_PLACEMENT_3D ( 'NONE', #4634, #10556, #11708 ) ;
#1287 = CIRCLE ( 'NONE', #4184, 100.0000000000000142 ) ;
#1288 = VECTOR ( 'NONE', #3673, 1000.000000000000000 ) ;
#1289 = AXIS2_PLACEMENT_3D ( 'NONE', #105, #4043, #6806 ) ;
#1290 = EDGE_CURVE ( 'NONE', #4709, #3361, #10852, .T. ) ;
#1291 = EDGE_CURVE ( 'NONE', #2260, #4854, #4334, .T. ) ;
#1292 = DIRECTION ( 'NONE',  ( 0.000000000000000000, 0.000000000000000000, 1.000000000000000000 ) ) ;
#1293 = EDGE_CURVE ( 'NONE', #11202, #7591, #10976, .T. ) ;
#1294 = LINE ( 'NONE', #9168, #6481 ) ;
#1295 = AXIS2_PLACEMENT_3D ( 'NONE', #11591, #2770, #6760 ) ;
#1296 = AXIS2_PLACEMENT_3D ( 'NONE', #2197, #2140, #11813 ) ;
#1297 = VERTEX_POINT ( 'NONE', #3888 ) ;
#1298 = VECTOR ( 'NONE', #4251, 1000.000000000000114 ) ;
#1299 = DIRECTION ( 'NONE',  ( -1.000000000000000000, -0.000000000000000000, -0.000000000000000000 ) ) ;
#1300 = ORIENTED_EDGE ( 'NONE', *, *, #5442, .F. ) ;
#1301 = EDGE_CURVE ( 'NONE', #4602, #4954, #6923, .T. ) ;
#1302 = CARTESIAN_POINT ( 'NONE',  ( 5.000000000000006217, -89.39176922837225447, 144.4171432598701870 ) ) ;
#1303 = DIRECTION ( 'NONE',  ( -1.000000000000000000, 0.000000000000000000, -0.000000000000000000 ) ) ;
#1304 = ORIENTED_EDGE ( 'NONE', *, *, #4762, .F. ) ;
#1305 = CARTESIAN_POINT ( 'NONE',  ( 5.000000000000006217, -51.37509422393618053, -61.32372863323259793 ) ) ;
#1306 = VECTOR ( 'NONE', #7800, 1000.000000000000000 ) ;
#1307 = CARTESIAN_POINT ( 'NONE',  ( 5.000000000000006217, 10.49922515126960221, 139.7492484617411321 ) ) ;
#1308 = VECTOR ( 'NONE', #8356, 1000.000000000000000 ) ;
#1309 = AXIS2_PLACEMENT_3D ( 'NONE', #11495, #747, #551 ) ;
#1310 = DIRECTION ( 'NONE',  ( 0.000000000000000000, 0.000000000000000000, 1.000000000000000000 ) ) ;
#1311 = CYLINDRICAL_SURFACE ( 'NONE', #12198, 100.0000000000000000 ) ;
#1312 = CARTESIAN_POINT ( 'NONE',  ( -4.999999999999993783, 72.74911232729596122, -33.28012403207775094 ) ) ;
#1313 = AXIS2_PLACEMENT_3D ( 'NONE', #1356, #2064, #7938 ) ;
#1314 = DIRECTION ( 'NONE',  ( 0.000000000000000000, 0.9848077530122074652, -0.1736481776669340782 ) ) ;
#1315 = EDGE_CURVE ( 'NONE', #9604, #1246, #8987, .T. ) ;
#1316 = LINE ( 'NONE', #11246, #12562 ) ;
#1317 = DIRECTION ( 'NONE',  ( 0.000000000000000000, -0.6785596161822498029, 0.7345453337178026176 ) ) ;
#1318 = CARTESIAN_POINT ( 'NONE',  ( -4.999999999999993783, 42.04161805105322003, 165.8082026736148578 ) ) ;
#1319 = CIRCLE ( 'NONE', #5242, 100.0000000000002132 ) ;
#1320 = EDGE_CURVE ( 'NONE', #8562, #1502, #426, .T. ) ;
#1321 = ORIENTED_EDGE ( 'NONE', *, *, #811, .F. ) ;
#1322 = ORIENTED_EDGE ( 'NONE', *, *, #5121, .T. ) ;
#1323 = CARTESIAN_POINT ( 'NONE',  ( -4.999999999999993783, -155.9887531452610574, 70.19520364235701493 ) ) ;
#1324 = ORIENTED_EDGE ( 'NONE', *, *, #5774, .T. ) ;
#1325 = DIRECTION ( 'NONE',  ( -1.000000000000000000, 0.000000000000000000, -0.000000000000000000 ) ) ;
#1326 = AXIS2_PLACEMENT_3D ( 'NONE', #829, #4774, #12638 ) ;
#1327 = FACE_OUTER_BOUND ( 'NONE', #4278, .T. ) ;
#1328 = DIRECTION ( 'NONE',  ( 0.000000000000000000, 0.000000000000000000, 1.000000000000000000 ) ) ;
#1329 = CARTESIAN_POINT ( 'NONE',  ( -5.000000000000004441, 0.000000000000000000, 0.000000000000000000 ) ) ;
#1330 = DIRECTION ( 'NONE',  ( 1.000000000000000000, 0.000000000000000000, 0.000000000000000000 ) ) ;
#1331 = DIRECTION ( 'NONE',  ( 0.000000000000000000, 0.000000000000000000, 1.000000000000000000 ) ) ;
#1332 = DIRECTION ( 'NONE',  ( 0.000000000000000000, 0.4999999999999948930, -0.8660254037844415942 ) ) ;
#1333 = VECTOR ( 'NONE', #4889, 1000.000000000000000 ) ;
#1334 = CARTESIAN_POINT ( 'NONE',  ( 5.000000000000006217, -70.03176487497644587, 121.2970252097155566 ) ) ;
#1335 = ORIENTED_EDGE ( 'NONE', *, *, #1315, .T. ) ;
#1336 = EDGE_CURVE ( 'NONE', #6827, #5799, #5984, .T. ) ;
#1337 = ORIENTED_EDGE ( 'NONE', *, *, #2626, .F. ) ;
#1338 = CARTESIAN_POINT ( 'NONE',  ( -4.999999999999993783, -69.25074739081624386, -40.05413818588575481 ) ) ;
#1339 = ORIENTED_EDGE ( 'NONE', *, *, #8711, .F. ) ;
#1340 = DIRECTION ( 'NONE',  ( -0.000000000000000000, 0.000000000000000000, 1.000000000000000000 ) ) ;
#1341 = DIRECTION ( 'NONE',  ( 0.000000000000000000, 0.8660254037844363761, -0.5000000000000041078 ) ) ;
#1342 = AXIS2_PLACEMENT_3D ( 'NONE', #11638, #2609, #11560 ) ;
#1343 = CARTESIAN_POINT ( 'NONE',  ( 5.000000000000006217, 74.37371037525558393, -154.0402834560582050 ) ) ;
#1344 = LINE ( 'NONE', #5288, #3702 ) ;
#1345 = VERTEX_POINT ( 'NONE', #3046 ) ;
#1346 = CARTESIAN_POINT ( 'NONE',  ( 5.000000000000004441, 20.19264586401552464, -138.5361218347419197 ) ) ;
#1347 = ORIENTED_EDGE ( 'NONE', *, *, #12645, .F. ) ;
#1348 = DIRECTION ( 'NONE',  ( -1.000000000000000000, -0.000000000000000000, 0.000000000000000000 ) ) ;
#1349 = ORIENTED_EDGE ( 'NONE', *, *, #4323, .F. ) ;
#1350 = EDGE_CURVE ( 'NONE', #2573, #8132, #9689, .T. ) ;
#1351 = CYLINDRICAL_SURFACE ( 'NONE', #4395, 100.0000000000002132 ) ;
#1352 = VECTOR ( 'NONE', #9300, 1000.000000000000114 ) ;
#1353 = ORIENTED_EDGE ( 'NONE', *, *, #3253, .F. ) ;
#1354 = ORIENTED_EDGE ( 'NONE', *, *, #3581, .T. ) ;
#1355 = CARTESIAN_POINT ( 'NONE',  ( -5.000000000000004441, 0.000000000000000000, 0.000000000000000000 ) ) ;
#1356 = CARTESIAN_POINT ( 'NONE',  ( 5.000000000000004441, 0.000000000000000000, 0.000000000000000000 ) ) ;
#1357 = ORIENTED_EDGE ( 'NONE', *, *, #7041, .T. ) ;
#1358 = DIRECTION ( 'NONE',  ( 0.000000000000000000, 0.000000000000000000, 1.000000000000000000 ) ) ;
#1359 = EDGE_CURVE ( 'NONE', #10132, #321, #4870, .T. ) ;
#1360 = ORIENTED_EDGE ( 'NONE', *, *, #8142, .T. ) ;
#1361 = DIRECTION ( 'NONE',  ( -1.000000000000000000, -0.000000000000000000, -0.000000000000000000 ) ) ;
#1362 = EDGE_CURVE ( 'NONE', #10489, #9072, #7829, .T. ) ;
#1363 = DIRECTION ( 'NONE',  ( 0.000000000000000000, -0.2968551111398091691, -0.9549225324549481808 ) ) ;
#1364 = ORIENTED_EDGE ( 'NONE', *, *, #4807, .F. ) ;
#1365 = CARTESIAN_POINT ( 'NONE',  ( 4.999999999999999112, 27.30284647801143549, 75.19677236556638888 ) ) ;
#1366 = CARTESIAN_POINT ( 'NONE',  ( 5.000000000000006217, -72.74911232729571964, 33.28012403207824832 ) ) ;
#1367 = CARTESIAN_POINT ( 'NONE',  ( -4.999999999999993783, 79.99997556444867541, 0.06252750026174147546 ) ) ;
#1368 = EDGE_CURVE ( 'NONE', #3219, #10942, #1959, .T. ) ;
#1369 = ADVANCED_FACE ( 'NONE', ( #10906 ), #3833, .F. ) ;
#1370 = CARTESIAN_POINT ( 'NONE',  ( -4.999999999999992895, 70.00000000000143530, 121.2435565298206086 ) ) ;
#1371 = CARTESIAN_POINT ( 'NONE',  ( 5.000000000000006217, 12.61061916935282667, 170.5896538667299183 ) ) ;
#1372 = DIRECTION ( 'NONE',  ( 0.000000000000000000, -1.000000000000000000, 1.054711873393898713E-14 ) ) ;
#1373 = CARTESIAN_POINT ( 'NONE',  ( 5.000000000000006217, 47.90336138264957100, 131.6156692209314372 ) ) ;
#1374 = DIRECTION ( 'NONE',  ( -1.000000000000000000, -0.000000000000000000, -0.000000000000000000 ) ) ;
#1375 = LINE ( 'NONE', #10920, #1721 ) ;
#1376 = VERTEX_POINT ( 'NONE', #1171 ) ;
#1377 = ORIENTED_EDGE ( 'NONE', *, *, #3113, .F. ) ;
#1378 = DIRECTION ( 'NONE',  ( 1.000000000000000000, 0.000000000000000000, 0.000000000000000000 ) ) ;
#1379 = EDGE_LOOP ( 'NONE', ( #5993, #121, #6306 ) ) ;
#1380 = DIRECTION ( 'NONE',  ( -1.000000000000000000, -0.000000000000000000, -0.000000000000000000 ) ) ;
#1381 = EDGE_CURVE ( 'NONE', #6462, #9309, #11600, .T. ) ;
#1382 = DIRECTION ( 'NONE',  ( 0.000000000000000000, -0.8507457776495355173, 0.5255774175242760027 ) ) ;
#1383 = DIRECTION ( 'NONE',  ( -1.000000000000000000, -0.000000000000000000, -0.000000000000000000 ) ) ;
#1384 = PLANE ( 'NONE',  #4032 ) ;
#1385 = FACE_OUTER_BOUND ( 'NONE', #11295, .T. ) ;
#1386 = DIRECTION ( 'NONE',  ( 0.000000000000000000, 0.000000000000000000, -1.000000000000000000 ) ) ;
#1387 = DIRECTION ( 'NONE',  ( 0.000000000000000000, 0.000000000000000000, 1.000000000000000000 ) ) ;
#1388 = DIRECTION ( 'NONE',  ( 0.000000000000000000, 0.000000000000000000, 1.000000000000000000 ) ) ;
#1389 = ORIENTED_EDGE ( 'NONE', *, *, #3200, .T. ) ;
#1390 = ORIENTED_EDGE ( 'NONE', *, *, #12708, .F. ) ;
#1391 = CARTESIAN_POINT ( 'NONE',  ( 17.70128209754042103, 52.58839007078746874, 13.15698924274190951 ) ) ;
#1392 = ORIENTED_EDGE ( 'NONE', *, *, #12002, .F. ) ;
#1393 = DIRECTION ( 'NONE',  ( -1.000000000000000000, -0.000000000000000000, -0.000000000000000000 ) ) ;
#1394 = CYLINDRICAL_SURFACE ( 'NONE', #3128, 100.0000000000000000 ) ;
#1395 = EDGE_CURVE ( 'NONE', #9025, #10774, #12154, .T. ) ;
#1396 = CARTESIAN_POINT ( 'NONE',  ( -4.999999999999993783, 170.5896538667300604, -12.61061916935111960 ) ) ;
#1397 = CARTESIAN_POINT ( 'NONE',  ( 5.000000000000004441, 0.000000000000000000, 0.000000000000000000 ) ) ;
#1398 = ORIENTED_EDGE ( 'NONE', *, *, #9770, .T. ) ;
#1399 = LINE ( 'NONE', #2313, #1918 ) ;
#1400 = EDGE_LOOP ( 'NONE', ( #8315, #6903, #12353, #5829, #7776, #3608 ) ) ;
#1401 = CARTESIAN_POINT ( 'NONE',  ( 17.99206569728012539, 3.432906248407234351, 53.89828172638133452 ) ) ;
#1402 = ORIENTED_EDGE ( 'NONE', *, *, #12235, .T. ) ;
#1403 = CARTESIAN_POINT ( 'NONE',  ( 17.58247723553555986, -34.94209239838835401, -41.54597010902185872 ) ) ;
#1404 = VERTEX_POINT ( 'NONE', #10712 ) ;
#1405 = ORIENTED_EDGE ( 'NONE', *, *, #7723, .T. ) ;
#1406 = CIRCLE ( 'NONE', #1823, 100.0000000000000142 ) ;
#1407 = EDGE_CURVE ( 'NONE', #12105, #8342, #1651, .T. ) ;
#1408 = CARTESIAN_POINT ( 'NONE',  ( -4.999999999999993783, 134.9122840309204321, 37.93101358992105787 ) ) ;
#1409 = FACE_BOUND ( 'NONE', #8173, .T. ) ;
#1410 = ORIENTED_EDGE ( 'NONE', *, *, #2704, .T. ) ;
#1411 = DIRECTION ( 'NONE',  ( 0.000000000000000000, -1.000000000000000000, 1.047444401652940007E-14 ) ) ;
#1412 = ORIENTED_EDGE ( 'NONE', *, *, #4869, .T. ) ;
#1413 = CARTESIAN_POINT ( 'NONE',  ( 18.00000000000000355, 0.000000000000000000, 0.000000000000000000 ) ) ;
#1414 = AXIS2_PLACEMENT_3D ( 'NONE', #9853, #7917, #2961 ) ;
#1415 = DIRECTION ( 'NONE',  ( -1.000000000000000000, -0.000000000000000000, -0.000000000000000000 ) ) ;
#1416 = VERTEX_POINT ( 'NONE', #9763 ) ;
#1417 = CARTESIAN_POINT ( 'NONE',  ( -4.999999999999993783, 165.8082026736152272, -42.04161805105150052 ) ) ;
#1418 = CARTESIAN_POINT ( 'NONE',  ( -40.00000000000000000, -35.26711513754810312, -48.54101966249704958 ) ) ;
#1419 = CARTESIAN_POINT ( 'NONE',  ( -40.00000000000000000, 9.491012693391985026E-15, -74.99999999999997158 ) ) ;
#1420 = AXIS2_PLACEMENT_3D ( 'NONE', #5227, #2124, #10053 ) ;
#1421 = EDGE_CURVE ( 'NONE', #12286, #4292, #8446, .T. ) ;
#1422 = CARTESIAN_POINT ( 'NONE',  ( 4.999999999999997335, 57.06339097770900537, 11.54101966249747946 ) ) ;
#1423 = CARTESIAN_POINT ( 'NONE',  ( 5.000000000000004441, 0.000000000000000000, 0.000000000000000000 ) ) ;
#1424 = ORIENTED_EDGE ( 'NONE', *, *, #5782, .T. ) ;
#1425 = DIRECTION ( 'NONE',  ( -0.000000000000000000, 0.9494645049895560351, 0.3138744235597053511 ) ) ;
#1426 = FACE_OUTER_BOUND ( 'NONE', #8960, .T. ) ;
#1427 = CARTESIAN_POINT ( 'NONE',  ( -87.20833333333341386, 0.000000000000000000, 0.000000000000000000 ) ) ;
#1428 = EDGE_CURVE ( 'NONE', #4280, #6535, #841, .T. ) ;
#1429 = ORIENTED_EDGE ( 'NONE', *, *, #8738, .T. ) ;
#1430 = EDGE_CURVE ( 'NONE', #6936, #893, #11042, .T. ) ;
#1431 = AXIS2_PLACEMENT_3D ( 'NONE', #5083, #7964, #1255 ) ;
#1432 = ORIENTED_EDGE ( 'NONE', *, *, #10635, .F. ) ;
#1433 = PLANE ( 'NONE',  #8702 ) ;
#1434 = EDGE_LOOP ( 'NONE', ( #3499, #3863 ) ) ;
#1435 = LINE ( 'NONE', #9245, #4385 ) ;
#1436 = CARTESIAN_POINT ( 'NONE',  ( 5.000000000000006217, -70.19520364235647492, -155.9887531452612848 ) ) ;
#1437 = DIRECTION ( 'NONE',  ( 0.000000000000000000, 0.000000000000000000, 1.000000000000000000 ) ) ;
#1438 = AXIS2_PLACEMENT_3D ( 'NONE', #2459, #9375, #5372 ) ;
#1439 = AXIS2_PLACEMENT_3D ( 'NONE', #8588, #4530, #5561 ) ;
#1440 = ADVANCED_FACE ( 'NONE', ( #12000 ), #9037, .F. ) ;
#1441 = FACE_BOUND ( 'NONE', #3832, .T. ) ;
#1442 = CARTESIAN_POINT ( 'NONE',  ( -4.999999999999993783, -34.60721386647372100, 166.2815095599044071 ) ) ;
#1443 = CARTESIAN_POINT ( 'NONE',  ( 35.00000000000000000, 0.000000000000000000, 34.99999999999999289 ) ) ;
#1444 = CARTESIAN_POINT ( 'NONE',  ( 14.99999999999997158, 0.000000000000000000, 0.000000000000000000 ) ) ;
#1445 = CARTESIAN_POINT ( 'NONE',  ( 5.000000000000006217, 170.1878247496342169, 17.20354699452879288 ) ) ;
#1446 = ORIENTED_EDGE ( 'NONE', *, *, #10999, .F. ) ;
#1447 = EDGE_CURVE ( 'NONE', #9090, #10560, #7414, .T. ) ;
#1448 = VERTEX_POINT ( 'NONE', #7304 ) ;
#1449 = FACE_OUTER_BOUND ( 'NONE', #12024, .T. ) ;
#1450 = VERTEX_POINT ( 'NONE', #1419 ) ;
#1451 = CARTESIAN_POINT ( 'NONE',  ( 4.999999999999999112, 72.25628210076403946, 34.33700186351173755 ) ) ;
#1452 = AXIS2_PLACEMENT_3D ( 'NONE', #9614, #775, #8635 ) ;
#1453 = DIRECTION ( 'NONE',  ( 0.000000000000000000, -0.4739787468447000385, 0.8805362840562152016 ) ) ;
#1454 = CARTESIAN_POINT ( 'NONE',  ( -5.416252064353368922, 31.49883506951550061, -42.62835655720672179 ) ) ;
#1455 = VECTOR ( 'NONE', #3902, 1000.000000000000000 ) ;
#1456 = B_SPLINE_CURVE_WITH_KNOTS ( 'NONE', 3,
 ( #12414, #12604, #12476, #7708, #1777, #684, #9442, #608, #6608, #4549, #803, #3646, #12342, #7634, #5716, #8476, #11496, #3511, #552, #1579, #9587, #10419 ),
 .UNSPECIFIED., .F., .F.,
 ( 4, 2, 2, 2, 2, 2, 2, 2, 2, 2, 4 ),
 ( 0.001572559924225010609, 0.002214050884948276943, 0.002855541845671542844, 0.004138523767118056432, 0.005421505688564569152, 0.006062996649287827680, 0.006704487610011087076, 0.007987469531457614541, 0.009270451452904142006, 0.01055343337435066947, 0.01183641529579719694 ),
 .UNSPECIFIED. ) ;
#1457 = CIRCLE ( 'NONE', #11555, 99.99999999999998579 ) ;
#1458 = CARTESIAN_POINT ( 'NONE',  ( 5.000000000000006217, -78.96721993192188904, -115.7767867520169034 ) ) ;
#1459 = ORIENTED_EDGE ( 'NONE', *, *, #11490, .F. ) ;
#1460 = FACE_OUTER_BOUND ( 'NONE', #4229, .T. ) ;
#1461 = VECTOR ( 'NONE', #71, 1000.000000000000000 ) ;
#1462 = ORIENTED_EDGE ( 'NONE', *, *, #10648, .F. ) ;
#1463 = ADVANCED_FACE ( 'NONE', ( #9231 ), #2401, .F. ) ;
#1464 = CARTESIAN_POINT ( 'NONE',  ( 14.99999999999997158, 4.686149805543990965, 54.79999999999999716 ) ) ;
#1465 = EDGE_LOOP ( 'NONE', ( #4713, #3717 ) ) ;
#1466 = DIRECTION ( 'NONE',  ( 0.000000000000000000, -0.9995561643689829801, 0.02979050640668165148 ) ) ;
#1467 = VERTEX_POINT ( 'NONE', #9294 ) ;
#1468 = ORIENTED_EDGE ( 'NONE', *, *, #2164, .F. ) ;
#1469 = ADVANCED_FACE ( 'NONE', ( #5368 ), #467, .F. ) ;
#1470 = CIRCLE ( 'NONE', #10122, 100.0000000000002132 ) ;
#1471 = AXIS2_PLACEMENT_3D ( 'NONE', #9100, #272, #5357 ) ;
#1472 = AXIS2_PLACEMENT_3D ( 'NONE', #7334, #11210, #11449 ) ;
#1473 = ORIENTED_EDGE ( 'NONE', *, *, #571, .T. ) ;
#1474 = CIRCLE ( 'NONE', #8258, 140.0000000000000000 ) ;
#1475 = DIRECTION ( 'NONE',  ( -1.000000000000000000, -0.000000000000000000, -0.000000000000000000 ) ) ;
#1476 = CARTESIAN_POINT ( 'NONE',  ( 14.99999999999997158, -4.686149805543989189, 54.79999999999999716 ) ) ;
#1477 = ORIENTED_EDGE ( 'NONE', *, *, #8540, .F. ) ;
#1478 = AXIS2_PLACEMENT_3D ( 'NONE', #3213, #5980, #6052 ) ;
#1479 = CIRCLE ( 'NONE', #3767, 100.0000000000001847 ) ;
#1480 = CIRCLE ( 'NONE', #1286, 29.99999999999999289 ) ;
#1481 = ORIENTED_EDGE ( 'NONE', *, *, #10740, .F. ) ;
#1482 = AXIS2_PLACEMENT_3D ( 'NONE', #11634, #1769, #3639 ) ;
#1483 = CARTESIAN_POINT ( 'NONE',  ( -4.999999999999993783, 53.17002841738505481, 161.3076183917390267 ) ) ;
#1484 = CARTESIAN_POINT ( 'NONE',  ( 5.000000000000006217, 131.6151391931839214, 47.90481762191758719 ) ) ;
#1485 = AXIS2_PLACEMENT_3D ( 'NONE', #5123, #9048, #1052 ) ;
#1486 = VECTOR ( 'NONE', #1819, 1000.000000000000000 ) ;
#1487 = ORIENTED_EDGE ( 'NONE', *, *, #1139, .F. ) ;
#1488 = ORIENTED_EDGE ( 'NONE', *, *, #3059, .F. ) ;
#1489 = EDGE_CURVE ( 'NONE', #6345, #5761, #10320, .T. ) ;
#1490 = LINE ( 'NONE', #5435, #4982 ) ;
#1491 = CARTESIAN_POINT ( 'NONE',  ( 5.000000000000006217, -113.1114811425196791, 126.7004045252651849 ) ) ;
#1492 = AXIS2_PLACEMENT_3D ( 'NONE', #9194, #1325, #5454 ) ;
#1493 = DIRECTION ( 'NONE',  ( -1.000000000000000000, 0.000000000000000000, 0.000000000000000000 ) ) ;
#1494 = VECTOR ( 'NONE', #11097, 1000.000000000000114 ) ;
#1495 = AXIS2_PLACEMENT_3D ( 'NONE', #4791, #6666, #10454 ) ;
#1496 = DIRECTION ( 'NONE',  ( 0.000000000000000000, 0.000000000000000000, 1.000000000000000000 ) ) ;
#1497 = AXIS2_PLACEMENT_3D ( 'NONE', #8040, #7095, #6367 ) ;
#1498 = PLANE ( 'NONE',  #12056 ) ;
#1499 = ORIENTED_EDGE ( 'NONE', *, *, #6777, .F. ) ;
#1500 = CARTESIAN_POINT ( 'NONE',  ( -5.999999989902971009E-06, -50.66979716487450958, 21.39092460064480861 ) ) ;
#1501 = CARTESIAN_POINT ( 'NONE',  ( 5.000000000000006217, 12.61061916935282667, 170.5896538667299183 ) ) ;
#1502 = VERTEX_POINT ( 'NONE', #8332 ) ;
#1503 = AXIS2_PLACEMENT_3D ( 'NONE', #9277, #8182, #1292 ) ;
#1504 = EDGE_CURVE ( 'NONE', #7835, #12659, #283, .T. ) ;
#1505 = ORIENTED_EDGE ( 'NONE', *, *, #3468, .F. ) ;
#1506 = DIRECTION ( 'NONE',  ( -1.000000000000000000, 0.000000000000000000, 0.000000000000000000 ) ) ;
#1507 = EDGE_LOOP ( 'NONE', ( #11541, #9273, #422, #10955, #1462, #5882 ) ) ;
#1508 = CIRCLE ( 'NONE', #8727, 100.0000000000000000 ) ;
#1509 = DIRECTION ( 'NONE',  ( -1.000000000000000000, -0.000000000000000000, -0.000000000000000000 ) ) ;
#1510 = DIRECTION ( 'NONE',  ( 1.000000000000000000, 0.000000000000000000, 0.000000000000000000 ) ) ;
#1511 = TOROIDAL_SURFACE ( 'NONE', #3366, 39.99999999999999289, 4.999999999999999112 ) ;
#1512 = CARTESIAN_POINT ( 'NONE',  ( -5.000000000000004441, 135.6633369849137978, -34.57541031018615740 ) ) ;
#1513 = VECTOR ( 'NONE', #769, 1000.000000000000000 ) ;
#1514 = AXIS2_PLACEMENT_3D ( 'NONE', #2867, #5715, #10612 ) ;
#1515 = FACE_BOUND ( 'NONE', #5194, .T. ) ;
#1516 = CARTESIAN_POINT ( 'NONE',  ( -4.999999999999993783, 65.19598901652483391, 46.36251736216635777 ) ) ;
#1517 = DIRECTION ( 'NONE',  ( 0.000000000000000000, 0.000000000000000000, 1.000000000000000000 ) ) ;
#1518 = PLANE ( 'NONE',  #1309 ) ;
#1519 = DIRECTION ( 'NONE',  ( -1.000000000000000000, -0.000000000000000000, -0.000000000000000000 ) ) ;
#1520 = EDGE_CURVE ( 'NONE', #10651, #7408, #10109, .T. ) ;
#1521 = EDGE_CURVE ( 'NONE', #706, #5427, #2492, .T. ) ;
#1522 = ORIENTED_EDGE ( 'NONE', *, *, #3895, .T. ) ;
#1523 = CARTESIAN_POINT ( 'NONE',  ( 17.37587947082505835, 52.83465355318207202, 12.96174631732584359 ) ) ;
#1524 = EDGE_CURVE ( 'NONE', #9667, #5056, #4553, .T. ) ;
#1525 = AXIS2_PLACEMENT_3D ( 'NONE', #8027, #3017, #5026 ) ;
#1526 = ORIENTED_EDGE ( 'NONE', *, *, #12113, .F. ) ;
#1527 = CARTESIAN_POINT ( 'NONE',  ( -4.999999999999993783, -42.04161805105204053, -165.8082026736150567 ) ) ;
#1528 = CIRCLE ( 'NONE', #92, 99.99999999999998579 ) ;
#1529 = FACE_OUTER_BOUND ( 'NONE', #3859, .T. ) ;
#1530 = EDGE_CURVE ( 'NONE', #11185, #2039, #12264, .T. ) ;
#1531 = ADVANCED_FACE ( 'NONE', ( #12319 ), #3295, .T. ) ;
#1532 = DIRECTION ( 'NONE',  ( 0.000000000000000000, 0.9848077530122073542, -0.1736481776669340227 ) ) ;
#1533 = CIRCLE ( 'NONE', #925, 140.0000000000000000 ) ;
#1534 = DIRECTION ( 'NONE',  ( 1.000000000000000000, 0.000000000000000000, 0.000000000000000000 ) ) ;
#1535 = ORIENTED_EDGE ( 'NONE', *, *, #6699, .T. ) ;
#1536 = DIRECTION ( 'NONE',  ( 0.000000000000000000, -0.9848077530122096857, -0.1736481776669207555 ) ) ;
#1537 = VERTEX_POINT ( 'NONE', #10394 ) ;
#1538 = FACE_OUTER_BOUND ( 'NONE', #1882, .T. ) ;
#1539 = VERTEX_POINT ( 'NONE', #1367 ) ;
#1540 = ORIENTED_EDGE ( 'NONE', *, *, #11350, .F. ) ;
#1541 = CARTESIAN_POINT ( 'NONE',  ( 5.000000000000006217, -0.0007748487303973066202, 140.0621876725833772 ) ) ;
#1542 = ORIENTED_EDGE ( 'NONE', *, *, #8156, .F. ) ;
#1543 = ORIENTED_EDGE ( 'NONE', *, *, #4768, .F. ) ;
#1544 = AXIS2_PLACEMENT_3D ( 'NONE', #6814, #7773, #9594 ) ;
#1545 = ORIENTED_EDGE ( 'NONE', *, *, #5162, .F. ) ;
#1546 = EDGE_CURVE ( 'NONE', #10615, #11202, #12365, .T. ) ;
#1547 = DIRECTION ( 'NONE',  ( -1.000000000000000000, -0.000000000000000000, -0.000000000000000000 ) ) ;
#1548 = CARTESIAN_POINT ( 'NONE',  ( 18.24471137562568401, -3.104898314883920651, 53.72118088740931086 ) ) ;
#1549 = ORIENTED_EDGE ( 'NONE', *, *, #8169, .F. ) ;
#1550 = CIRCLE ( 'NONE', #12051, 140.0000000000000000 ) ;
#1551 = VERTEX_POINT ( 'NONE', #11100 ) ;
#1552 = DIRECTION ( 'NONE',  ( -1.000000000000000000, -0.000000000000000000, -0.000000000000000000 ) ) ;
#1553 = DIRECTION ( 'NONE',  ( -1.000000000000000000, -0.000000000000000000, -0.000000000000000000 ) ) ;
#1554 = VERTEX_POINT ( 'NONE', #11289 ) ;
#1555 = EDGE_LOOP ( 'NONE', ( #7042, #4698, #8670, #11328 ) ) ;
#1556 = DIRECTION ( 'NONE',  ( 1.000000000000000000, 0.000000000000000000, 0.000000000000000000 ) ) ;
#1557 = AXIS2_PLACEMENT_3D ( 'NONE', #7553, #10514, #2724 ) ;
#1558 = CARTESIAN_POINT ( 'NONE',  ( 5.000000000000006217, 140.0621876725833772, 0.0007748487318643802616 ) ) ;
#1559 = EDGE_CURVE ( 'NONE', #10715, #6869, #10326, .T. ) ;
#1560 = DIRECTION ( 'NONE',  ( 0.000000000000000000, 0.8660254037844399289, 0.4999999999999979461 ) ) ;
#1561 = EDGE_CURVE ( 'NONE', #6632, #9815, #4771, .T. ) ;
#1562 = CARTESIAN_POINT ( 'NONE',  ( 5.000000000000004441, 0.000000000000000000, 0.000000000000000000 ) ) ;
#1563 = EDGE_LOOP ( 'NONE', ( #9034, #10830, #11460, #10565 ) ) ;
#1564 = CARTESIAN_POINT ( 'NONE',  ( 14.99999999999997158, 36.00180665649982359, -41.57968154601480393 ) ) ;
#1565 = DIRECTION ( 'NONE',  ( 0.000000000000000000, 0.7848534137046764281, 0.6196814657516521718 ) ) ;
#1566 = ORIENTED_EDGE ( 'NONE', *, *, #7033, .F. ) ;
#1567 = ORIENTED_EDGE ( 'NONE', *, *, #10351, .T. ) ;
#1568 = DIRECTION ( 'NONE',  ( -1.000000000000000000, -0.000000000000000000, -0.000000000000000000 ) ) ;
#1569 = EDGE_LOOP ( 'NONE', ( #1790, #2550, #3497 ) ) ;
#1570 = DIRECTION ( 'NONE',  ( 0.000000000000000000, 0.3864081637724074980, -0.9223278869090082432 ) ) ;
#1571 = LINE ( 'NONE', #8277, #8274 ) ;
#1572 = FACE_OUTER_BOUND ( 'NONE', #9541, .T. ) ;
#1573 = ADVANCED_FACE ( 'NONE', ( #340 ), #394, .T. ) ;
#1574 = ORIENTED_EDGE ( 'NONE', *, *, #4050, .T. ) ;
#1575 = LINE ( 'NONE', #4287, #8131 ) ;
#1576 = LINE ( 'NONE', #11562, #8435 ) ;
#1577 = CARTESIAN_POINT ( 'NONE',  ( 5.000000000000006217, 164.6149246967153488, 46.49499208839476694 ) ) ;
#1578 = CARTESIAN_POINT ( 'NONE',  ( -4.999999999999993783, -126.7004045252647870, -113.1114811425201054 ) ) ;
#1579 = CARTESIAN_POINT ( 'NONE',  ( -5.029376586021593099, 50.35660503755020301, 20.59134573461852824 ) ) ;
#1580 = VERTEX_POINT ( 'NONE', #7416 ) ;
#1581 = DIRECTION ( 'NONE',  ( -1.000000000000000000, 0.000000000000000000, 0.000000000000000000 ) ) ;
#1582 = FACE_BOUND ( 'NONE', #4838, .T. ) ;
#1583 = FACE_OUTER_BOUND ( 'NONE', #2781, .T. ) ;
#1584 = ADVANCED_FACE ( 'NONE', ( #11349 ), #2527, .F. ) ;
#1585 = CARTESIAN_POINT ( 'NONE',  ( -4.999999999999993783, 121.2978000584466969, -70.03042279760595079 ) ) ;
#1586 = DIRECTION ( 'NONE',  ( 0.000000000000000000, 0.000000000000000000, 1.000000000000000000 ) ) ;
#1587 = ORIENTED_EDGE ( 'NONE', *, *, #5956, .F. ) ;
#1588 = FACE_OUTER_BOUND ( 'NONE', #8167, .T. ) ;
#1589 = FACE_OUTER_BOUND ( 'NONE', #9534, .T. ) ;
#1590 = ORIENTED_EDGE ( 'NONE', *, *, #947, .T. ) ;
#1591 = CARTESIAN_POINT ( 'NONE',  ( 5.000000000000006217, 24.32230672642583258, -137.9341937727408549 ) ) ;
#1592 = ORIENTED_EDGE ( 'NONE', *, *, #1320, .F. ) ;
#1593 = ORIENTED_EDGE ( 'NONE', *, *, #6458, .T. ) ;
#1594 = CARTESIAN_POINT ( 'NONE',  ( -4.999999999999993783, 166.2815095599040376, 34.60721386647542630 ) ) ;
#1595 = ORIENTED_EDGE ( 'NONE', *, *, #6161, .T. ) ;
#1596 = EDGE_CURVE ( 'NONE', #7898, #3476, #9696, .T. ) ;
#1597 = ORIENTED_EDGE ( 'NONE', *, *, #10741, .T. ) ;
#1598 = EDGE_CURVE ( 'NONE', #1058, #10381, #12509, .T. ) ;
#1599 = ORIENTED_EDGE ( 'NONE', *, *, #4114, .F. ) ;
#1600 = DIRECTION ( 'NONE',  ( 0.000000000000000000, -0.1736481776669373256, -0.9848077530122067991 ) ) ;
#1601 = DIRECTION ( 'NONE',  ( 0.000000000000000000, -0.9396926207859045421, 0.3420201433256790380 ) ) ;
#1602 = ORIENTED_EDGE ( 'NONE', *, *, #164, .F. ) ;
#1603 = CARTESIAN_POINT ( 'NONE',  ( 5.000000000000006217, 0.0007748487313753557506, -140.0621876725833772 ) ) ;
#1604 = ORIENTED_EDGE ( 'NONE', *, *, #4168, .F. ) ;
#1605 = CARTESIAN_POINT ( 'NONE',  ( 5.000000000000006217, 75.15400103636444840, 27.42035973919391267 ) ) ;
#1606 = DIRECTION ( 'NONE',  ( 0.000000000000000000, -0.7660444431189707970, 0.6427876096865481337 ) ) ;
#1607 = ORIENTED_EDGE ( 'NONE', *, *, #6984, .T. ) ;
#1608 = ORIENTED_EDGE ( 'NONE', *, *, #10766, .F. ) ;
#1609 = EDGE_CURVE ( 'NONE', #5679, #9352, #850, .T. ) ;
#1610 = CARTESIAN_POINT ( 'NONE',  ( 5.000000000000006217, -168.0898717532971034, 24.35148223580149818 ) ) ;
#1611 = LINE ( 'NONE', #8523, #9491 ) ;
#1612 = CARTESIAN_POINT ( 'NONE',  ( 5.000000000000006217, 70.19520364235756915, 155.9887531452608016 ) ) ;
#1613 = VECTOR ( 'NONE', #6307, 1000.000000000000000 ) ;
#1614 = CARTESIAN_POINT ( 'NONE',  ( -4.999999999999992895, -121.2435565298218449, -69.99999999999928946 ) ) ;
#1615 = VERTEX_POINT ( 'NONE', #10453 ) ;
#1616 = CARTESIAN_POINT ( 'NONE',  ( -5.000000000000004441, 0.000000000000000000, 0.000000000000000000 ) ) ;
#1617 = CARTESIAN_POINT ( 'NONE',  ( 5.000000000000006217, -70.19520364235647492, -155.9887531452612848 ) ) ;
#1618 = CARTESIAN_POINT ( 'NONE',  ( 5.000000000000004441, 0.000000000000000000, 0.000000000000000000 ) ) ;
#1619 = ORIENTED_EDGE ( 'NONE', *, *, #1184, .T. ) ;
#1620 = ORIENTED_EDGE ( 'NONE', *, *, #8756, .T. ) ;
#1621 = CARTESIAN_POINT ( 'NONE',  ( -5.000000000000004441, 0.000000000000000000, 0.000000000000000000 ) ) ;
#1622 = ORIENTED_EDGE ( 'NONE', *, *, #10307, .F. ) ;
#1623 = CARTESIAN_POINT ( 'NONE',  ( -4.999999999999993783, 139.7492484617412458, -10.49922515126813849 ) ) ;
#1624 = AXIS2_PLACEMENT_3D ( 'NONE', #10371, #1534, #9342 ) ;
#1625 = EDGE_CURVE ( 'NONE', #3272, #9409, #1875, .T. ) ;
#1626 = LINE ( 'NONE', #11254, #10133 ) ;
#1627 = DIRECTION ( 'NONE',  ( -1.000000000000000000, -0.000000000000000000, -0.000000000000000000 ) ) ;
#1628 = ORIENTED_EDGE ( 'NONE', *, *, #5971, .F. ) ;
#1629 = LINE ( 'NONE', #8544, #5677 ) ;
#1630 = CARTESIAN_POINT ( 'NONE',  ( -4.999999999999993783, -121.2978000584462137, 70.03042279760680344 ) ) ;
#1631 = VECTOR ( 'NONE', #5022, 1000.000000000000114 ) ;
#1632 = CARTESIAN_POINT ( 'NONE',  ( 5.000000000000006217, -165.8082026736149714, 42.04161805105262317 ) ) ;
#1633 = PLANE ( 'NONE',  #10578 ) ;
#1634 = CARTESIAN_POINT ( 'NONE',  ( 5.000000000000006217, -155.9887531452610574, 70.19520364235701493 ) ) ;
#1635 = ADVANCED_FACE ( 'NONE', ( #2847 ), #649, .F. ) ;
#1636 = ORIENTED_EDGE ( 'NONE', *, *, #4442, .F. ) ;
#1637 = FACE_OUTER_BOUND ( 'NONE', #2858, .T. ) ;
#1638 = DIRECTION ( 'NONE',  ( 1.000000000000000000, 0.000000000000000000, 0.000000000000000000 ) ) ;
#1639 = ADVANCED_FACE ( 'NONE', ( #3826 ), #9620, .T. ) ;
#1640 = AXIS2_PLACEMENT_3D ( 'NONE', #10727, #9777, #11757 ) ;
#1641 = DIRECTION ( 'NONE',  ( -1.000000000000000000, -0.000000000000000000, -0.000000000000000000 ) ) ;
#1642 = VECTOR ( 'NONE', #4666, 1000.000000000000000 ) ;
#1643 = DIRECTION ( 'NONE',  ( 0.000000000000000000, 0.04765018403449001322, -0.9988640848291018282 ) ) ;
#1644 = DIRECTION ( 'NONE',  ( -1.000000000000000000, -0.000000000000000000, -0.000000000000000000 ) ) ;
#1645 = CYLINDRICAL_SURFACE ( 'NONE', #244, 100.0000000000000284 ) ;
#1646 = EDGE_LOOP ( 'NONE', ( #251, #4042, #3327 ) ) ;
#1647 = DIRECTION ( 'NONE',  ( 0.000000000000000000, 0.000000000000000000, 1.000000000000000000 ) ) ;
#1648 = DIRECTION ( 'NONE',  ( 0.000000000000000000, -0.1265246573978923150, -0.9919634625682268725 ) ) ;
#1649 = VERTEX_POINT ( 'NONE', #843 ) ;
#1650 = DIRECTION ( 'NONE',  ( -1.000000000000000000, -0.000000000000000000, -0.000000000000000000 ) ) ;
#1651 = CIRCLE ( 'NONE', #6395, 140.0000000000000000 ) ;
#1652 = ORIENTED_EDGE ( 'NONE', *, *, #331, .F. ) ;
#1653 = DIRECTION ( 'NONE',  ( -1.000000000000000000, -0.000000000000000000, -0.000000000000000000 ) ) ;
#1654 = CIRCLE ( 'NONE', #1452, 100.0000000000000000 ) ;
#1655 = ORIENTED_EDGE ( 'NONE', *, *, #4218, .T. ) ;
#1656 = VERTEX_POINT ( 'NONE', #10512 ) ;
#1657 = EDGE_CURVE ( 'NONE', #4900, #5485, #1249, .T. ) ;
#1658 = VERTEX_POINT ( 'NONE', #7745 ) ;
#1659 = AXIS2_PLACEMENT_3D ( 'NONE', #6986, #6146, #3970 ) ;
#1660 = AXIS2_PLACEMENT_3D ( 'NONE', #4186, #8841, #370 ) ;
#1661 = CARTESIAN_POINT ( 'NONE',  ( 5.000000000000006217, -70.03042279760637712, -121.2978000584464837 ) ) ;
#1662 = CIRCLE ( 'NONE', #8882, 55.00000000000002842 ) ;
#1663 = CARTESIAN_POINT ( 'NONE',  ( 18.86315063499464273, -1.498076379138703063, 53.15586845838981844 ) ) ;
#1664 = EDGE_CURVE ( 'NONE', #3304, #330, #7550, .T. ) ;
#1665 = ORIENTED_EDGE ( 'NONE', *, *, #4917, .T. ) ;
#1666 = LINE ( 'NONE', #6646, #3553 ) ;
#1667 = ORIENTED_EDGE ( 'NONE', *, *, #11167, .T. ) ;
#1668 = CARTESIAN_POINT ( 'NONE',  ( 5.000000000000006217, -53.17002841738392505, -161.3076183917393394 ) ) ;
#1669 = CARTESIAN_POINT ( 'NONE',  ( -35.00000000000000000, 0.000000000000000000, 34.99999999999999289 ) ) ;
#1670 = EDGE_LOOP ( 'NONE', ( #11586, #12441, #4447 ) ) ;
#1671 = AXIS2_PLACEMENT_3D ( 'NONE', #8250, #12191, #5676 ) ;
#1672 = ORIENTED_EDGE ( 'NONE', *, *, #8347, .F. ) ;
#1673 = AXIS2_PLACEMENT_3D ( 'NONE', #2622, #4206, #1411 ) ;
#1674 = AXIS2_PLACEMENT_3D ( 'NONE', #5915, #9843, #1001 ) ;
#1675 = EDGE_CURVE ( 'NONE', #5294, #7739, #3750, .T. ) ;
#1676 = CIRCLE ( 'NONE', #2301, 140.0000000000000000 ) ;
#1677 = EDGE_CURVE ( 'NONE', #9352, #5559, #2910, .T. ) ;
#1678 = LINE ( 'NONE', #721, #7281 ) ;
#1679 = ADVANCED_FACE ( 'NONE', ( #9423 ), #11477, .F. ) ;
#1680 = DIRECTION ( 'NONE',  ( 0.000000000000000000, -0.1736481776669173416, 0.9848077530122103518 ) ) ;
#1681 = DIRECTION ( 'NONE',  ( -1.000000000000000000, 0.000000000000000000, 0.000000000000000000 ) ) ;
#1682 = CIRCLE ( 'NONE', #8901, 140.0000000000000000 ) ;
#1683 = EDGE_CURVE ( 'NONE', #4070, #7142, #11619, .T. ) ;
#1684 = AXIS2_PLACEMENT_3D ( 'NONE', #4892, #3716, #4751 ) ;
#1685 = ADVANCED_FACE ( 'NONE', ( #586 ), #2649, .F. ) ;
#1686 = CIRCLE ( 'NONE', #7661, 100.0000000000002132 ) ;
#1687 = AXIS2_PLACEMENT_3D ( 'NONE', #6716, #10640, #8710 ) ;
#1688 = CYLINDRICAL_SURFACE ( 'NONE', #735, 100.0000000000000000 ) ;
#1689 = ORIENTED_EDGE ( 'NONE', *, *, #9410, .T. ) ;
#1690 = CARTESIAN_POINT ( 'NONE',  ( 5.000000000000004441, -28.40726393314235310, -137.0876630329395880 ) ) ;
#1691 = DIRECTION ( 'NONE',  ( 0.000000000000000000, 0.000000000000000000, 1.000000000000000000 ) ) ;
#1692 = CYLINDRICAL_SURFACE ( 'NONE', #3182, 80.00000000000000000 ) ;
#1693 = ORIENTED_EDGE ( 'NONE', *, *, #10345, .F. ) ;
#1694 = ORIENTED_EDGE ( 'NONE', *, *, #7815, .F. ) ;
#1695 = DIRECTION ( 'NONE',  ( 0.000000000000000000, -0.6427876096865456912, -0.7660444431189727954 ) ) ;
#1696 = ORIENTED_EDGE ( 'NONE', *, *, #9851, .T. ) ;
#1697 = AXIS2_PLACEMENT_3D ( 'NONE', #11448, #10675, #4826 ) ;
#1698 = AXIS2_PLACEMENT_3D ( 'NONE', #915, #4858, #8782 ) ;
#1699 = VECTOR ( 'NONE', #11381, 1000.000000000000000 ) ;
#1700 = DIRECTION ( 'NONE',  ( -1.000000000000000000, -0.000000000000000000, -0.000000000000000000 ) ) ;
#1701 = CIRCLE ( 'NONE', #9322, 100.0000000000000142 ) ;
#1702 = VECTOR ( 'NONE', #4010, 1000.000000000000000 ) ;
#1703 = DIRECTION ( 'NONE',  ( 0.000000000000000000, 0.000000000000000000, 1.000000000000000000 ) ) ;
#1704 = CARTESIAN_POINT ( 'NONE',  ( 40.00000000000000711, 0.000000000000000000, 0.000000000000000000 ) ) ;
#1705 = EDGE_CURVE ( 'NONE', #7654, #6829, #1611, .T. ) ;
#1706 = ORIENTED_EDGE ( 'NONE', *, *, #8576, .F. ) ;
#1707 = DIRECTION ( 'NONE',  ( 1.000000000000000000, 0.000000000000000000, 0.000000000000000000 ) ) ;
#1708 = VECTOR ( 'NONE', #5271, 1000.000000000000000 ) ;
#1709 = DIRECTION ( 'NONE',  ( 0.000000000000000000, 0.000000000000000000, 1.000000000000000000 ) ) ;
#1710 = CIRCLE ( 'NONE', #6446, 100.0000000000001847 ) ;
#1711 = VECTOR ( 'NONE', #7936, 1000.000000000000000 ) ;
#1712 = CARTESIAN_POINT ( 'NONE',  ( 5.000000000000006217, 131.6151391931839214, 47.90481762191758719 ) ) ;
#1713 = DIRECTION ( 'NONE',  ( -1.000000000000000000, 0.000000000000000000, 0.000000000000000000 ) ) ;
#1714 = CARTESIAN_POINT ( 'NONE',  ( 5.000000000000006217, -79.99997556444868962, -0.06252750026119330284 ) ) ;
#1715 = VECTOR ( 'NONE', #3917, 1000.000000000000000 ) ;
#1716 = DIRECTION ( 'NONE',  ( -1.000000000000000000, 0.000000000000000000, -0.000000000000000000 ) ) ;
#1717 = VERTEX_POINT ( 'NONE', #12451 ) ;
#1718 = CARTESIAN_POINT ( 'NONE',  ( 5.000000000000006217, -96.21594349147476066, -41.42966428670649748 ) ) ;
#1719 = DIRECTION ( 'NONE',  ( 0.000000000000000000, 0.7465554768956762510, -0.6653231695327237460 ) ) ;
#1720 = AXIS2_PLACEMENT_3D ( 'NONE', #11124, #6236, #9391 ) ;
#1721 = VECTOR ( 'NONE', #6028, 1000.000000000000000 ) ;
#1722 = DIRECTION ( 'NONE',  ( -1.000000000000000000, -0.000000000000000000, -0.000000000000000000 ) ) ;
#1723 = DIRECTION ( 'NONE',  ( -1.000000000000000000, -0.000000000000000000, -0.000000000000000000 ) ) ;
#1724 = LINE ( 'NONE', #12686, #6995 ) ;
#1725 = EDGE_CURVE ( 'NONE', #8328, #2807, #3943, .T. ) ;
#1726 = DIRECTION ( 'NONE',  ( -1.000000000000000000, -0.000000000000000000, -0.000000000000000000 ) ) ;
#1727 = ORIENTED_EDGE ( 'NONE', *, *, #2397, .F. ) ;
#1728 = DIRECTION ( 'NONE',  ( -1.000000000000000000, -0.000000000000000000, -0.000000000000000000 ) ) ;
#1729 = VECTOR ( 'NONE', #329, 1000.000000000000000 ) ;
#1730 = FACE_OUTER_BOUND ( 'NONE', #1941, .T. ) ;
#1731 = ORIENTED_EDGE ( 'NONE', *, *, #1822, .T. ) ;
#1732 = CARTESIAN_POINT ( 'NONE',  ( 5.000000000000006217, 70.03176487497729852, -121.2970252097150876 ) ) ;
#1733 = VERTEX_POINT ( 'NONE', #10588 ) ;
#1734 = CARTESIAN_POINT ( 'NONE',  ( 5.000000000000000888, 135.6633369849138262, -34.57541031018613609 ) ) ;
#1735 = EDGE_LOOP ( 'NONE', ( #10629, #889, #5909 ) ) ;
#1736 = VERTEX_POINT ( 'NONE', #12575 ) ;
#1737 = DIRECTION ( 'NONE',  ( -1.000000000000000000, -0.000000000000000000, -0.000000000000000000 ) ) ;
#1738 = VERTEX_POINT ( 'NONE', #8641 ) ;
#1739 = AXIS2_PLACEMENT_3D ( 'NONE', #12368, #3421, #12305 ) ;
#1740 = DIRECTION ( 'NONE',  ( -0.000000000000000000, 0.8805362840562118709, 0.4739787468447062002 ) ) ;
#1741 = DIRECTION ( 'NONE',  ( 0.000000000000000000, -0.9791975930924242677, 0.2029090280938803392 ) ) ;
#1742 = ORIENTED_EDGE ( 'NONE', *, *, #9182, .F. ) ;
#1743 = EDGE_CURVE ( 'NONE', #10597, #3722, #10647, .T. ) ;
#1744 = CARTESIAN_POINT ( 'NONE',  ( 5.000000000000006217, 70.19520364235756915, 155.9887531452608016 ) ) ;
#1745 = VERTEX_POINT ( 'NONE', #10050 ) ;
#1746 = FACE_OUTER_BOUND ( 'NONE', #1217, .T. ) ;
#1747 = CARTESIAN_POINT ( 'NONE',  ( -4.999999999999993783, 0.0007748487313753557506, -140.0621876725833772 ) ) ;
#1748 = AXIS2_PLACEMENT_3D ( 'NONE', #4187, #12043, #3217 ) ;
#1749 = ORIENTED_EDGE ( 'NONE', *, *, #6, .F. ) ;
#1750 = ORIENTED_EDGE ( 'NONE', *, *, #3288, .F. ) ;
#1751 = DIRECTION ( 'NONE',  ( 0.000000000000000000, 0.000000000000000000, 1.000000000000000000 ) ) ;
#1752 = CARTESIAN_POINT ( 'NONE',  ( -4.999999999999993783, 27.30284647801143549, 75.19677236556640310 ) ) ;
#1753 = CARTESIAN_POINT ( 'NONE',  ( 5.000000000000006217, 89.39176922837326345, -144.4171432598695333 ) ) ;
#1754 = AXIS2_PLACEMENT_3D ( 'NONE', #3842, #603, #8471 ) ;
#1755 = EDGE_CURVE ( 'NONE', #5799, #5815, #9289, .T. ) ;
#1756 = CARTESIAN_POINT ( 'NONE',  ( 5.000000000000006217, -137.9344628748811488, 24.32078057235014867 ) ) ;
#1757 = ORIENTED_EDGE ( 'NONE', *, *, #343, .F. ) ;
#1758 = DIRECTION ( 'NONE',  ( 1.000000000000000000, 0.000000000000000000, 0.000000000000000000 ) ) ;
#1759 = DIRECTION ( 'NONE',  ( 1.000000000000000000, 0.000000000000000000, 0.000000000000000000 ) ) ;
#1760 = EDGE_CURVE ( 'NONE', #4883, #6109, #3515, .T. ) ;
#1761 = ORIENTED_EDGE ( 'NONE', *, *, #1625, .F. ) ;
#1762 = ORIENTED_EDGE ( 'NONE', *, *, #6262, .F. ) ;
#1763 = LINE ( 'NONE', #5702, #6554 ) ;
#1764 = VERTEX_POINT ( 'NONE', #1877 ) ;
#1765 = AXIS2_PLACEMENT_3D ( 'NONE', #3831, #7494, #9425 ) ;
#1766 = ADVANCED_FACE ( 'NONE', ( #977 ), #9208, .T. ) ;
#1767 = FACE_OUTER_BOUND ( 'NONE', #7371, .T. ) ;
#1768 = EDGE_CURVE ( 'NONE', #5169, #3556, #8674, .T. ) ;
#1769 = DIRECTION ( 'NONE',  ( -1.000000000000000000, -0.000000000000000000, -0.000000000000000000 ) ) ;
#1770 = FACE_OUTER_BOUND ( 'NONE', #3555, .T. ) ;
#1771 = VERTEX_POINT ( 'NONE', #6247 ) ;
#1772 = CARTESIAN_POINT ( 'NONE',  ( -35.00000000000000000, 0.000000000000000000, 0.000000000000000000 ) ) ;
#1773 = DIRECTION ( 'NONE',  ( -1.000000000000000000, 0.000000000000000000, 0.000000000000000000 ) ) ;
#1774 = DIRECTION ( 'NONE',  ( 0.000000000000000000, -0.9494645049895580335, -0.3138744235596992449 ) ) ;
#1775 = LINE ( 'NONE', #7706, #5009 ) ;
#1776 = LINE ( 'NONE', #12602, #8737 ) ;
#1777 = CARTESIAN_POINT ( 'NONE',  ( -5.050996884035563461, 52.67710725638846014, 13.08155135018815152 ) ) ;
#1778 = ORIENTED_EDGE ( 'NONE', *, *, #2164, .T. ) ;
#1779 = CARTESIAN_POINT ( 'NONE',  ( 5.000000000000004441, -123.2750797678696841, -66.35702455825888535 ) ) ;
#1780 = CARTESIAN_POINT ( 'NONE',  ( 5.000000000000006217, -60.78202852981873150, 126.2760119032859336 ) ) ;
#1781 = EDGE_CURVE ( 'NONE', #10220, #4670, #8455, .T. ) ;
#1782 = DIRECTION ( 'NONE',  ( 0.000000000000000000, 0.7465554768956805809, -0.6653231695327188611 ) ) ;
#1783 = DIRECTION ( 'NONE',  ( 0.000000000000000000, -0.9988640848291019392, -0.04765018403449002016 ) ) ;
#1784 = CARTESIAN_POINT ( 'NONE',  ( 5.000000000000006217, 105.1339381126587114, 133.3943579393224752 ) ) ;
#1785 = CARTESIAN_POINT ( 'NONE',  ( -5.000000000000004441, -135.6633369849135704, 34.57541031018704558 ) ) ;
#1786 = ORIENTED_EDGE ( 'NONE', *, *, #5121, .F. ) ;
#1787 = FACE_OUTER_BOUND ( 'NONE', #8959, .T. ) ;
#1788 = DIRECTION ( 'NONE',  ( -1.000000000000000000, -0.000000000000000000, -0.000000000000000000 ) ) ;
#1789 = ORIENTED_EDGE ( 'NONE', *, *, #9638, .T. ) ;
#1790 = ORIENTED_EDGE ( 'NONE', *, *, #190, .T. ) ;
#1791 = DIRECTION ( 'NONE',  ( -1.000000000000000000, -0.000000000000000000, -0.000000000000000000 ) ) ;
#1792 = ORIENTED_EDGE ( 'NONE', *, *, #6792, .F. ) ;
#1793 = EDGE_LOOP ( 'NONE', ( #11315, #11087 ) ) ;
#1794 = FACE_OUTER_BOUND ( 'NONE', #2054, .T. ) ;
#1795 = EDGE_CURVE ( 'NONE', #3085, #12294, #7841, .T. ) ;
#1796 = EDGE_CURVE ( 'NONE', #4117, #8527, #7868, .T. ) ;
#1797 = VERTEX_POINT ( 'NONE', #5820 ) ;
#1798 = CARTESIAN_POINT ( 'NONE',  ( -5.000000000000004441, 0.000000000000000000, 0.000000000000000000 ) ) ;
#1799 = CARTESIAN_POINT ( 'NONE',  ( -4.999999999999993783, 33.28012403207847569, 72.74911232729560595 ) ) ;
#1800 = CARTESIAN_POINT ( 'NONE',  ( -4.999999999999993783, -53.17002841738392505, -161.3076183917393394 ) ) ;
#1801 = ORIENTED_EDGE ( 'NONE', *, *, #12739, .T. ) ;
#1802 = FACE_OUTER_BOUND ( 'NONE', #1803, .T. ) ;
#1803 = EDGE_LOOP ( 'NONE', ( #10111, #2250, #379, #435, #7987, #9212 ) ) ;
#1804 = DIRECTION ( 'NONE',  ( 0.000000000000000000, 0.7345453337178047271, 0.6785596161822473604 ) ) ;
#1805 = DIRECTION ( 'NONE',  ( 0.000000000000000000, -0.7345453337178000641, -0.6785596161822524675 ) ) ;
#1806 = ORIENTED_EDGE ( 'NONE', *, *, #9232, .F. ) ;
#1807 = ORIENTED_EDGE ( 'NONE', *, *, #6410, .T. ) ;
#1808 = EDGE_CURVE ( 'NONE', #11159, #11439, #4149, .T. ) ;
#1809 = PLANE ( 'NONE',  #5230 ) ;
#1810 = EDGE_CURVE ( 'NONE', #5591, #11926, #2304, .T. ) ;
#1811 = DIRECTION ( 'NONE',  ( 0.000000000000000000, 0.000000000000000000, 1.000000000000000000 ) ) ;
#1812 = FACE_OUTER_BOUND ( 'NONE', #8177, .T. ) ;
#1813 = DIRECTION ( 'NONE',  ( -1.000000000000000000, -0.000000000000000000, -0.000000000000000000 ) ) ;
#1814 = ORIENTED_EDGE ( 'NONE', *, *, #11035, .F. ) ;
#1815 = DIRECTION ( 'NONE',  ( 0.000000000000000000, 0.9754147273220595826, 0.2203771987371475616 ) ) ;
#1816 = DIRECTION ( 'NONE',  ( 0.000000000000000000, 0.000000000000000000, 1.000000000000000000 ) ) ;
#1817 = DATE_TIME_ROLE ( 'classification_date' ) ;
#1818 = ORIENTED_EDGE ( 'NONE', *, *, #3426, .T. ) ;
#1819 = DIRECTION ( 'NONE',  ( -1.000000000000000000, -0.000000000000000000, -0.000000000000000000 ) ) ;
#1820 = ORIENTED_EDGE ( 'NONE', *, *, #3926, .T. ) ;
#1821 = DIRECTION ( 'NONE',  ( -1.000000000000000000, -0.000000000000000000, -0.000000000000000000 ) ) ;
#1822 = EDGE_CURVE ( 'NONE', #10560, #9090, #11963, .T. ) ;
#1823 = AXIS2_PLACEMENT_3D ( 'NONE', #497, #12093, #12287 ) ;
#1824 = CARTESIAN_POINT ( 'NONE',  ( -5.000000000000004441, 0.000000000000000000, 0.000000000000000000 ) ) ;
#1825 = DIRECTION ( 'NONE',  ( 0.000000000000000000, 0.000000000000000000, 1.000000000000000000 ) ) ;
#1826 = DIRECTION ( 'NONE',  ( 0.000000000000000000, 0.000000000000000000, -1.000000000000000000 ) ) ;
#1827 = DIRECTION ( 'NONE',  ( -1.000000000000000000, -0.000000000000000000, -0.000000000000000000 ) ) ;
#1828 = EDGE_CURVE ( 'NONE', #5838, #1996, #12581, .T. ) ;
#1829 = EDGE_CURVE ( 'NONE', #10597, #3927, #1457, .T. ) ;
#1830 = FACE_OUTER_BOUND ( 'NONE', #4586, .T. ) ;
#1831 = DIRECTION ( 'NONE',  ( 0.000000000000000000, 0.000000000000000000, 1.000000000000000000 ) ) ;
#1832 = CARTESIAN_POINT ( 'NONE',  ( -4.999999999999993783, -165.8082026736149714, 42.04161805105262317 ) ) ;
#1833 = DIRECTION ( 'NONE',  ( -1.000000000000000000, -0.000000000000000000, -0.000000000000000000 ) ) ;
#1834 = EDGE_LOOP ( 'NONE', ( #1761, #10645, #8720 ) ) ;
#1835 = CIRCLE ( 'NONE', #11919, 55.00000000000002842 ) ;
#1836 = ORIENTED_EDGE ( 'NONE', *, *, #9076, .F. ) ;
#1837 = DIRECTION ( 'NONE',  ( 0.000000000000000000, 0.000000000000000000, 1.000000000000000000 ) ) ;
#1838 = CARTESIAN_POINT ( 'NONE',  ( 5.000000000000006217, 133.3943579393234984, -105.1339381126573471 ) ) ;
#1839 = EDGE_CURVE ( 'NONE', #3678, #8135, #860, .T. ) ;
#1840 = EDGE_CURVE ( 'NONE', #8432, #7812, #11766, .T. ) ;
#1841 = DIRECTION ( 'NONE',  ( -1.000000000000000000, -0.000000000000000000, -0.000000000000000000 ) ) ;
#1842 = EDGE_CURVE ( 'NONE', #72, #4868, #5802, .T. ) ;
#1843 = CIRCLE ( 'NONE', #2053, 140.0000000000000000 ) ;
#1844 = CARTESIAN_POINT ( 'NONE',  ( -24.99999999999996803, 0.000000000000000000, 0.000000000000000000 ) ) ;
#1845 = EDGE_CURVE ( 'NONE', #4954, #7328, #9716, .T. ) ;
#1846 = CARTESIAN_POINT ( 'NONE',  ( 5.000000000000006217, 89.39176922837326345, -144.4171432598695333 ) ) ;
#1847 = DIRECTION ( 'NONE',  ( 0.000000000000000000, 0.000000000000000000, 1.000000000000000000 ) ) ;
#1848 = VERTEX_POINT ( 'NONE', #3331 ) ;
#1849 = CARTESIAN_POINT ( 'NONE',  ( 5.000000000000005329, 81.69950008505448125, -113.6890130393090601 ) ) ;
#1850 = CARTESIAN_POINT ( 'NONE',  ( 5.000000000000006217, 10.49922515126960221, 139.7492484617411321 ) ) ;
#1851 = ORIENTED_EDGE ( 'NONE', *, *, #6463, .F. ) ;
#1852 = ORIENTED_EDGE ( 'NONE', *, *, #10370, .T. ) ;
#1853 = DIRECTION ( 'NONE',  ( 0.000000000000000000, 0.000000000000000000, 1.000000000000000000 ) ) ;
#1854 = ORIENTED_EDGE ( 'NONE', *, *, #3746, .F. ) ;
#1855 = ORIENTED_EDGE ( 'NONE', *, *, #6100, .F. ) ;
#1856 = DIRECTION ( 'NONE',  ( 0.000000000000000000, -0.3698622616393698048, -0.9290865984476422978 ) ) ;
#1857 = AXIS2_PLACEMENT_3D ( 'NONE', #8804, #12732, #5906 ) ;
#1858 = VECTOR ( 'NONE', #729, 1000.000000000000227 ) ;
#1859 = ORIENTED_EDGE ( 'NONE', *, *, #7988, .F. ) ;
#1860 = CARTESIAN_POINT ( 'NONE',  ( 13.00000000000000711, 1.040949779275250337E-14, -85.00000000000001421 ) ) ;
#1861 = DIRECTION ( 'NONE',  ( -1.000000000000000000, -0.000000000000000000, -0.000000000000000000 ) ) ;
#1862 = EDGE_CURVE ( 'NONE', #8430, #9793, #12592, .T. ) ;
#1863 = AXIS2_PLACEMENT_3D ( 'NONE', #347, #11178, #12325 ) ;
#1864 = VERTEX_POINT ( 'NONE', #1269 ) ;
#1865 = ORIENTED_EDGE ( 'NONE', *, *, #3026, .F. ) ;
#1866 = DIRECTION ( 'NONE',  ( 0.000000000000000000, 1.000000000000000000, -3.608224830031758756E-15 ) ) ;
#1867 = CIRCLE ( 'NONE', #3294, 7.000000000000013323 ) ;
#1868 = ORIENTED_EDGE ( 'NONE', *, *, #6400, .F. ) ;
#1869 = CARTESIAN_POINT ( 'NONE',  ( -34.99999999999996447, 0.000000000000000000, 80.00000000000000000 ) ) ;
#1870 = VERTEX_POINT ( 'NONE', #7801 ) ;
#1871 = PLANE ( 'NONE',  #1698 ) ;
#1872 = ORIENTED_EDGE ( 'NONE', *, *, #1121, .F. ) ;
#1873 = ORIENTED_EDGE ( 'NONE', *, *, #12248, .T. ) ;
#1874 = CARTESIAN_POINT ( 'NONE',  ( 5.000000000000006217, 131.6151391931839214, 47.90481762191758719 ) ) ;
#1875 = CIRCLE ( 'NONE', #5383, 140.0000000000000000 ) ;
#1876 = AXIS2_PLACEMENT_3D ( 'NONE', #5744, #3816, #6521 ) ;
#1877 = CARTESIAN_POINT ( 'NONE',  ( 40.00000000000000711, 57.06339097770900537, 11.54101966249747946 ) ) ;
#1878 = DIRECTION ( 'NONE',  ( -1.000000000000000000, 0.000000000000000000, -0.000000000000000000 ) ) ;
#1879 = EDGE_CURVE ( 'NONE', #777, #7911, #1262, .T. ) ;
#1880 = CARTESIAN_POINT ( 'NONE',  ( -4.999999999999993783, -144.4171432598692491, -89.39176922837376082 ) ) ;
#1881 = VECTOR ( 'NONE', #11932, 1000.000000000000000 ) ;
#1882 = EDGE_LOOP ( 'NONE', ( #5540, #8519, #4434 ) ) ;
#1883 = DIRECTION ( 'NONE',  ( -1.000000000000000000, -0.000000000000000000, -0.000000000000000000 ) ) ;
#1884 = AXIS2_PLACEMENT_3D ( 'NONE', #948, #3651, #881 ) ;
#1885 = CARTESIAN_POINT ( 'NONE',  ( -5.000000000000004441, 0.000000000000000000, 0.000000000000000000 ) ) ;
#1886 = ADVANCED_FACE ( 'NONE', ( #1529 ), #5586, .F. ) ;
#1887 = CIRCLE ( 'NONE', #7437, 140.0000000000000000 ) ;
#1888 = VERTEX_POINT ( 'NONE', #6310 ) ;
#1889 = CARTESIAN_POINT ( 'NONE',  ( -5.000000000000004441, 0.000000000000000000, 0.000000000000000000 ) ) ;
#1890 = DIRECTION ( 'NONE',  ( 0.000000000000000000, 0.000000000000000000, 1.000000000000000000 ) ) ;
#1891 = EDGE_LOOP ( 'NONE', ( #11469, #9885, #4387 ) ) ;
#1892 = AXIS2_PLACEMENT_3D ( 'NONE', #1203, #5146, #9073 ) ;
#1893 = AXIS2_PLACEMENT_3D ( 'NONE', #7834, #7718, #2955 ) ;
#1894 = AXIS2_PLACEMENT_3D ( 'NONE', #10410, #8349, #1382 ) ;
#1895 = DIRECTION ( 'NONE',  ( 0.000000000000000000, -0.7465554768956828013, 0.6653231695327163076 ) ) ;
#1896 = AXIS2_PLACEMENT_3D ( 'NONE', #796, #8596, #3503 ) ;
#1897 = CARTESIAN_POINT ( 'NONE',  ( -5.000000000000004441, 0.000000000000000000, 0.000000000000000000 ) ) ;
#1898 = CARTESIAN_POINT ( 'NONE',  ( 5.000000000000006217, -27.30284647801090614, -75.19677236556661626 ) ) ;
#1899 = DIRECTION ( 'NONE',  ( 0.000000000000000000, 0.000000000000000000, 1.000000000000000000 ) ) ;
#1900 = DIRECTION ( 'NONE',  ( -1.000000000000000000, -0.000000000000000000, -0.000000000000000000 ) ) ;
#1901 = EDGE_CURVE ( 'NONE', #10386, #1345, #11346, .T. ) ;
#1902 = DIRECTION ( 'NONE',  ( -1.000000000000000000, -0.000000000000000000, -0.000000000000000000 ) ) ;
#1904 = CARTESIAN_POINT ( 'NONE',  ( -4.999999999999993783, -138.7852061507327335, 0.007378892721385255093 ) ) ;
#1903 = AXIS2_PLACEMENT_3D ( 'NONE', #3127, #7069, #10813 ) ;
#1905 = VECTOR ( 'NONE', #10135, 1000.000000000000114 ) ;
#1906 = ORIENTED_EDGE ( 'NONE', *, *, #6305, .F. ) ;
#1907 = AXIS2_PLACEMENT_3D ( 'NONE', #11069, #1006, #1144 ) ;
#1908 = CIRCLE ( 'NONE', #7675, 140.0000000000000000 ) ;
#1909 = EDGE_LOOP ( 'NONE', ( #1567, #10287, #10849 ) ) ;
#1910 = LINE ( 'NONE', #9055, #5201 ) ;
#1911 = AXIS2_PLACEMENT_3D ( 'NONE', #5741, #4777, #7308 ) ;
#1912 = TOROIDAL_SURFACE ( 'NONE', #7458, 45.00000000000000000, 4.999999999999997335 ) ;
#1913 = DIRECTION ( 'NONE',  ( 0.000000000000000000, 0.000000000000000000, 1.000000000000000000 ) ) ;
#1914 = DIRECTION ( 'NONE',  ( -1.000000000000000000, 0.000000000000000000, 0.000000000000000000 ) ) ;
#1915 = AXIS2_PLACEMENT_3D ( 'NONE', #6978, #4083, #3958 ) ;
#1916 = CIRCLE ( 'NONE', #7471, 140.0000000000000000 ) ;
#1917 = AXIS2_PLACEMENT_3D ( 'NONE', #11538, #1878, #11680 ) ;
#1918 = VECTOR ( 'NONE', #6122, 1000.000000000000000 ) ;
#1919 = CARTESIAN_POINT ( 'NONE',  ( -5.325414829498291702, -51.12086515795760988, 14.81654394373233963 ) ) ;
#1920 = DIRECTION ( 'NONE',  ( 0.000000000000000000, 0.000000000000000000, 1.000000000000000000 ) ) ;
#1921 = DIRECTION ( 'NONE',  ( -0.000000000000000000, 1.000000000000000000, 1.224646799147353207E-16 ) ) ;
#1923 = ORIENTED_EDGE ( 'NONE', *, *, #8853, .F. ) ;
#1922 = EDGE_CURVE ( 'NONE', #8267, #1094, #2619, .T. ) ;
#1924 = DIRECTION ( 'NONE',  ( 1.000000000000000000, 0.000000000000000000, 0.000000000000000000 ) ) ;
#1925 = FACE_OUTER_BOUND ( 'NONE', #7430, .T. ) ;
#1926 = ORIENTED_EDGE ( 'NONE', *, *, #1421, .F. ) ;
#1927 = VERTEX_POINT ( 'NONE', #502 ) ;
#1928 = CARTESIAN_POINT ( 'NONE',  ( -4.999999999999993783, -70.03042279760637712, -121.2978000584464837 ) ) ;
#1929 = ADVANCED_FACE ( 'NONE', ( #3403 ), #6428, .F. ) ;
#1930 = ORIENTED_EDGE ( 'NONE', *, *, #5312, .F. ) ;
#1931 = CIRCLE ( 'NONE', #9136, 100.0000000000000426 ) ;
#1932 = ORIENTED_EDGE ( 'NONE', *, *, #1430, .F. ) ;
#1933 = CARTESIAN_POINT ( 'NONE',  ( -4.999999999999993783, -78.96721993192188904, -115.7767867520169034 ) ) ;
#1934 = AXIS2_PLACEMENT_3D ( 'NONE', #2387, #9167, #6188 ) ;
#1935 = CIRCLE ( 'NONE', #5849, 100.0000000000000142 ) ;
#1936 = EDGE_CURVE ( 'NONE', #2467, #12688, #8466, .T. ) ;
#1937 = EDGE_CURVE ( 'NONE', #9644, #12691, #8416, .T. ) ;
#1938 = ORIENTED_EDGE ( 'NONE', *, *, #12315, .F. ) ;
#1939 = DIRECTION ( 'NONE',  ( -1.000000000000000000, -0.000000000000000000, -0.000000000000000000 ) ) ;
#1940 = AXIS2_PLACEMENT_3D ( 'NONE', #10486, #1648, #4756 ) ;
#1941 = EDGE_LOOP ( 'NONE', ( #9426, #11475, #8029, #5161, #1200, #2381 ) ) ;
#1942 = ORIENTED_EDGE ( 'NONE', *, *, #5759, .F. ) ;
#1944 = DIRECTION ( 'NONE',  ( -1.000000000000000000, -0.000000000000000000, -0.000000000000000000 ) ) ;
#1943 = CIRCLE ( 'NONE', #5439, 100.0000000000002132 ) ;
#1945 = ORIENTED_EDGE ( 'NONE', *, *, #9886, .F. ) ;
#1946 = DIRECTION ( 'NONE',  ( -1.000000000000000000, -0.000000000000000000, -0.000000000000000000 ) ) ;
#1947 = ORIENTED_EDGE ( 'NONE', *, *, #7590, .F. ) ;
#1948 = CARTESIAN_POINT ( 'NONE',  ( -4.999999999999992895, 140.0000000000000000, 0.000000000000000000 ) ) ;
#1949 = ORIENTED_EDGE ( 'NONE', *, *, #3968, .F. ) ;
#1950 = ORIENTED_EDGE ( 'NONE', *, *, #8034, .T. ) ;
#1951 = AXIS2_PLACEMENT_3D ( 'NONE', #2883, #6111, #50 ) ;
#1952 = DIRECTION ( 'NONE',  ( -1.000000000000000000, -0.000000000000000000, 0.000000000000000000 ) ) ;
#1953 = ADVANCED_FACE ( 'NONE', ( #7522 ), #8483, .F. ) ;
#1954 = DIRECTION ( 'NONE',  ( 0.000000000000000000, 0.000000000000000000, 1.000000000000000000 ) ) ;
#1955 = CARTESIAN_POINT ( 'NONE',  ( 5.000000000000006217, -70.19520364235647492, -155.9887531452612848 ) ) ;
#1956 = LINE ( 'NONE', #4867, #2505 ) ;
#1957 = CIRCLE ( 'NONE', #10184, 100.0000000000000142 ) ;
#1958 = ORIENTED_EDGE ( 'NONE', *, *, #10275, .F. ) ;
#1959 = LINE ( 'NONE', #3952, #3721 ) ;
#1960 = DIRECTION ( 'NONE',  ( 0.000000000000000000, -1.000000000000000000, 1.054711873393896662E-14 ) ) ;
#1961 = ORIENTED_EDGE ( 'NONE', *, *, #9733, .F. ) ;
#1962 = DIRECTION ( 'NONE',  ( 0.000000000000000000, 0.000000000000000000, 1.000000000000000000 ) ) ;
#1963 = CARTESIAN_POINT ( 'NONE',  ( -4.999999999999993783, -113.8029070527151276, -81.78621229002838788 ) ) ;
#1964 = ADVANCED_FACE ( 'NONE', ( #10367 ), #12347, .F. ) ;
#1965 = EDGE_LOOP ( 'NONE', ( #2508, #9738, #8459, #3887 ) ) ;
#1966 = AXIS2_PLACEMENT_3D ( 'NONE', #9649, #7578, #694 ) ;
#1967 = EDGE_CURVE ( 'NONE', #8820, #3085, #4560, .T. ) ;
#1968 = PLANE ( 'NONE',  #7474 ) ;
#1969 = DIRECTION ( 'NONE',  ( -1.000000000000000000, 0.000000000000000000, 0.000000000000000000 ) ) ;
#1970 = DIRECTION ( 'NONE',  ( 0.000000000000000000, 0.000000000000000000, 1.000000000000000000 ) ) ;
#1971 = FACE_OUTER_BOUND ( 'NONE', #9242, .T. ) ;
#1972 = DIRECTION ( 'NONE',  ( 0.000000000000000000, 0.000000000000000000, 1.000000000000000000 ) ) ;
#1973 = DIRECTION ( 'NONE',  ( 0.000000000000000000, 0.000000000000000000, 1.000000000000000000 ) ) ;
#1974 = AXIS2_PLACEMENT_3D ( 'NONE', #3899, #7816, #11754 ) ;
#1975 = EDGE_LOOP ( 'NONE', ( #10628, #4380, #989, #11075, #5494, #6139 ) ) ;
#1976 = ORIENTED_EDGE ( 'NONE', *, *, #12260, .F. ) ;
#1977 = DIRECTION ( 'NONE',  ( 0.000000000000000000, 0.000000000000000000, 1.000000000000000000 ) ) ;
#1978 = DIRECTION ( 'NONE',  ( 0.000000000000000000, -0.8660254037844329345, 0.5000000000000101030 ) ) ;
#1979 = EDGE_CURVE ( 'NONE', #3874, #7215, #11267, .T. ) ;
#1980 = LINE ( 'NONE', #8610, #7236 ) ;
#1981 = CARTESIAN_POINT ( 'NONE',  ( 16.94254690369774963, 28.55337941940249280, -46.55402127602772566 ) ) ;
#1982 = DIRECTION ( 'NONE',  ( -1.000000000000000000, -0.000000000000000000, -0.000000000000000000 ) ) ;
#1983 = CARTESIAN_POINT ( 'NONE',  ( 5.000000000000004441, 0.000000000000000000, 0.000000000000000000 ) ) ;
#1984 = EDGE_LOOP ( 'NONE', ( #12090, #2897, #11485 ) ) ;
#1985 = CARTESIAN_POINT ( 'NONE',  ( 5.000000000000006217, 164.6149246967153488, 46.49499208839476694 ) ) ;
#1986 = PLANE ( 'NONE',  #2149 ) ;
#1987 = ORIENTED_EDGE ( 'NONE', *, *, #9329, .F. ) ;
#1988 = EDGE_LOOP ( 'NONE', ( #2898, #11886, #1357, #3785 ) ) ;
#1989 = DIRECTION ( 'NONE',  ( 1.000000000000000000, 0.000000000000000000, 0.000000000000000000 ) ) ;
#1990 = ORIENTED_EDGE ( 'NONE', *, *, #12471, .T. ) ;
#1991 = DIRECTION ( 'NONE',  ( -1.000000000000000000, -0.000000000000000000, -0.000000000000000000 ) ) ;
#1992 = EDGE_CURVE ( 'NONE', #1159, #2195, #7387, .T. ) ;
#1993 = ORIENTED_EDGE ( 'NONE', *, *, #1743, .F. ) ;
#1994 = DIRECTION ( 'NONE',  ( 1.000000000000000000, 0.000000000000000000, 0.000000000000000000 ) ) ;
#1995 = FACE_OUTER_BOUND ( 'NONE', #4307, .T. ) ;
#1996 = VERTEX_POINT ( 'NONE', #9396 ) ;
#1997 = CARTESIAN_POINT ( 'NONE',  ( 5.000000000000006217, 81.78621229002875737, -113.8029070527148718 ) ) ;
#1998 = EDGE_CURVE ( 'NONE', #11931, #2367, #614, .T. ) ;
#1999 = ORIENTED_EDGE ( 'NONE', *, *, #5314, .T. ) ;
#2000 = EDGE_CURVE ( 'NONE', #131, #953, #558, .T. ) ;
#2001 = CARTESIAN_POINT ( 'NONE',  ( 5.000000000000004441, 0.000000000000000000, 0.000000000000000000 ) ) ;
#2002 = ORIENTED_EDGE ( 'NONE', *, *, #382, .F. ) ;
#2003 = DIRECTION ( 'NONE',  ( -1.000000000000000000, -0.000000000000000000, -0.000000000000000000 ) ) ;
#2004 = ORIENTED_EDGE ( 'NONE', *, *, #580, .F. ) ;
#2005 = ORIENTED_EDGE ( 'NONE', *, *, #689, .F. ) ;
#2006 = CARTESIAN_POINT ( 'NONE',  ( -4.999999999999990230, -86.75540520523058774, 109.8794779186553257 ) ) ;
#2007 = CARTESIAN_POINT ( 'NONE',  ( 5.000000000000006217, 53.17002841738505481, 161.3076183917390267 ) ) ;
#2008 = ORIENTED_EDGE ( 'NONE', *, *, #1760, .F. ) ;
#2009 = CARTESIAN_POINT ( 'NONE',  ( 5.000000000000006217, 6.391425146787057088, 79.74427681403236079 ) ) ;
#2010 = EDGE_LOOP ( 'NONE', ( #6979, #1590, #12171 ) ) ;
#2011 = EDGE_CURVE ( 'NONE', #2807, #1658, #5402, .T. ) ;
#2012 = DIRECTION ( 'NONE',  ( -1.000000000000000000, -0.000000000000000000, 0.000000000000000000 ) ) ;
#2013 = DIRECTION ( 'NONE',  ( 0.000000000000000000, -0.9396926207859114255, -0.3420201433256601087 ) ) ;
#2014 = VERTEX_POINT ( 'NONE', #7275 ) ;
#2015 = FACE_OUTER_BOUND ( 'NONE', #4512, .T. ) ;
#2016 = DIRECTION ( 'NONE',  ( 0.000000000000000000, 0.000000000000000000, 1.000000000000000000 ) ) ;
#2017 = ORIENTED_EDGE ( 'NONE', *, *, #9483, .F. ) ;
#2018 = DIRECTION ( 'NONE',  ( -1.000000000000000000, -0.000000000000000000, -0.000000000000000000 ) ) ;
#2019 = CARTESIAN_POINT ( 'NONE',  ( -40.00000000000000000, 35.26711513754881366, -48.54101966249653799 ) ) ;
#2020 = DIRECTION ( 'NONE',  ( 1.000000000000000000, 0.000000000000000000, 0.000000000000000000 ) ) ;
#2021 = EDGE_CURVE ( 'NONE', #7812, #2845, #8681, .T. ) ;
#2022 = CARTESIAN_POINT ( 'NONE',  ( 5.000000000000005329, 139.6062630547011736, -10.49244089340452391 ) ) ;
#2023 = DIRECTION ( 'NONE',  ( 0.000000000000000000, -0.2203771987371510310, 0.9754147273220588055 ) ) ;
#2024 = CARTESIAN_POINT ( 'NONE',  ( -5.025828699910058539, -35.26711513757646799, -41.54101966249704958 ) ) ;
#2025 = ORIENTED_EDGE ( 'NONE', *, *, #2834, .F. ) ;
#2026 = EDGE_CURVE ( 'NONE', #11548, #11531, #2373, .T. ) ;
#2027 = VERTEX_POINT ( 'NONE', #10424 ) ;
#2028 = DIRECTION ( 'NONE',  ( 0.000000000000000000, -0.7958032295111097110, 0.6055552987958144895 ) ) ;
#2029 = CARTESIAN_POINT ( 'NONE',  ( 5.000000000000006217, -77.12110461681417917, -21.26817393859670702 ) ) ;
#2030 = CARTESIAN_POINT ( 'NONE',  ( -4.999999999999993783, -12.61061916935168981, -170.5896538667299751 ) ) ;
#2031 = DIRECTION ( 'NONE',  ( -1.000000000000000000, 0.000000000000000000, -0.000000000000000000 ) ) ;
#2032 = ADVANCED_FACE ( 'NONE', ( #1583 ), #1394, .F. ) ;
#2033 = DIRECTION ( 'NONE',  ( -1.000000000000000000, 0.000000000000000000, 0.000000000000000000 ) ) ;
#2034 = AXIS2_PLACEMENT_3D ( 'NONE', #10754, #703, #9727 ) ;
#2035 = DIRECTION ( 'NONE',  ( -1.000000000000000000, -0.000000000000000000, -0.000000000000000000 ) ) ;
#2036 = ORIENTED_EDGE ( 'NONE', *, *, #3388, .F. ) ;
#2037 = DIRECTION ( 'NONE',  ( -1.000000000000000000, 0.000000000000000000, 0.000000000000000000 ) ) ;
#2038 = DIRECTION ( 'NONE',  ( -1.000000000000000000, 0.000000000000000000, 0.000000000000000000 ) ) ;
#2039 = VERTEX_POINT ( 'NONE', #3710 ) ;
#2040 = ADVANCED_FACE ( 'NONE', ( #10548 ), #11770, .T. ) ;
#2041 = VERTEX_POINT ( 'NONE', #12538 ) ;
#2042 = DIRECTION ( 'NONE',  ( 0.000000000000000000, 0.1736481776669241417, -0.9848077530122090195 ) ) ;
#2043 = ORIENTED_EDGE ( 'NONE', *, *, #7375, .T. ) ;
#2044 = PLANE ( 'NONE',  #1478 ) ;
#2045 = AXIS2_PLACEMENT_3D ( 'NONE', #7391, #12293, #2430 ) ;
#2046 = ORIENTED_EDGE ( 'NONE', *, *, #7825, .T. ) ;
#2047 = DIRECTION ( 'NONE',  ( -1.000000000000000000, -0.000000000000000000, -0.000000000000000000 ) ) ;
#2048 = LINE ( 'NONE', #11975, #4719 ) ;
#2049 = VERTEX_POINT ( 'NONE', #4945 ) ;
#2050 = FACE_OUTER_BOUND ( 'NONE', #7101, .T. ) ;
#2051 = ORIENTED_EDGE ( 'NONE', *, *, #2486, .T. ) ;
#2052 = DIRECTION ( 'NONE',  ( -1.000000000000000000, -0.000000000000000000, 0.000000000000000000 ) ) ;
#2053 = AXIS2_PLACEMENT_3D ( 'NONE', #6502, #10426, #4377 ) ;
#2054 = EDGE_LOOP ( 'NONE', ( #5024, #4763, #46, #1942, #11665, #10067 ) ) ;
#2055 = EDGE_CURVE ( 'NONE', #4534, #6260, #2679, .T. ) ;
#2056 = CARTESIAN_POINT ( 'NONE',  ( 5.000000000000006217, -166.2815095599042650, -34.60721386647430364 ) ) ;
#2057 = ORIENTED_EDGE ( 'NONE', *, *, #10325, .F. ) ;
#2058 = VERTEX_POINT ( 'NONE', #10739 ) ;
#2059 = CARTESIAN_POINT ( 'NONE',  ( 5.000000000000006217, -61.24334482836729165, -51.47089191217080639 ) ) ;
#2060 = EDGE_CURVE ( 'NONE', #7314, #4624, #10329, .T. ) ;
#2061 = VECTOR ( 'NONE', #8262, 1000.000000000000000 ) ;
#2062 = LINE ( 'NONE', #1031, #12409 ) ;
#2063 = CIRCLE ( 'NONE', #8234, 100.0000000000000000 ) ;
#2064 = DIRECTION ( 'NONE',  ( -1.000000000000000000, -0.000000000000000000, -0.000000000000000000 ) ) ;
#2065 = VERTEX_POINT ( 'NONE', #11648 ) ;
#2066 = CARTESIAN_POINT ( 'NONE',  ( 5.000000000000005329, -37.88848481756408404, 134.7756013461977318 ) ) ;
#2067 = ORIENTED_EDGE ( 'NONE', *, *, #11964, .T. ) ;
#2068 = DIRECTION ( 'NONE',  ( 0.000000000000000000, 0.8660254037844363761, -0.5000000000000038858 ) ) ;
#2069 = FACE_OUTER_BOUND ( 'NONE', #5701, .T. ) ;
#2070 = EDGE_CURVE ( 'NONE', #6593, #11935, #6008, .T. ) ;
#2071 = EDGE_CURVE ( 'NONE', #351, #11935, #2298, .T. ) ;
#2072 = ORIENTED_EDGE ( 'NONE', *, *, #9825, .F. ) ;
#2073 = AXIS2_PLACEMENT_3D ( 'NONE', #728, #4603, #11626 ) ;
#2074 = DIRECTION ( 'NONE',  ( 0.000000000000000000, 0.000000000000000000, 1.000000000000000000 ) ) ;
#2075 = CIRCLE ( 'NONE', #10719, 100.0000000000000142 ) ;
#2076 = EDGE_CURVE ( 'NONE', #7328, #4602, #7646, .T. ) ;
#2077 = CARTESIAN_POINT ( 'NONE',  ( -4.999999999999993783, 62.95593364063971364, -157.7458401751241013 ) ) ;
#2078 = EDGE_LOOP ( 'NONE', ( #5573, #561, #5228, #8375, #4536, #479, #12462, #7606, #11086, #9014, #11631, #12239, #11432, #11072, #6728, #6586, #5047, #2633, #12448, #6259, #2067, #5699, #5395, #6915, #1389, #2741, #9392, #685, #11741, #6655, #2246, #1818, #6512, #3613, #3341, #9556, #2851, #1999, #5142, #7504, #11902, #2368, #9378, #10192, #3122, #6064, #1157, #8179, #6049, #1281, #3429, #4365, #2674, #7847, #11222, #10016, #10563 ) ) ;
#2079 = EDGE_CURVE ( 'NONE', #9025, #2573, #3323, .T. ) ;
#2080 = EDGE_CURVE ( 'NONE', #8243, #7673, #38, .T. ) ;
#2081 = CARTESIAN_POINT ( 'NONE',  ( 17.25947306692425443, -50.39143424501958179, 20.66066455369755772 ) ) ;
#2082 = CIRCLE ( 'NONE', #3975, 140.0000000000000000 ) ;
#2083 = AXIS2_PLACEMENT_3D ( 'NONE', #6583, #2716, #1680 ) ;
#2084 = AXIS2_PLACEMENT_3D ( 'NONE', #4909, #6178, #8176 ) ;
#2085 = CARTESIAN_POINT ( 'NONE',  ( 5.000000000000006217, -79.99997556444868962, -0.06252750026119330284 ) ) ;
#2086 = CARTESIAN_POINT ( 'NONE',  ( 5.000000000000006217, -69.25074739081624386, -40.05413818588575481 ) ) ;
#2087 = PLANE ( 'NONE',  #10707 ) ;
#2088 = CARTESIAN_POINT ( 'NONE',  ( 5.000000000000006217, 78.77373839018171964, 13.95342753719973317 ) ) ;
#2089 = CARTESIAN_POINT ( 'NONE',  ( -4.999999999999993783, 56.97933123133785216, -56.15474879678021836 ) ) ;
#2090 = ORIENTED_EDGE ( 'NONE', *, *, #5662, .T. ) ;
#2091 = ORIENTED_EDGE ( 'NONE', *, *, #7709, .T. ) ;
#2092 = CARTESIAN_POINT ( 'NONE',  ( 5.000000000000006217, -78.77373839018171964, -13.95342753719973317 ) ) ;
#2093 = AXIS2_PLACEMENT_3D ( 'NONE', #3957, #7882, #8002 ) ;
#2094 = CARTESIAN_POINT ( 'NONE',  ( -40.00000000000000000, 35.26711513754881366, -41.54101966249653799 ) ) ;
#2095 = AXIS2_PLACEMENT_3D ( 'NONE', #4688, #3911, #6616 ) ;
#2096 = CIRCLE ( 'NONE', #4565, 140.0000000000000000 ) ;
#2097 = EDGE_CURVE ( 'NONE', #10304, #11878, #11151, .T. ) ;
#2098 = CARTESIAN_POINT ( 'NONE',  ( -4.999999999999993783, 100.3053633756257028, -97.87195845839707431 ) ) ;
#2099 = CARTESIAN_POINT ( 'NONE',  ( 5.000000000000004441, 123.2750797678701531, 66.35702455825801849 ) ) ;
#2100 = CIRCLE ( 'NONE', #1697, 100.0000000000000000 ) ;
#2101 = CIRCLE ( 'NONE', #9735, 100.0000000000001990 ) ;
#2102 = AXIS2_PLACEMENT_3D ( 'NONE', #6348, #935, #12594 ) ;
#2103 = CARTESIAN_POINT ( 'NONE',  ( -4.999999999999993783, -70.19520364235647492, -55.98875314526127767 ) ) ;
#2104 = PLANE ( 'NONE',  #7249 ) ;
#2105 = VERTEX_POINT ( 'NONE', #7772 ) ;
#2106 = CARTESIAN_POINT ( 'NONE',  ( -4.999999999999993783, -70.19520364235647492, -155.9887531452612848 ) ) ;
#2107 = TOROIDAL_SURFACE ( 'NONE', #48, 39.99999999999999289, 4.999999999999999112 ) ;
#2108 = VECTOR ( 'NONE', #11186, 1000.000000000000114 ) ;
#2109 = DIRECTION ( 'NONE',  ( 0.000000000000000000, 0.3420201433256694901, 0.9396926207859082059 ) ) ;
#2110 = ORIENTED_EDGE ( 'NONE', *, *, #10368, .F. ) ;
#2111 = ORIENTED_EDGE ( 'NONE', *, *, #6410, .F. ) ;
#2112 = DIRECTION ( 'NONE',  ( -1.000000000000000000, -0.000000000000000000, -0.000000000000000000 ) ) ;
#2113 = ORIENTED_EDGE ( 'NONE', *, *, #3098, .F. ) ;
#2114 = DIRECTION ( 'NONE',  ( 0.000000000000000000, 0.000000000000000000, 1.000000000000000000 ) ) ;
#2115 = AXIS2_PLACEMENT_3D ( 'NONE', #10089, #12215, #9313 ) ;
#2116 = AXIS2_PLACEMENT_3D ( 'NONE', #3621, #8325, #1606 ) ;
#2117 = EDGE_CURVE ( 'NONE', #6960, #11159, #1980, .T. ) ;
#2118 = AXIS2_PLACEMENT_3D ( 'NONE', #9633, #5706, #1703 ) ;
#2119 = ORIENTED_EDGE ( 'NONE', *, *, #11618, .T. ) ;
#2120 = AXIS2_PLACEMENT_3D ( 'NONE', #6624, #10558, #1647 ) ;
#2121 = ADVANCED_FACE ( 'NONE', ( #3792 ), #7830, .F. ) ;
#2122 = EDGE_CURVE ( 'NONE', #9793, #8387, #7714, .T. ) ;
#2123 = LINE ( 'NONE', #5929, #3809 ) ;
#2124 = DIRECTION ( 'NONE',  ( -1.000000000000000000, -0.000000000000000000, -0.000000000000000000 ) ) ;
#2125 = EDGE_LOOP ( 'NONE', ( #7839, #3163 ) ) ;
#2126 = CARTESIAN_POINT ( 'NONE',  ( -5.000000000000004441, 0.000000000000000000, 0.000000000000000000 ) ) ;
#2127 = AXIS2_PLACEMENT_3D ( 'NONE', #8204, #12135, #3250 ) ;
#2128 = ORIENTED_EDGE ( 'NONE', *, *, #7041, .F. ) ;
#2129 = AXIS2_PLACEMENT_3D ( 'NONE', #328, #11153, #2327 ) ;
#2130 = CARTESIAN_POINT ( 'NONE',  ( 5.000000000000006217, 27.30284647801143549, 75.19677236556640310 ) ) ;
#2131 = ORIENTED_EDGE ( 'NONE', *, *, #11749, .F. ) ;
#2132 = CARTESIAN_POINT ( 'NONE',  ( -4.999999999999993783, 122.5733066456637772, -119.3132105852207872 ) ) ;
#2133 = AXIS2_PLACEMENT_3D ( 'NONE', #10040, #3260, #5140 ) ;
#2134 = VERTEX_POINT ( 'NONE', #7642 ) ;
#2135 = B_SPLINE_CURVE_WITH_KNOTS ( 'NONE', 3,
 ( #5113, #2920, #8988, #4139 ),
 .UNSPECIFIED., .F., .F.,
 ( 4, 4 ),
 ( 0.008246777936065357445, 0.008982179398589106023 ),
 .UNSPECIFIED. ) ;
#2136 = ORIENTED_EDGE ( 'NONE', *, *, #774, .F. ) ;
#2137 = AXIS2_PLACEMENT_3D ( 'NONE', #2787, #2647, #10646 ) ;
#2138 = VECTOR ( 'NONE', #6745, 1000.000000000000114 ) ;
#2139 = ADVANCED_FACE ( 'NONE', ( #2819 ), #6751, .T. ) ;
#2140 = DIRECTION ( 'NONE',  ( 1.000000000000000000, 0.000000000000000000, 0.000000000000000000 ) ) ;
#2141 = AXIS2_PLACEMENT_3D ( 'NONE', #5318, #8199, #3302 ) ;
#2142 = DIRECTION ( 'NONE',  ( -1.000000000000000000, -0.000000000000000000, -0.000000000000000000 ) ) ;
#2143 = ORIENTED_EDGE ( 'NONE', *, *, #10832, .T. ) ;
#2144 = CARTESIAN_POINT ( 'NONE',  ( -4.999999999999993783, 80.37303019083840638, 149.6241146709413385 ) ) ;
#2145 = ORIENTED_EDGE ( 'NONE', *, *, #318, .F. ) ;
#2146 = DIRECTION ( 'NONE',  ( -1.000000000000000000, -0.000000000000000000, -0.000000000000000000 ) ) ;
#2147 = CARTESIAN_POINT ( 'NONE',  ( -4.999999999999993783, 131.6151391931839214, 47.90481762191758719 ) ) ;
#2148 = CARTESIAN_POINT ( 'NONE',  ( 19.00000000000000355, -3.339284814946545227E-20, 53.00000000000000000 ) ) ;
#2149 = AXIS2_PLACEMENT_3D ( 'NONE', #3143, #2038, #10751 ) ;
#2150 = ORIENTED_EDGE ( 'NONE', *, *, #10766, .T. ) ;
#2151 = FACE_OUTER_BOUND ( 'NONE', #11146, .T. ) ;
#2152 = DIRECTION ( 'NONE',  ( 0.000000000000000000, 0.9848077530122073542, -0.1736481776669339672 ) ) ;
#2153 = ORIENTED_EDGE ( 'NONE', *, *, #11569, .T. ) ;
#2154 = EDGE_CURVE ( 'NONE', #2049, #6479, #5183, .T. ) ;
#2155 = CARTESIAN_POINT ( 'NONE',  ( 18.98339369367273477, -50.23709584390400096, 16.96209811354415820 ) ) ;
#2156 = CIRCLE ( 'NONE', #10801, 100.0000000000002132 ) ;
#2157 = PLANE ( 'NONE',  #6920 ) ;
#2158 = DIRECTION ( 'NONE',  ( 0.000000000000000000, 0.000000000000000000, 1.000000000000000000 ) ) ;
#2159 = DIRECTION ( 'NONE',  ( 0.000000000000000000, 0.2968551111398125553, 0.9549225324549471816 ) ) ;
#2160 = CARTESIAN_POINT ( 'NONE',  ( 5.000000000000006217, 140.0621876725833772, 0.0007748487318643802616 ) ) ;
#2161 = DIRECTION ( 'NONE',  ( 0.000000000000000000, 0.000000000000000000, 1.000000000000000000 ) ) ;
#2162 = ADVANCED_FACE ( 'NONE', ( #3852 ), #11704, .F. ) ;
#2163 = VERTEX_POINT ( 'NONE', #8810 ) ;
#2164 = EDGE_CURVE ( 'NONE', #1416, #7383, #3747, .T. ) ;
#2165 = VERTEX_POINT ( 'NONE', #7961 ) ;
#2166 = CARTESIAN_POINT ( 'NONE',  ( 5.000000000000006217, -77.42292273537663050, 20.14177338547683149 ) ) ;
#2167 = ORIENTED_EDGE ( 'NONE', *, *, #6463, .T. ) ;
#2168 = AXIS2_PLACEMENT_3D ( 'NONE', #11893, #3202, #5021 ) ;
#2169 = CARTESIAN_POINT ( 'NONE',  ( 35.00000000000000000, 9.184850993605148733E-15, -75.00000000000000000 ) ) ;
#2170 = LINE ( 'NONE', #1138, #2517 ) ;
#2171 = CARTESIAN_POINT ( 'NONE',  ( 19.00340933032651947, 31.22439297711492401, -42.82083911621788985 ) ) ;
#2172 = CIRCLE ( 'NONE', #11643, 140.0000000000000000 ) ;
#2173 = CARTESIAN_POINT ( 'NONE',  ( -5.422896922401784003, -31.16859507640944571, -42.85246832158298247 ) ) ;
#2174 = CARTESIAN_POINT ( 'NONE',  ( 5.000000000000004441, 0.000000000000000000, 0.000000000000000000 ) ) ;
#2175 = ORIENTED_EDGE ( 'NONE', *, *, #9104, .F. ) ;
#2176 = DIRECTION ( 'NONE',  ( 1.000000000000000000, 0.000000000000000000, 0.000000000000000000 ) ) ;
#2177 = CARTESIAN_POINT ( 'NONE',  ( 5.000000000000006217, 0.0007748487313753557506, -140.0621876725833772 ) ) ;
#2178 = ORIENTED_EDGE ( 'NONE', *, *, #7476, .F. ) ;
#2179 = EDGE_CURVE ( 'NONE', #11331, #663, #7071, .T. ) ;
#2180 = ORIENTED_EDGE ( 'NONE', *, *, #2418, .T. ) ;
#2181 = FACE_OUTER_BOUND ( 'NONE', #9359, .T. ) ;
#2182 = VERTEX_POINT ( 'NONE', #3065 ) ;
#2183 = DIRECTION ( 'NONE',  ( 0.000000000000000000, -0.9754147273220595826, -0.2203771987371476171 ) ) ;
#2184 = CIRCLE ( 'NONE', #7937, 140.0000000000000000 ) ;
#2185 = DIRECTION ( 'NONE',  ( 0.000000000000000000, -0.8888667644071428509, 0.4581657725456768082 ) ) ;
#2186 = FACE_OUTER_BOUND ( 'NONE', #5862, .T. ) ;
#2187 = DIRECTION ( 'NONE',  ( 0.000000000000000000, -0.9396926207859115365, -0.3420201433256601642 ) ) ;
#2188 = ORIENTED_EDGE ( 'NONE', *, *, #8982, .T. ) ;
#2189 = CARTESIAN_POINT ( 'NONE',  ( 35.00000000000000000, 0.000000000000000000, 0.000000000000000000 ) ) ;
#2190 = ORIENTED_EDGE ( 'NONE', *, *, #10788, .F. ) ;
#2191 = CARTESIAN_POINT ( 'NONE',  ( 17.70170846213240878, 3.737276103497518598, 54.08001739507583494 ) ) ;
#2192 = VERTEX_POINT ( 'NONE', #9979 ) ;
#2193 = DIRECTION ( 'NONE',  ( 0.000000000000000000, 0.000000000000000000, 1.000000000000000000 ) ) ;
#2194 = ORIENTED_EDGE ( 'NONE', *, *, #4518, .F. ) ;
#2195 = VERTEX_POINT ( 'NONE', #12082 ) ;
#2196 = EDGE_CURVE ( 'NONE', #6479, #638, #7251, .T. ) ;
#2197 = CARTESIAN_POINT ( 'NONE',  ( -4.999999999999993783, 157.7458401751238739, 62.95593364064023945 ) ) ;
#2198 = DIRECTION ( 'NONE',  ( 0.000000000000000000, 0.9848077530122085754, 0.1736481776669274169 ) ) ;
#2199 = EDGE_LOOP ( 'NONE', ( #10769, #5610, #11249 ) ) ;
#2200 = CARTESIAN_POINT ( 'NONE',  ( 5.000000000000006217, -24.35148223580090132, -168.0898717532972171 ) ) ;
#2201 = ORIENTED_EDGE ( 'NONE', *, *, #5842, .T. ) ;
#2202 = DIRECTION ( 'NONE',  ( 0.000000000000000000, 0.000000000000000000, 1.000000000000000000 ) ) ;
#2203 = EDGE_CURVE ( 'NONE', #2893, #6175, #3201, .T. ) ;
#2204 = DIRECTION ( 'NONE',  ( 0.000000000000000000, 0.000000000000000000, 1.000000000000000000 ) ) ;
#2205 = CARTESIAN_POINT ( 'NONE',  ( -4.999999999999993783, -97.87195845839738695, -100.3053633756253475 ) ) ;
#2206 = EDGE_CURVE ( 'NONE', #3274, #6345, #7864, .T. ) ;
#2207 = ORIENTED_EDGE ( 'NONE', *, *, #3455, .F. ) ;
#2208 = EDGE_CURVE ( 'NONE', #5491, #7739, #5967, .T. ) ;
#2209 = CARTESIAN_POINT ( 'NONE',  ( -4.999999999999993783, -72.25628210076379787, -34.33700186351224204 ) ) ;
#2210 = DIRECTION ( 'NONE',  ( -1.000000000000000000, -0.000000000000000000, -0.000000000000000000 ) ) ;
#2211 = DIRECTION ( 'NONE',  ( -1.000000000000000000, -0.000000000000000000, -0.000000000000000000 ) ) ;
#2212 = DIRECTION ( 'NONE',  ( 0.000000000000000000, 0.000000000000000000, -1.000000000000000000 ) ) ;
#2213 = CARTESIAN_POINT ( 'NONE',  ( 5.000000000000006217, -133.3943579393228163, 105.1339381126582282 ) ) ;
#2214 = DIRECTION ( 'NONE',  ( -1.000000000000000000, -0.000000000000000000, -0.000000000000000000 ) ) ;
#2215 = LINE ( 'NONE', #9050, #3309 ) ;
#2216 = PLANE ( 'NONE',  #3791 ) ;
#2217 = VERTEX_POINT ( 'NONE', #6994 ) ;
#2218 = ADVANCED_FACE ( 'NONE', ( #4099 ), #5133, .T. ) ;
#2219 = ORIENTED_EDGE ( 'NONE', *, *, #342, .T. ) ;
#2220 = FACE_OUTER_BOUND ( 'NONE', #10128, .T. ) ;
#2221 = VERTEX_POINT ( 'NONE', #2098 ) ;
#2222 = CARTESIAN_POINT ( 'NONE',  ( 5.000000000000005329, 60.71641116595523613, -126.1487907794865464 ) ) ;
#2223 = DIRECTION ( 'NONE',  ( -1.000000000000000000, 0.000000000000000000, 0.000000000000000000 ) ) ;
#2224 = DIRECTION ( 'NONE',  ( -1.000000000000000000, 0.000000000000000000, 0.000000000000000000 ) ) ;
#2225 = EDGE_CURVE ( 'NONE', #12431, #2221, #2170, .T. ) ;
#2226 = DIRECTION ( 'NONE',  ( 0.000000000000000000, 0.000000000000000000, 1.000000000000000000 ) ) ;
#2227 = CARTESIAN_POINT ( 'NONE',  ( -4.999999999999993783, -47.90481762191804194, 131.6151391931837509 ) ) ;
#2228 = LINE ( 'NONE', #8873, #11774 ) ;
#2229 = CARTESIAN_POINT ( 'NONE',  ( 5.000000000000004441, 121.2435565298213618, -70.00000000000015632 ) ) ;
#2230 = DIRECTION ( 'NONE',  ( 0.000000000000000000, 0.8805362840562135363, 0.4739787468447032026 ) ) ;
#2231 = ORIENTED_EDGE ( 'NONE', *, *, #11445, .F. ) ;
#2232 = EDGE_CURVE ( 'NONE', #6098, #10651, #9737, .T. ) ;
#2233 = EDGE_LOOP ( 'NONE', ( #8973, #12745, #1015 ) ) ;
#2234 = DIRECTION ( 'NONE',  ( 0.000000000000000000, -0.9848077530122096857, -0.1736481776669206722 ) ) ;
#2235 = EDGE_CURVE ( 'NONE', #7003, #3483, #9937, .T. ) ;
#2236 = EDGE_LOOP ( 'NONE', ( #5008, #12663, #5490, #963 ) ) ;
#2237 = CARTESIAN_POINT ( 'NONE',  ( -4.999999999999993783, 107.2933624945068090, 90.03083239009136207 ) ) ;
#2238 = EDGE_CURVE ( 'NONE', #3532, #5348, #11776, .T. ) ;
#2239 = CARTESIAN_POINT ( 'NONE',  ( -4.999999999999993783, -39.94583737856282823, -69.31327489107758311 ) ) ;
#2240 = EDGE_CURVE ( 'NONE', #4667, #6450, #1686, .T. ) ;
#2241 = AXIS2_PLACEMENT_3D ( 'NONE', #5657, #1581, #3850 ) ;
#2242 = DIRECTION ( 'NONE',  ( 1.000000000000000000, 0.000000000000000000, 0.000000000000000000 ) ) ;
#2243 = DIRECTION ( 'NONE',  ( 0.000000000000000000, 0.6653231695327163076, 0.7465554768956829124 ) ) ;
#2244 = EDGE_LOOP ( 'NONE', ( #9658, #9495, #3607, #5898, #3936, #9600 ) ) ;
#2245 = DIRECTION ( 'NONE',  ( 0.000000000000000000, 0.000000000000000000, 1.000000000000000000 ) ) ;
#2246 = ORIENTED_EDGE ( 'NONE', *, *, #8704, .T. ) ;
#2247 = DIRECTION ( 'NONE',  ( 0.000000000000000000, -0.7345453337178026176, -0.6785596161822498029 ) ) ;
#2248 = ORIENTED_EDGE ( 'NONE', *, *, #9372, .F. ) ;
#2249 = LINE ( 'NONE', #1162, #2949 ) ;
#2250 = ORIENTED_EDGE ( 'NONE', *, *, #12645, .T. ) ;
#2251 = ORIENTED_EDGE ( 'NONE', *, *, #5094, .F. ) ;
#2252 = AXIS2_PLACEMENT_3D ( 'NONE', #1018, #248, #7148 ) ;
#2253 = ADVANCED_FACE ( 'NONE', ( #1327 ), #5272, .T. ) ;
#2254 = DIRECTION ( 'NONE',  ( -1.000000000000000000, -0.000000000000000000, -0.000000000000000000 ) ) ;
#2255 = DIRECTION ( 'NONE',  ( 0.000000000000000000, -0.9494645049895570343, -0.3138744235597024645 ) ) ;
#2256 = EDGE_CURVE ( 'NONE', #9333, #6128, #108, .T. ) ;
#2257 = CIRCLE ( 'NONE', #2453, 100.0000000000000284 ) ;
#2258 = ORIENTED_EDGE ( 'NONE', *, *, #11533, .T. ) ;
#2259 = FACE_OUTER_BOUND ( 'NONE', #2732, .T. ) ;
#2260 = VERTEX_POINT ( 'NONE', #12028 ) ;
#2261 = CARTESIAN_POINT ( 'NONE',  ( 5.000000000000006217, 75.15400103636444840, 27.42035973919391267 ) ) ;
#2262 = LINE ( 'NONE', #3178, #257 ) ;
#2263 = ORIENTED_EDGE ( 'NONE', *, *, #6959, .F. ) ;
#2264 = DIRECTION ( 'NONE',  ( -1.000000000000000000, -0.000000000000000000, -0.000000000000000000 ) ) ;
#2265 = CARTESIAN_POINT ( 'NONE',  ( 5.000000000000006217, 20.14177338547710150, 77.42292273537655944 ) ) ;
#2266 = CIRCLE ( 'NONE', #9061, 6.999999999999999112 ) ;
#2267 = VECTOR ( 'NONE', #3687, 1000.000000000000000 ) ;
#2268 = CARTESIAN_POINT ( 'NONE',  ( -5.000000000000004441, 0.000000000000000000, 0.000000000000000000 ) ) ;
#2269 = EDGE_CURVE ( 'NONE', #5155, #11159, #11062, .T. ) ;
#2270 = DIRECTION ( 'NONE',  ( -1.000000000000000000, 0.000000000000000000, -0.000000000000000000 ) ) ;
#2271 = ADVANCED_FACE ( 'NONE', ( #5202 ), #7905, .F. ) ;
#2272 = DIRECTION ( 'NONE',  ( 0.000000000000000000, 0.000000000000000000, 1.000000000000000000 ) ) ;
#2273 = CARTESIAN_POINT ( 'NONE',  ( 5.000000000000004441, 0.000000000000000000, 0.000000000000000000 ) ) ;
#2274 = LINE ( 'NONE', #1500, #2891 ) ;
#2275 = AXIS2_PLACEMENT_3D ( 'NONE', #6007, #12718, #2852 ) ;
#2276 = CARTESIAN_POINT ( 'NONE',  ( 5.000000000000006217, 13.83027240313206896, 78.79545396313061190 ) ) ;
#2277 = FACE_OUTER_BOUND ( 'NONE', #3765, .T. ) ;
#2278 = AXIS2_PLACEMENT_3D ( 'NONE', #8439, #716, #3620 ) ;
#2279 = VERTEX_POINT ( 'NONE', #10871 ) ;
#2280 = ORIENTED_EDGE ( 'NONE', *, *, #2428, .F. ) ;
#2281 = CARTESIAN_POINT ( 'NONE',  ( -5.000000000000004441, -60.71641116595436216, 126.1487907794869585 ) ) ;
#2282 = ORIENTED_EDGE ( 'NONE', *, *, #10353, .F. ) ;
#2283 = CARTESIAN_POINT ( 'NONE',  ( 5.000000000000006217, -149.6241146709416228, 80.37303019083788058 ) ) ;
#2284 = AXIS2_PLACEMENT_3D ( 'NONE', #7423, #8395, #6473 ) ;
#2285 = VECTOR ( 'NONE', #5180, 1000.000000000000000 ) ;
#2286 = DIRECTION ( 'NONE',  ( 0.000000000000000000, -0.7660444431189706860, 0.6427876096865479116 ) ) ;
#2287 = VECTOR ( 'NONE', #4639, 1000.000000000000000 ) ;
#2288 = DIRECTION ( 'NONE',  ( -1.000000000000000000, 0.000000000000000000, 0.000000000000000000 ) ) ;
#2289 = EDGE_CURVE ( 'NONE', #5601, #602, #9902, .T. ) ;
#2290 = DIRECTION ( 'NONE',  ( 0.000000000000000000, 0.000000000000000000, 1.000000000000000000 ) ) ;
#2291 = CARTESIAN_POINT ( 'NONE',  ( 4.999999999999999112, 51.47089191217101245, -61.24334482836709981 ) ) ;
#2292 = LINE ( 'NONE', #7910, #10342 ) ;
#2293 = CARTESIAN_POINT ( 'NONE',  ( 5.000000000000006217, -13.95342753719890716, 78.77373839018187596 ) ) ;
#2295 = DIRECTION ( 'NONE',  ( -1.000000000000000000, -0.000000000000000000, -0.000000000000000000 ) ) ;
#2294 = AXIS2_PLACEMENT_3D ( 'NONE', #12330, #733, #11363 ) ;
#2296 = ORIENTED_EDGE ( 'NONE', *, *, #3270, .T. ) ;
#2297 = CIRCLE ( 'NONE', #7034, 140.0000000000000000 ) ;
#2298 = CIRCLE ( 'NONE', #1884, 4.999999999999997335 ) ;
#2299 = EDGE_LOOP ( 'NONE', ( #12362, #9190, #7779, #2231, #11860, #3223 ) ) ;
#2300 = CARTESIAN_POINT ( 'NONE',  ( 18.91460863874192810, 50.87240525805908931, 15.26031938197029270 ) ) ;
#2301 = AXIS2_PLACEMENT_3D ( 'NONE', #11255, #4234, #1328 ) ;
#2302 = ORIENTED_EDGE ( 'NONE', *, *, #11451, .T. ) ;
#2303 = CARTESIAN_POINT ( 'NONE',  ( 5.000000000000005329, 113.6890130393099128, 81.69950008505331596 ) ) ;
#2304 = LINE ( 'NONE', #2983, #10938 ) ;
#2305 = CIRCLE ( 'NONE', #870, 100.0000000000000284 ) ;
#2306 = CIRCLE ( 'NONE', #6219, 100.0000000000001990 ) ;
#2307 = AXIS2_PLACEMENT_3D ( 'NONE', #9006, #8157, #2286 ) ;
#2308 = EDGE_CURVE ( 'NONE', #12134, #4357, #3311, .T. ) ;
#2309 = AXIS2_PLACEMENT_3D ( 'NONE', #4744, #11646, #2816 ) ;
#2310 = CARTESIAN_POINT ( 'NONE',  ( -5.367435062636862320, 32.20152471412818329, -42.24484297081736628 ) ) ;
#2311 = LINE ( 'NONE', #9399, #8636 ) ;
#2312 = ORIENTED_EDGE ( 'NONE', *, *, #2664, .T. ) ;
#2313 = CARTESIAN_POINT ( 'NONE',  ( 5.000000000000006217, -78.79545396313065453, 13.83027240313179185 ) ) ;
#2314 = ORIENTED_EDGE ( 'NONE', *, *, #2948, .F. ) ;
#2315 = DIRECTION ( 'NONE',  ( -1.000000000000000000, -0.000000000000000000, -0.000000000000000000 ) ) ;
#2316 = ORIENTED_EDGE ( 'NONE', *, *, #7052, .T. ) ;
#2317 = CARTESIAN_POINT ( 'NONE',  ( 18.88735929581834228, -32.32648241317395588, -42.18367637239047241 ) ) ;
#2318 = ORIENTED_EDGE ( 'NONE', *, *, #1664, .T. ) ;
#2319 = VECTOR ( 'NONE', #3009, 1000.000000000000000 ) ;
#2320 = EDGE_CURVE ( 'NONE', #3881, #8709, #11369, .T. ) ;
#2321 = CIRCLE ( 'NONE', #8485, 140.0000000000000000 ) ;
#2322 = ORIENTED_EDGE ( 'NONE', *, *, #11552, .T. ) ;
#2323 = CIRCLE ( 'NONE', #7837, 140.0000000000000000 ) ;
#2324 = EDGE_CURVE ( 'NONE', #11058, #3819, #3335, .T. ) ;
#2325 = CIRCLE ( 'NONE', #3976, 140.0000000000000000 ) ;
#2326 = CIRCLE ( 'NONE', #11582, 100.0000000000000000 ) ;
#2327 = DIRECTION ( 'NONE',  ( 0.000000000000000000, 0.6427876096865404731, 0.7660444431189770143 ) ) ;
#2328 = CARTESIAN_POINT ( 'NONE',  ( 5.000000000000006217, -51.47089191217059323, 61.24334482836746929 ) ) ;
#2329 = CIRCLE ( 'NONE', #5017, 6.999999999999999112 ) ;
#2330 = AXIS2_PLACEMENT_3D ( 'NONE', #10378, #8312, #3531 ) ;
#2331 = ORIENTED_EDGE ( 'NONE', *, *, #11373, .F. ) ;
#2332 = AXIS2_PLACEMENT_3D ( 'NONE', #607, #7380, #2613 ) ;
#2333 = DIRECTION ( 'NONE',  ( -1.000000000000000000, -0.000000000000000000, -0.000000000000000000 ) ) ;
#2334 = EDGE_LOOP ( 'NONE', ( #2725, #8520, #1619 ) ) ;
#2335 = LINE ( 'NONE', #10204, #5988 ) ;
#2336 = CARTESIAN_POINT ( 'NONE',  ( 17.19499588943818225, -35.26711513754809602, -41.54101966249704958 ) ) ;
#2337 = ORIENTED_EDGE ( 'NONE', *, *, #7157, .F. ) ;
#2338 = EDGE_CURVE ( 'NONE', #9494, #7835, #875, .T. ) ;
#2339 = DIRECTION ( 'NONE',  ( -1.000000000000000000, -0.000000000000000000, -0.000000000000000000 ) ) ;
#2340 = CARTESIAN_POINT ( 'NONE',  ( 5.000000000000006217, 131.6156692209318919, -47.90336138264822097 ) ) ;
#2341 = AXIS2_PLACEMENT_3D ( 'NONE', #8289, #12034, #10286 ) ;
#2342 = CIRCLE ( 'NONE', #12643, 140.0000000000000000 ) ;
#2343 = DIRECTION ( 'NONE',  ( -1.000000000000000000, -0.000000000000000000, -0.000000000000000000 ) ) ;
#2344 = CARTESIAN_POINT ( 'NONE',  ( -4.999999999999992895, -47.88282006559242632, 131.5569669100276258 ) ) ;
#2345 = CARTESIAN_POINT ( 'NONE',  ( 5.000000000000006217, 47.90481762191890169, -131.6151391931834382 ) ) ;
#2346 = AXIS2_PLACEMENT_3D ( 'NONE', #12547, #8764, #10431 ) ;
#2347 = CARTESIAN_POINT ( 'NONE',  ( -4.999999999999993783, 78.79545396313075400, -13.83027240313126427 ) ) ;
#2348 = CARTESIAN_POINT ( 'NONE',  ( 5.000000000000006217, 78.77373839018171964, 13.95342753719973317 ) ) ;
#2349 = CARTESIAN_POINT ( 'NONE',  ( 5.000000000000006217, -164.6149246967156898, -46.49499208839367270 ) ) ;
#2350 = CYLINDRICAL_SURFACE ( 'NONE', #6265, 100.0000000000000000 ) ;
#2351 = VERTEX_POINT ( 'NONE', #600 ) ;
#2352 = ORIENTED_EDGE ( 'NONE', *, *, #3288, .T. ) ;
#2353 = DIRECTION ( 'NONE',  ( 0.000000000000000000, -0.8660254037844432595, -0.4999999999999919509 ) ) ;
#2354 = ORIENTED_EDGE ( 'NONE', *, *, #9093, .T. ) ;
#2355 = DIRECTION ( 'NONE',  ( 0.000000000000000000, 0.000000000000000000, 1.000000000000000000 ) ) ;
#2356 = EDGE_CURVE ( 'NONE', #1502, #10597, #11160, .T. ) ;
#2357 = CIRCLE ( 'NONE', #8754, 140.0000000000000000 ) ;
#2358 = LOCAL_TIME ( 10, 11, 16.00000000000000000, #13 ) ;
#2359 = LINE ( 'NONE', #6295, #5198 ) ;
#2360 = PLANE ( 'NONE',  #11354 ) ;
#2361 = CARTESIAN_POINT ( 'NONE',  ( 5.000000000000006217, -121.2970252097153292, -70.03176487497685798 ) ) ;
#2362 = DIRECTION ( 'NONE',  ( -0.000000000000000000, 0.02979050640667467095, 0.9995561643689833131 ) ) ;
#2363 = DIRECTION ( 'NONE',  ( 0.000000000000000000, -0.6653231695327214146, -0.7465554768956782494 ) ) ;
#2364 = DIRECTION ( 'NONE',  ( 1.000000000000000000, 0.000000000000000000, 0.000000000000000000 ) ) ;
#2365 = VECTOR ( 'NONE', #5526, 1000.000000000000114 ) ;
#2366 = CARTESIAN_POINT ( 'NONE',  ( -5.000000000000004441, 0.000000000000000000, 0.000000000000000000 ) ) ;
#2367 = VERTEX_POINT ( 'NONE', #6482 ) ;
#2368 = ORIENTED_EDGE ( 'NONE', *, *, #1489, .T. ) ;
#2369 = CARTESIAN_POINT ( 'NONE',  ( 17.99163626051185361, 52.32157089758412383, 13.39019994400989688 ) ) ;
#2370 = ORIENTED_EDGE ( 'NONE', *, *, #7595, .T. ) ;
#2371 = DIRECTION ( 'NONE',  ( 0.000000000000000000, 0.6427876096865353661, -0.7660444431189813441 ) ) ;
#2372 = ADVANCED_FACE ( 'NONE', ( #3580 ), #4481, .F. ) ;
#2373 = LINE ( 'NONE', #10236, #11972 ) ;
#2374 = CIRCLE ( 'NONE', #112, 99.99999999999998579 ) ;
#2375 = CARTESIAN_POINT ( 'NONE',  ( -5.298446953061785258, 29.73979967758213405, -44.22735267787231095 ) ) ;
#2376 = CARTESIAN_POINT ( 'NONE',  ( -4.999999999999993783, 141.4296642867068385, -96.21594349147424907 ) ) ;
#2377 = ORIENTED_EDGE ( 'NONE', *, *, #1561, .T. ) ;
#2378 = CARTESIAN_POINT ( 'NONE',  ( -4.999999999999993783, -24.32230672642489822, 137.9341937727410254 ) ) ;
#2379 = ORIENTED_EDGE ( 'NONE', *, *, #8801, .T. ) ;
#2380 = CARTESIAN_POINT ( 'NONE',  ( 5.000000000000006217, -90.02964525296256681, -107.2943586208337052 ) ) ;
#2381 = ORIENTED_EDGE ( 'NONE', *, *, #10353, .T. ) ;
#2382 = CARTESIAN_POINT ( 'NONE',  ( 15.25701267629904656, -28.41945699475530063, -47.08858103747927260 ) ) ;
#2383 = AXIS2_PLACEMENT_3D ( 'NONE', #1562, #7688, #10650 ) ;
#2384 = VERTEX_POINT ( 'NONE', #3446 ) ;
#2385 = ORIENTED_EDGE ( 'NONE', *, *, #126, .F. ) ;
#2386 = EDGE_CURVE ( 'NONE', #4199, #11265, #3963, .T. ) ;
#2387 = CARTESIAN_POINT ( 'NONE',  ( 59.79898987322338400, 0.000000000000000000, 60.00000000000000000 ) ) ;
#2388 = CARTESIAN_POINT ( 'NONE',  ( -4.999999999999993783, -34.60721386647372100, 166.2815095599044071 ) ) ;
#2389 = ADVANCED_FACE ( 'NONE', ( #12334 ), #11192, .T. ) ;
#2390 = EDGE_CURVE ( 'NONE', #4478, #2192, #3502, .T. ) ;
#2391 = ORIENTED_EDGE ( 'NONE', *, *, #2848, .T. ) ;
#2392 = DIRECTION ( 'NONE',  ( -1.000000000000000000, -0.000000000000000000, -0.000000000000000000 ) ) ;
#2393 = ORIENTED_EDGE ( 'NONE', *, *, #1089, .F. ) ;
#2394 = DIRECTION ( 'NONE',  ( 0.000000000000000000, -0.3864081637724074425, 0.9223278869090081322 ) ) ;
#2395 = DIRECTION ( 'NONE',  ( 0.000000000000000000, 0.9396926207859069846, -0.3420201433256727652 ) ) ;
#2396 = ORIENTED_EDGE ( 'NONE', *, *, #2386, .T. ) ;
#2397 = EDGE_CURVE ( 'NONE', #11012, #9815, #9515, .T. ) ;
#2398 = FACE_OUTER_BOUND ( 'NONE', #6150, .T. ) ;
#2399 = DIRECTION ( 'NONE',  ( -1.000000000000000000, 0.000000000000000000, 0.000000000000000000 ) ) ;
#2400 = EDGE_CURVE ( 'NONE', #6128, #10584, #12186, .T. ) ;
#2401 = PLANE ( 'NONE',  #7013 ) ;
#2402 = DIRECTION ( 'NONE',  ( -1.000000000000000000, 0.000000000000000000, 0.000000000000000000 ) ) ;
#2403 = ADVANCED_FACE ( 'NONE', ( #6539 ), #4346, .T. ) ;
#2404 = FACE_OUTER_BOUND ( 'NONE', #8042, .T. ) ;
#2405 = ORIENTED_EDGE ( 'NONE', *, *, #9415, .T. ) ;
#2406 = CARTESIAN_POINT ( 'NONE',  ( 5.000000000000006217, 75.19677236556668731, -27.30284647801063613 ) ) ;
#2407 = PERSON_AND_ORGANIZATION_ROLE ( 'design_owner' ) ;
#2408 = VERTEX_POINT ( 'NONE', #9383 ) ;
#2409 = ORIENTED_EDGE ( 'NONE', *, *, #10837, .T. ) ;
#2410 = DIRECTION ( 'NONE',  ( 1.000000000000000000, 0.000000000000000000, 0.000000000000000000 ) ) ;
#2411 = VERTEX_POINT ( 'NONE', #7436 ) ;
#2412 = DIRECTION ( 'NONE',  ( 1.000000000000000000, 0.000000000000000000, 0.000000000000000000 ) ) ;
#2413 = PLANE ( 'NONE',  #2102 ) ;
#2414 = CYLINDRICAL_SURFACE ( 'NONE', #2714, 100.0000000000001990 ) ;
#2415 = EDGE_CURVE ( 'NONE', #2195, #8294, #1626, .T. ) ;
#2416 = FACE_BOUND ( 'NONE', #9216, .T. ) ;
#2417 = DIRECTION ( 'NONE',  ( 1.000000000000000000, 0.000000000000000000, -0.000000000000000000 ) ) ;
#2418 = EDGE_CURVE ( 'NONE', #6827, #10200, #1571, .T. ) ;
#2419 = CARTESIAN_POINT ( 'NONE',  ( 5.000000000000006217, 57.66310238715711023, 127.7303910488288778 ) ) ;
#2420 = DIRECTION ( 'NONE',  ( 0.000000000000000000, 0.3138744235597054066, -0.9494645049895560351 ) ) ;
#2421 = CARTESIAN_POINT ( 'NONE',  ( -87.20833333333341386, 0.000000000000000000, 0.000000000000000000 ) ) ;
#2422 = ORIENTED_EDGE ( 'NONE', *, *, #8946, .T. ) ;
#2423 = EDGE_LOOP ( 'NONE', ( #1080, #1322, #4906, #2516, #9056, #5433 ) ) ;
#2424 = CARTESIAN_POINT ( 'NONE',  ( 17.19499588943801172, 35.26711513754882787, -41.54101966249653799 ) ) ;
#2425 = ORIENTED_EDGE ( 'NONE', *, *, #8449, .F. ) ;
#2426 = FACE_OUTER_BOUND ( 'NONE', #3290, .T. ) ;
#2427 = DIRECTION ( 'NONE',  ( -1.000000000000000000, -0.000000000000000000, -0.000000000000000000 ) ) ;
#2428 = EDGE_CURVE ( 'NONE', #4061, #11183, #10745, .T. ) ;
#2429 = CARTESIAN_POINT ( 'NONE',  ( -5.999999989902971009E-06, 36.00180665649984491, -41.57968154601480393 ) ) ;
#2430 = DIRECTION ( 'NONE',  ( 0.000000000000000000, 0.000000000000000000, 1.000000000000000000 ) ) ;
#2431 = EDGE_CURVE ( 'NONE', #708, #7206, #2359, .T. ) ;
#2432 = ORIENTED_EDGE ( 'NONE', *, *, #269, .T. ) ;
#2433 = CARTESIAN_POINT ( 'NONE',  ( -4.999999999999993783, -53.17002841738392505, -61.30761839173914751 ) ) ;
#2434 = EDGE_LOOP ( 'NONE', ( #481, #12190, #1602 ) ) ;
#2435 = CARTESIAN_POINT ( 'NONE',  ( 18.71932651009904447, 2.062358131575664721, 53.30432376786577464 ) ) ;
#2436 = VERTEX_POINT ( 'NONE', #3389 ) ;
#2437 = CARTESIAN_POINT ( 'NONE',  ( 16.00553517265592518, -28.44790331178328913, -46.95952544004084217 ) ) ;
#2438 = ORIENTED_EDGE ( 'NONE', *, *, #137, .T. ) ;
#2439 = ORIENTED_EDGE ( 'NONE', *, *, #9702, .F. ) ;
#2440 = CIRCLE ( 'NONE', #11906, 100.0000000000001847 ) ;
#2441 = LINE ( 'NONE', #448, #11596 ) ;
#2442 = CARTESIAN_POINT ( 'NONE',  ( 5.000000000000004441, 0.000000000000000000, 0.000000000000000000 ) ) ;
#2443 = ORIENTED_EDGE ( 'NONE', *, *, #7359, .F. ) ;
#2444 = ADVANCED_FACE ( 'NONE', ( #7320 ), #2413, .T. ) ;
#2445 = EDGE_LOOP ( 'NONE', ( #9818, #326, #646, #5870, #11360, #6125 ) ) ;
#2446 = CARTESIAN_POINT ( 'NONE',  ( 5.000000000000005329, -126.1487907794867596, -60.71641116595480270 ) ) ;
#2447 = CARTESIAN_POINT ( 'NONE',  ( 5.000000000000006217, -27.30284647801090614, -75.19677236556661626 ) ) ;
#2448 = ORIENTED_EDGE ( 'NONE', *, *, #7757, .T. ) ;
#2449 = ORIENTED_EDGE ( 'NONE', *, *, #2789, .F. ) ;
#2450 = CARTESIAN_POINT ( 'NONE',  ( 59.79898987322338400, 0.000000000000000000, 60.00000000000000000 ) ) ;
#2451 = DIRECTION ( 'NONE',  ( -1.000000000000000000, -0.000000000000000000, -0.000000000000000000 ) ) ;
#2452 = CARTESIAN_POINT ( 'NONE',  ( -4.999999999999993783, -141.4296642867061848, 96.21594349147515857 ) ) ;
#2453 = AXIS2_PLACEMENT_3D ( 'NONE', #113, #11956, #3136 ) ;
#2454 = CARTESIAN_POINT ( 'NONE',  ( 16.20227113446722100, -50.59426097889244289, 21.21610832132057922 ) ) ;
#2455 = ADVANCED_FACE ( 'NONE', ( #9502 ), #10660, .F. ) ;
#2456 = CARTESIAN_POINT ( 'NONE',  ( -4.999999999999993783, -154.0402834560585177, -74.37371037525505812 ) ) ;
#2457 = EDGE_CURVE ( 'NONE', #7368, #1733, #7564, .T. ) ;
#2458 = ORIENTED_EDGE ( 'NONE', *, *, #5678, .F. ) ;
#2459 = CARTESIAN_POINT ( 'NONE',  ( -9.999999999999987566, 0.000000000000000000, 0.000000000000000000 ) ) ;
#2460 = DIRECTION ( 'NONE',  ( 0.000000000000000000, 1.000000000000000000, -3.608224830031750868E-15 ) ) ;
#2461 = APPLICATION_PROTOCOL_DEFINITION ( 'international standard', 'config_control_design', 1994, #4645 ) ;
#2462 = EDGE_CURVE ( 'NONE', #1656, #321, #10344, .T. ) ;
#2463 = VERTEX_POINT ( 'NONE', #2861 ) ;
#2464 = AXIS2_PLACEMENT_3D ( 'NONE', #8472, #745, #12410 ) ;
#2465 = ORIENTED_EDGE ( 'NONE', *, *, #3981, .F. ) ;
#2466 = DIRECTION ( 'NONE',  ( 0.000000000000000000, 0.1736481776669241694, -0.9848077530122092416 ) ) ;
#2467 = VERTEX_POINT ( 'NONE', #10800 ) ;
#2468 = PERSON ( 'UNSPECIFIED', 'UNSPECIFIED', 'UNSPECIFIED', ('UNSPECIFIED'), ('UNSPECIFIED'), ('UNSPECIFIED') ) ;
#2469 = EDGE_CURVE ( 'NONE', #7024, #4624, #10964, .T. ) ;
#2470 = CARTESIAN_POINT ( 'NONE',  ( 5.000000000000006217, 70.03176487497729852, -121.2970252097150876 ) ) ;
#2471 = ADVANCED_FACE ( 'NONE', ( #10605 ), #795, .F. ) ;
#2472 = DIRECTION ( 'NONE',  ( 0.000000000000000000, -0.6785596161822498029, 0.7345453337178026176 ) ) ;
#2473 = DIRECTION ( 'NONE',  ( 0.000000000000000000, -0.5000000000000069944, -0.8660254037844344888 ) ) ;
#2474 = AXIS2_PLACEMENT_3D ( 'NONE', #9876, #10791, #6079 ) ;
#2475 = CIRCLE ( 'NONE', #9692, 140.0000000000000000 ) ;
#2476 = CARTESIAN_POINT ( 'NONE',  ( -4.999999999999993783, -24.32078057234966550, -137.9344628748812056 ) ) ;
#2477 = DIRECTION ( 'NONE',  ( -1.000000000000000000, -0.000000000000000000, -0.000000000000000000 ) ) ;
#2478 = DIRECTION ( 'NONE',  ( -1.000000000000000000, -0.000000000000000000, -0.000000000000000000 ) ) ;
#2479 = DIRECTION ( 'NONE',  ( 0.000000000000000000, -0.04765018403449001322, 0.9988640848291018282 ) ) ;
#2480 = LINE ( 'NONE', #5214, #2719 ) ;
#2481 = APPLICATION_CONTEXT ( 'configuration controlled 3d designs of mechanical parts and assemblies' ) ;
#2482 = ORIENTED_EDGE ( 'NONE', *, *, #9340, .T. ) ;
#2483 = CARTESIAN_POINT ( 'NONE',  ( 18.71902100724235751, 51.33331795860704716, 14.50968949996038404 ) ) ;
#2484 = ORIENTED_EDGE ( 'NONE', *, *, #4505, .T. ) ;
#2485 = FACE_OUTER_BOUND ( 'NONE', #11792, .T. ) ;
#2486 = EDGE_CURVE ( 'NONE', #12213, #11683, #7699, .T. ) ;
#2487 = AXIS2_PLACEMENT_3D ( 'NONE', #11357, #9427, #1815 ) ;
#2488 = AXIS2_PLACEMENT_3D ( 'NONE', #6861, #10792, #1960 ) ;
#2489 = CARTESIAN_POINT ( 'NONE',  ( -4.999999999999993783, 121.2970252097157982, 70.03176487497601954 ) ) ;
#2490 = CARTESIAN_POINT ( 'NONE',  ( -4.999999999999992895, -121.2435565298208502, 70.00000000000100897 ) ) ;
#2491 = VECTOR ( 'NONE', #11433, 1000.000000000000114 ) ;
#2492 = CIRCLE ( 'NONE', #4976, 140.0000000000000000 ) ;
#2493 = DIRECTION ( 'NONE',  ( 0.000000000000000000, -0.7848534137046763171, -0.6196814657516522828 ) ) ;
#2494 = VERTEX_POINT ( 'NONE', #3772 ) ;
#2495 = DIRECTION ( 'NONE',  ( -1.000000000000000000, -0.000000000000000000, -0.000000000000000000 ) ) ;
#2496 = AXIS2_PLACEMENT_3D ( 'NONE', #4122, #3033, #7928 ) ;
#2497 = ORIENTED_EDGE ( 'NONE', *, *, #962, .T. ) ;
#2498 = CARTESIAN_POINT ( 'NONE',  ( 5.000000000000006217, -27.42035973919416847, 75.15400103636433471 ) ) ;
#2499 = VERTEX_POINT ( 'NONE', #12668 ) ;
#2500 = CARTESIAN_POINT ( 'NONE',  ( 17.88164739427057626, -28.83973924766786112, -45.76182760913506087 ) ) ;
#2501 = EDGE_LOOP ( 'NONE', ( #4901, #8878, #3166 ) ) ;
#2502 = EDGE_LOOP ( 'NONE', ( #7853, #4435, #4420, #1945, #11507, #12227 ) ) ;
#2503 = ADVANCED_FACE ( 'NONE', ( #8595 ), #7053, .T. ) ;
#2504 = VECTOR ( 'NONE', #11129, 1000.000000000000000 ) ;
#2505 = VECTOR ( 'NONE', #981, 1000.000000000000000 ) ;
#2506 = AXIS2_PLACEMENT_3D ( 'NONE', #9449, #3460, #5340 ) ;
#2507 = ADVANCED_FACE ( 'NONE', ( #12467 ), #2805, .F. ) ;
#2508 = ORIENTED_EDGE ( 'NONE', *, *, #3726, .F. ) ;
#2509 = VECTOR ( 'NONE', #12523, 1000.000000000000000 ) ;
#2510 = DIRECTION ( 'NONE',  ( -1.000000000000000000, 0.000000000000000000, 0.000000000000000000 ) ) ;
#2511 = CARTESIAN_POINT ( 'NONE',  ( 17.70583872958923521, -3.745979111365460579, 54.08306099918051757 ) ) ;
#2512 = VERTEX_POINT ( 'NONE', #6794 ) ;
#2513 = AXIS2_PLACEMENT_3D ( 'NONE', #11889, #9005, #1000 ) ;
#2514 = VECTOR ( 'NONE', #7604, 1000.000000000000114 ) ;
#2515 = CIRCLE ( 'NONE', #9312, 100.0000000000002274 ) ;
#2516 = ORIENTED_EDGE ( 'NONE', *, *, #10034, .F. ) ;
#2517 = VECTOR ( 'NONE', #9060, 1000.000000000000000 ) ;
#2518 = CARTESIAN_POINT ( 'NONE',  ( -4.999999999999993783, 69.31327489107772521, -39.94583737856260797 ) ) ;
#2519 = CARTESIAN_POINT ( 'NONE',  ( 15.19783508571533837, -36.00180665649974543, -41.57968154601538657 ) ) ;
#2520 = AXIS2_PLACEMENT_3D ( 'NONE', #6983, #10080, #9121 ) ;
#2521 = CIRCLE ( 'NONE', #1289, 140.0000000000000000 ) ;
#2522 = ORIENTED_EDGE ( 'NONE', *, *, #6101, .F. ) ;
#2523 = EDGE_LOOP ( 'NONE', ( #9411, #10600, #5398, #9432 ) ) ;
#2524 = CARTESIAN_POINT ( 'NONE',  ( -4.999999999999993783, -168.0898717532971034, 24.35148223580149818 ) ) ;
#2525 = EDGE_CURVE ( 'NONE', #1736, #3658, #1272, .T. ) ;
#2526 = AXIS2_PLACEMENT_3D ( 'NONE', #8553, #6612, #5583 ) ;
#2527 = CYLINDRICAL_SURFACE ( 'NONE', #9912, 6.999999999999999112 ) ;
#2528 = AXIS2_PLACEMENT_3D ( 'NONE', #10630, #1791, #10686 ) ;
#2529 = VECTOR ( 'NONE', #5499, 1000.000000000000114 ) ;
#2530 = CYLINDRICAL_SURFACE ( 'NONE', #5421, 34.99999999999999289 ) ;
#2531 = AXIS2_PLACEMENT_3D ( 'NONE', #4065, #8832, #9860 ) ;
#2532 = DIRECTION ( 'NONE',  ( 1.000000000000000000, 0.000000000000000000, 0.000000000000000000 ) ) ;
#2533 = ORIENTED_EDGE ( 'NONE', *, *, #11224, .T. ) ;
#2534 = FACE_OUTER_BOUND ( 'NONE', #9437, .T. ) ;
#2535 = CARTESIAN_POINT ( 'NONE',  ( 14.99999999999997158, 0.000000000000000000, 0.000000000000000000 ) ) ;
#2536 = DIRECTION ( 'NONE',  ( -1.000000000000000000, -0.000000000000000000, -0.000000000000000000 ) ) ;
#2537 = AXIS2_PLACEMENT_3D ( 'NONE', #669, #7622, #4612 ) ;
#2538 = ORIENTED_EDGE ( 'NONE', *, *, #4811, .F. ) ;
#2539 = AXIS2_PLACEMENT_3D ( 'NONE', #7346, #1475, #8238 ) ;
#2540 = ORIENTED_EDGE ( 'NONE', *, *, #1937, .T. ) ;
#2541 = LINE ( 'NONE', #6478, #10526 ) ;
#2542 = ORIENTED_EDGE ( 'NONE', *, *, #3669, .T. ) ;
#2543 = AXIS2_PLACEMENT_3D ( 'NONE', #11311, #8547, #9511 ) ;
#2544 = FACE_OUTER_BOUND ( 'NONE', #2299, .T. ) ;
#2545 = EDGE_CURVE ( 'NONE', #7109, #3872, #4576, .T. ) ;
#2546 = DIRECTION ( 'NONE',  ( -1.000000000000000000, -0.000000000000000000, -0.000000000000000000 ) ) ;
#2547 = VECTOR ( 'NONE', #3040, 1000.000000000000114 ) ;
#2548 = DIRECTION ( 'NONE',  ( 0.000000000000000000, -0.1736481776669374644, -0.9848077530122067991 ) ) ;
#2549 = AXIS2_PLACEMENT_3D ( 'NONE', #7956, #8083, #4276 ) ;
#2550 = ORIENTED_EDGE ( 'NONE', *, *, #1407, .T. ) ;
#2551 = CARTESIAN_POINT ( 'NONE',  ( -4.999999999999993783, 122.5733066456637772, -119.3132105852207872 ) ) ;
#2552 = EDGE_CURVE ( 'NONE', #8647, #7845, #3151, .T. ) ;
#2553 = EDGE_CURVE ( 'NONE', #5867, #10838, #9773, .T. ) ;
#2554 = DIRECTION ( 'NONE',  ( 0.000000000000000000, 0.000000000000000000, 1.000000000000000000 ) ) ;
#2555 = CARTESIAN_POINT ( 'NONE',  ( 5.000000000000004441, 0.000000000000000000, 0.000000000000000000 ) ) ;
#2556 = LINE ( 'NONE', #9441, #12221 ) ;
#2557 = DIRECTION ( 'NONE',  ( 0.000000000000000000, -0.8805362840562135363, -0.4739787468447031471 ) ) ;
#2558 = ORIENTED_EDGE ( 'NONE', *, *, #2196, .F. ) ;
#2559 = DIRECTION ( 'NONE',  ( -0.000000000000000000, 1.000000000000000000, 1.224646799147353207E-16 ) ) ;
#2560 = DIRECTION ( 'NONE',  ( 0.000000000000000000, 0.000000000000000000, 1.000000000000000000 ) ) ;
#2561 = APPROVAL_PERSON_ORGANIZATION ( #6533, #8442, #7558 ) ;
#2562 = DIRECTION ( 'NONE',  ( -1.000000000000000000, -0.000000000000000000, -0.000000000000000000 ) ) ;
#2563 = EDGE_CURVE ( 'NONE', #5348, #12049, #1908, .T. ) ;
#2564 = CARTESIAN_POINT ( 'NONE',  ( -5.398518730176873781, 30.56041861800629178, -43.35577833695625571 ) ) ;
#2565 = CIRCLE ( 'NONE', #9155, 6.999999999999999112 ) ;
#2566 = EDGE_CURVE ( 'NONE', #6123, #473, #9525, .T. ) ;
#2567 = DIRECTION ( 'NONE',  ( 0.000000000000000000, 0.000000000000000000, 1.000000000000000000 ) ) ;
#2568 = ORIENTED_EDGE ( 'NONE', *, *, #2097, .F. ) ;
#2569 = DIRECTION ( 'NONE',  ( -1.000000000000000000, 0.000000000000000000, 0.000000000000000000 ) ) ;
#2570 = DIRECTION ( 'NONE',  ( 0.000000000000000000, -1.000000000000000000, 0.000000000000000000 ) ) ;
#2571 = ORIENTED_EDGE ( 'NONE', *, *, #6070, .F. ) ;
#2572 = FACE_OUTER_BOUND ( 'NONE', #8189, .T. ) ;
#2573 = VERTEX_POINT ( 'NONE', #7624 ) ;
#2574 = ORIENTED_EDGE ( 'NONE', *, *, #10601, .T. ) ;
#2575 = CARTESIAN_POINT ( 'NONE',  ( 19.00250755406879577, -31.02644595099365077, -42.96599331594559601 ) ) ;
#2576 = ORIENTED_EDGE ( 'NONE', *, *, #10870, .F. ) ;
#2577 = ORIENTED_EDGE ( 'NONE', *, *, #204, .F. ) ;
#2578 = AXIS2_PLACEMENT_3D ( 'NONE', #12160, #5859, #3655 ) ;
#2579 = ORIENTED_EDGE ( 'NONE', *, *, #8286, .F. ) ;
#2580 = LINE ( 'NONE', #1661, #12632 ) ;
#2581 = DIRECTION ( 'NONE',  ( 0.000000000000000000, 0.000000000000000000, 1.000000000000000000 ) ) ;
#2582 = ORIENTED_EDGE ( 'NONE', *, *, #5469, .T. ) ;
#2583 = CARTESIAN_POINT ( 'NONE',  ( -10.00000000000002309, 6.123233995736764507E-15, -49.99999999999998579 ) ) ;
#2584 = VECTOR ( 'NONE', #1125, 1000.000000000000000 ) ;
#2585 = ORIENTED_EDGE ( 'NONE', *, *, #12705, .F. ) ;
#2586 = PLANE ( 'NONE',  #11536 ) ;
#2587 = EDGE_CURVE ( 'NONE', #2730, #10027, #4389, .T. ) ;
#2588 = CARTESIAN_POINT ( 'NONE',  ( 35.00000000000000000, 0.000000000000000000, 75.00000000000000000 ) ) ;
#2589 = ORIENTED_EDGE ( 'NONE', *, *, #10399, .T. ) ;
#2590 = ORIENTED_EDGE ( 'NONE', *, *, #12590, .F. ) ;
#2591 = DIRECTION ( 'NONE',  ( 0.000000000000000000, -0.7660444431189707970, 0.6427876096865481337 ) ) ;
#2592 = CARTESIAN_POINT ( 'NONE',  ( 18.00000000000000355, 0.000000000000000000, 85.00000000000000000 ) ) ;
#2593 = LINE ( 'NONE', #7493, #11172 ) ;
#2594 = EDGE_CURVE ( 'NONE', #118, #10484, #10762, .T. ) ;
#2595 = DIRECTION ( 'NONE',  ( -1.000000000000000000, -0.000000000000000000, -0.000000000000000000 ) ) ;
#2596 = ORIENTED_EDGE ( 'NONE', *, *, #192, .T. ) ;
#2597 = DIRECTION ( 'NONE',  ( 0.000000000000000000, -0.9396926207859046531, 0.3420201433256790380 ) ) ;
#2598 = DIRECTION ( 'NONE',  ( -1.000000000000000000, 0.000000000000000000, 0.000000000000000000 ) ) ;
#2599 = EDGE_CURVE ( 'NONE', #12375, #8796, #9116, .T. ) ;
#2600 = CARTESIAN_POINT ( 'NONE',  ( 5.000000000000006217, -140.0621876725833772, -0.0007748487318643802616 ) ) ;
#2601 = VERTEX_POINT ( 'NONE', #990 ) ;
#2602 = ORIENTED_EDGE ( 'NONE', *, *, #2553, .T. ) ;
#2603 = LINE ( 'NONE', #2731, #3757 ) ;
#2604 = ORIENTED_EDGE ( 'NONE', *, *, #7982, .T. ) ;
#2605 = DIRECTION ( 'NONE',  ( -1.000000000000000000, -0.000000000000000000, -0.000000000000000000 ) ) ;
#2606 = CARTESIAN_POINT ( 'NONE',  ( 5.000000000000006217, -113.1114811425196791, 126.7004045252651849 ) ) ;
#2607 = CARTESIAN_POINT ( 'NONE',  ( -5.000000000000004441, 0.000000000000000000, 0.000000000000000000 ) ) ;
#2608 = ORIENTED_EDGE ( 'NONE', *, *, #10043, .F. ) ;
#2609 = DIRECTION ( 'NONE',  ( -1.000000000000000000, 0.000000000000000000, 0.000000000000000000 ) ) ;
#2610 = LINE ( 'NONE', #3701, #11318 ) ;
#2611 = PLANE ( 'NONE',  #10551 ) ;
#2612 = ADVANCED_FACE ( 'NONE', ( #1048 ), #1235, .F. ) ;
#2613 = DIRECTION ( 'NONE',  ( 0.000000000000000000, -0.5255774175242728941, -0.8507457776495372936 ) ) ;
#2614 = LINE ( 'NONE', #11384, #8902 ) ;
#2615 = ORIENTED_EDGE ( 'NONE', *, *, #6285, .F. ) ;
#2616 = DIRECTION ( 'NONE',  ( 0.000000000000000000, 0.000000000000000000, -1.000000000000000000 ) ) ;
#2617 = CARTESIAN_POINT ( 'NONE',  ( 5.000000000000006217, 90.02964525296327736, 107.2943586208331226 ) ) ;
#2618 = EDGE_CURVE ( 'NONE', #12303, #2436, #12401, .T. ) ;
#2619 = LINE ( 'NONE', #12234, #12376 ) ;
#2620 = DIRECTION ( 'NONE',  ( 0.000000000000000000, 0.000000000000000000, 1.000000000000000000 ) ) ;
#2621 = DIRECTION ( 'NONE',  ( 0.000000000000000000, 0.000000000000000000, 1.000000000000000000 ) ) ;
#2622 = CARTESIAN_POINT ( 'NONE',  ( -4.999999999999993783, -99.99262110727715935, 138.7852061507337851 ) ) ;
#2624 = ORIENTED_EDGE ( 'NONE', *, *, #2203, .F. ) ;
#2623 = ADVANCED_FACE ( 'NONE', ( #6930, #4219 ), #1968, .F. ) ;
#2625 = LINE ( 'NONE', #6558, #8514 ) ;
#2626 = EDGE_CURVE ( 'NONE', #6839, #10986, #10859, .T. ) ;
#2627 = DIRECTION ( 'NONE',  ( -1.000000000000000000, -0.000000000000000000, -0.000000000000000000 ) ) ;
#2628 = ORIENTED_EDGE ( 'NONE', *, *, #6699, .F. ) ;
#2629 = PLANE ( 'NONE',  #10738 ) ;
#2630 = VERTEX_POINT ( 'NONE', #12013 ) ;
#2631 = DIRECTION ( 'NONE',  ( 0.000000000000000000, 0.000000000000000000, 1.000000000000000000 ) ) ;
#2632 = EDGE_CURVE ( 'NONE', #1551, #3070, #3550, .T. ) ;
#2633 = ORIENTED_EDGE ( 'NONE', *, *, #4521, .T. ) ;
#2634 = VERTEX_POINT ( 'NONE', #7118 ) ;
#2635 = EDGE_CURVE ( 'NONE', #10061, #6175, #1123, .T. ) ;
#2636 = EDGE_CURVE ( 'NONE', #309, #5964, #4526, .T. ) ;
#2637 = VERTEX_POINT ( 'NONE', #2344 ) ;
#2638 = CARTESIAN_POINT ( 'NONE',  ( -18.00000000000004263, 1.010333609296566392E-14, -80.00000000000000000 ) ) ;
#2639 = DIRECTION ( 'NONE',  ( -1.000000000000000000, -0.000000000000000000, -0.000000000000000000 ) ) ;
#2640 = ORIENTED_EDGE ( 'NONE', *, *, #6997, .T. ) ;
#2641 = DIRECTION ( 'NONE',  ( 0.000000000000000000, 0.04765018403449685497, -0.9988640848291016061 ) ) ;
#2642 = ORIENTED_EDGE ( 'NONE', *, *, #4085, .F. ) ;
#2643 = CARTESIAN_POINT ( 'NONE',  ( -87.20833333333341386, 0.000000000000000000, 0.000000000000000000 ) ) ;
#2644 = PLANE ( 'NONE',  #5206 ) ;
#2645 = ORIENTED_EDGE ( 'NONE', *, *, #6541, .T. ) ;
#2646 = EDGE_LOOP ( 'NONE', ( #5292, #7344, #5832 ) ) ;
#2647 = DIRECTION ( 'NONE',  ( -1.000000000000000000, -0.000000000000000000, -0.000000000000000000 ) ) ;
#2648 = EDGE_CURVE ( 'NONE', #4024, #4776, #3489, .T. ) ;
#2649 = PLANE ( 'NONE',  #7639 ) ;
#2650 = DIRECTION ( 'NONE',  ( 1.000000000000000000, 0.000000000000000000, 0.000000000000000000 ) ) ;
#2651 = AXIS2_PLACEMENT_3D ( 'NONE', #3020, #3211, #7083 ) ;
#2652 = CARTESIAN_POINT ( 'NONE',  ( 5.000000000000006217, -39.94583737856282823, -69.31327489107758311 ) ) ;
#2653 = ORIENTED_EDGE ( 'NONE', *, *, #2431, .T. ) ;
#2654 = CARTESIAN_POINT ( 'NONE',  ( 18.00000000000000355, 0.000000000000000000, 0.000000000000000000 ) ) ;
#2655 = DIRECTION ( 'NONE',  ( -1.000000000000000000, 0.000000000000000000, 0.000000000000000000 ) ) ;
#2656 =( LENGTH_UNIT ( ) NAMED_UNIT ( * ) SI_UNIT ( .MILLI., .METRE. ) );
#2657 = ORIENTED_EDGE ( 'NONE', *, *, #3561, .F. ) ;
#2658 = ORIENTED_EDGE ( 'NONE', *, *, #8771, .F. ) ;
#2659 = DIRECTION ( 'NONE',  ( -1.000000000000000000, -0.000000000000000000, -0.000000000000000000 ) ) ;
#2660 = ORIENTED_EDGE ( 'NONE', *, *, #9267, .T. ) ;
#2661 = FACE_OUTER_BOUND ( 'NONE', #4084, .T. ) ;
#2662 = EDGE_CURVE ( 'NONE', #4543, #9611, #1701, .T. ) ;
#2663 = CIRCLE ( 'NONE', #4102, 140.0000000000000000 ) ;
#2664 = EDGE_CURVE ( 'NONE', #2058, #1764, #8087, .T. ) ;
#2665 = DIRECTION ( 'NONE',  ( 0.000000000000000000, 0.7848534137046764281, 0.6196814657516521718 ) ) ;
#2666 = CARTESIAN_POINT ( 'NONE',  ( 5.000000000000004441, 0.000000000000000000, 0.000000000000000000 ) ) ;
#2667 = EDGE_LOOP ( 'NONE', ( #3623, #11609, #9896 ) ) ;
#2668 = DIRECTION ( 'NONE',  ( 0.000000000000000000, 0.1736481776669307198, 0.9848077530122080203 ) ) ;
#2669 = DIRECTION ( 'NONE',  ( -1.000000000000000000, -0.000000000000000000, -0.000000000000000000 ) ) ;
#2670 = AXIS2_PLACEMENT_3D ( 'NONE', #9199, #2477, #5209 ) ;
#2671 = DIRECTION ( 'NONE',  ( 0.000000000000000000, 0.000000000000000000, 1.000000000000000000 ) ) ;
#2672 = CARTESIAN_POINT ( 'NONE',  ( -4.999999999999993783, -133.3943579393228163, 105.1339381126582282 ) ) ;
#2673 = FACE_OUTER_BOUND ( 'NONE', #12698, .T. ) ;
#2674 = ORIENTED_EDGE ( 'NONE', *, *, #7785, .T. ) ;
#2675 = CARTESIAN_POINT ( 'NONE',  ( 4.999999999999999112, 61.32372863323278267, -51.37509422393597447 ) ) ;
#2676 = CARTESIAN_POINT ( 'NONE',  ( 4.999999999999997335, 0.000000000000000000, 60.00000000000000000 ) ) ;
#2677 = VECTOR ( 'NONE', #4818, 1000.000000000000000 ) ;
#2678 = EDGE_CURVE ( 'NONE', #11331, #9644, #5311, .T. ) ;
#2679 = LINE ( 'NONE', #9647, #4359 ) ;
#2680 = CIRCLE ( 'NONE', #9895, 100.0000000000000142 ) ;
#2681 = DIRECTION ( 'NONE',  ( 1.000000000000000000, 0.000000000000000000, 0.000000000000000000 ) ) ;
#2682 = FACE_OUTER_BOUND ( 'NONE', #1670, .T. ) ;
#2683 = CARTESIAN_POINT ( 'NONE',  ( 5.000000000000005329, -127.5983490698002782, 57.60782338069542163 ) ) ;
#2684 = ORIENTED_EDGE ( 'NONE', *, *, #501, .F. ) ;
#2685 = DIRECTION ( 'NONE',  ( 1.000000000000000000, 0.000000000000000000, 0.000000000000000000 ) ) ;
#2686 = DIRECTION ( 'NONE',  ( 0.000000000000000000, 0.000000000000000000, 1.000000000000000000 ) ) ;
#2687 = ORIENTED_EDGE ( 'NONE', *, *, #3647, .F. ) ;
#2688 = CARTESIAN_POINT ( 'NONE',  ( 5.000000000000004441, 0.000000000000000000, 0.000000000000000000 ) ) ;
#2689 = CIRCLE ( 'NONE', #8660, 4.999999999999997335 ) ;
#2690 = VERTEX_POINT ( 'NONE', #6336 ) ;
#2691 = CARTESIAN_POINT ( 'NONE',  ( 5.000000000000006217, 169.7647994192102772, 5.206971411072930600 ) ) ;
#2692 = CIRCLE ( 'NONE', #2278, 100.0000000000002132 ) ;
#2693 = ORIENTED_EDGE ( 'NONE', *, *, #10740, .T. ) ;
#2694 = EDGE_LOOP ( 'NONE', ( #10733, #12243, #10798, #6217 ) ) ;
#2695 = CARTESIAN_POINT ( 'NONE',  ( 5.000000000000006217, -170.1878247496343022, -17.20354699452759917 ) ) ;
#2696 = EDGE_CURVE ( 'NONE', #9597, #1079, #6033, .T. ) ;
#2697 = EDGE_LOOP ( 'NONE', ( #6880, #11590, #3029 ) ) ;
#2698 = AXIS2_PLACEMENT_3D ( 'NONE', #11641, #6743, #5653 ) ;
#2699 = DIRECTION ( 'NONE',  ( 1.000000000000000000, 0.000000000000000000, 0.000000000000000000 ) ) ;
#2700 = AXIS2_PLACEMENT_3D ( 'NONE', #8043, #8834, #7984 ) ;
#2701 = CARTESIAN_POINT ( 'NONE',  ( -4.999999999999993783, 24.32078057235056789, 137.9344628748810351 ) ) ;
#2702 = CARTESIAN_POINT ( 'NONE',  ( 5.000000000000006217, 90.02964525296327736, 107.2943586208331226 ) ) ;
#2703 = DIRECTION ( 'NONE',  ( 0.000000000000000000, -0.1265246573978889566, -0.9919634625682272056 ) ) ;
#2704 = EDGE_CURVE ( 'NONE', #11216, #9409, #3296, .T. ) ;
#2705 = EDGE_LOOP ( 'NONE', ( #8655, #5344, #12469 ) ) ;
#2706 = ADVANCED_FACE ( 'NONE', ( #396 ), #8390, .F. ) ;
#2707 = LINE ( 'NONE', #3551, #5375 ) ;
#2708 = CARTESIAN_POINT ( 'NONE',  ( 5.000000000000006217, 137.9341937727411391, 24.32230672642442215 ) ) ;
#2709 = VERTEX_POINT ( 'NONE', #10210 ) ;
#2710 = CIRCLE ( 'NONE', #11148, 54.99999999999999289 ) ;
#2711 = ORIENTED_EDGE ( 'NONE', *, *, #5524, .T. ) ;
#2712 = AXIS2_PLACEMENT_3D ( 'NONE', #5558, #9487, #2986 ) ;
#2713 = VECTOR ( 'NONE', #9521, 1000.000000000000000 ) ;
#2714 = AXIS2_PLACEMENT_3D ( 'NONE', #8158, #6349, #10280 ) ;
#2715 = CARTESIAN_POINT ( 'NONE',  ( 5.000000000000006217, 78.79545396313075400, -13.83027240313126427 ) ) ;
#2716 = DIRECTION ( 'NONE',  ( 1.000000000000000000, 0.000000000000000000, 0.000000000000000000 ) ) ;
#2717 = DIRECTION ( 'NONE',  ( 0.000000000000000000, 0.000000000000000000, 1.000000000000000000 ) ) ;
#2718 = CIRCLE ( 'NONE', #6017, 4.999999999999997335 ) ;
#2719 = VECTOR ( 'NONE', #7327, 1000.000000000000114 ) ;
#2720 = AXIS2_PLACEMENT_3D ( 'NONE', #9251, #7515, #10416 ) ;
#2721 = VECTOR ( 'NONE', #10033, 1000.000000000000000 ) ;
#2722 = AXIS2_PLACEMENT_3D ( 'NONE', #8515, #12703, #3030 ) ;
#2723 = VECTOR ( 'NONE', #161, 1000.000000000000000 ) ;
#2724 = DIRECTION ( 'NONE',  ( 0.000000000000000000, 0.7660444431189792347, 0.6427876096865378086 ) ) ;
#2725 = ORIENTED_EDGE ( 'NONE', *, *, #2080, .T. ) ;
#2726 = ADVANCED_FACE ( 'NONE', ( #10146 ), #1311, .F. ) ;
#2727 = DIRECTION ( 'NONE',  ( -1.000000000000000000, -0.000000000000000000, -0.000000000000000000 ) ) ;
#2728 = CARTESIAN_POINT ( 'NONE',  ( -5.000000000000004441, 0.000000000000000000, 0.000000000000000000 ) ) ;
#2729 = ORIENTED_EDGE ( 'NONE', *, *, #10883, .F. ) ;
#2730 = VERTEX_POINT ( 'NONE', #1370 ) ;
#2731 = CARTESIAN_POINT ( 'NONE',  ( 5.000000000000006217, 79.99997556444867541, 0.06252750026174147546 ) ) ;
#2732 = EDGE_LOOP ( 'NONE', ( #8203, #1178, #876, #11274, #4643, #8344 ) ) ;
#2733 = AXIS2_PLACEMENT_3D ( 'NONE', #11059, #946, #8809 ) ;
#2734 = AXIS2_PLACEMENT_3D ( 'NONE', #275, #12062, #10015 ) ;
#2735 = AXIS2_PLACEMENT_3D ( 'NONE', #6688, #746, #3780 ) ;
#2736 = CARTESIAN_POINT ( 'NONE',  ( 59.79898987322338400, 35.26711513754881366, -48.54101966249653799 ) ) ;
#2737 = CIRCLE ( 'NONE', #10970, 100.0000000000000000 ) ;
#2738 = CIRCLE ( 'NONE', #1497, 6.999999999999999112 ) ;
#2739 = DIRECTION ( 'NONE',  ( -1.000000000000000000, -0.000000000000000000, -0.000000000000000000 ) ) ;
#2740 = CARTESIAN_POINT ( 'NONE',  ( 59.79898987322338400, 57.06339097770900537, 18.54101966249749367 ) ) ;
#2741 = ORIENTED_EDGE ( 'NONE', *, *, #7163, .T. ) ;
#2742 = DIRECTION ( 'NONE',  ( 0.000000000000000000, 0.3420201433256693790, 0.9396926207859080948 ) ) ;
#2743 = AXIS2_PLACEMENT_3D ( 'NONE', #6141, #2399, #6201 ) ;
#2744 = DIRECTION ( 'NONE',  ( 0.000000000000000000, 0.7660444431189792347, 0.6427876096865379196 ) ) ;
#2745 = CIRCLE ( 'NONE', #7273, 140.0000000000000000 ) ;
#2746 = EDGE_CURVE ( 'NONE', #5485, #4900, #469, .T. ) ;
#2747 = AXIS2_PLACEMENT_3D ( 'NONE', #1955, #6073, #8052 ) ;
#2748 = DIRECTION ( 'NONE',  ( 0.000000000000000000, 0.000000000000000000, 1.000000000000000000 ) ) ;
#2749 = DIRECTION ( 'NONE',  ( -1.000000000000000000, 0.000000000000000000, -0.000000000000000000 ) ) ;
#2750 = CIRCLE ( 'NONE', #5428, 6.999999999999999112 ) ;
#2751 = CARTESIAN_POINT ( 'NONE',  ( 5.000000000000006217, -139.7492484617412458, 10.49922515126813849 ) ) ;
#2752 = ADVANCED_FACE ( 'NONE', ( #9233 ), #7361, .F. ) ;
#2753 = ORIENTED_EDGE ( 'NONE', *, *, #9076, .T. ) ;
#2754 = CARTESIAN_POINT ( 'NONE',  ( -4.999999999999993783, -166.2815095599042650, -34.60721386647430364 ) ) ;
#2755 = CARTESIAN_POINT ( 'NONE',  ( 5.000000000000006217, 97.87195845839806907, 100.3053633756247081 ) ) ;
#2756 = AXIS2_PLACEMENT_3D ( 'NONE', #9480, #3625, #11476 ) ;
#2757 = AXIS2_PLACEMENT_3D ( 'NONE', #1334, #4175, #2230 ) ;
#2758 = AXIS2_PLACEMENT_3D ( 'NONE', #6878, #7821, #11759 ) ;
#2759 = CARTESIAN_POINT ( 'NONE',  ( 5.000000000000004441, 0.000000000000000000, 0.000000000000000000 ) ) ;
#2760 = CARTESIAN_POINT ( 'NONE',  ( -5.169367722866708093, -51.89487575639761729, 13.80097561059880995 ) ) ;
#2761 = DIRECTION ( 'NONE',  ( 0.000000000000000000, 0.3698622616393602569, 0.9290865984476459616 ) ) ;
#2762 = FACE_OUTER_BOUND ( 'NONE', #5726, .T. ) ;
#2763 = VERTEX_POINT ( 'NONE', #341 ) ;
#2764 = DIRECTION ( 'NONE',  ( 0.000000000000000000, 0.1736481776669306920, 0.9848077530122080203 ) ) ;
#2765 = CIRCLE ( 'NONE', #1525, 140.0000000000000000 ) ;
#2766 = CARTESIAN_POINT ( 'NONE',  ( 5.000000000000004441, 0.000000000000000000, 0.000000000000000000 ) ) ;
#2767 = VERTEX_POINT ( 'NONE', #1422 ) ;
#2768 = EDGE_CURVE ( 'NONE', #11559, #11340, #11995, .T. ) ;
#2769 = VERTEX_POINT ( 'NONE', #8194 ) ;
#2770 = DIRECTION ( 'NONE',  ( -1.000000000000000000, -0.000000000000000000, -0.000000000000000000 ) ) ;
#2771 = CC_DESIGN_APPROVAL ( #8442, ( #179 ) ) ;
#2772 = ORIENTED_EDGE ( 'NONE', *, *, #609, .T. ) ;
#2773 = ORIENTED_EDGE ( 'NONE', *, *, #5524, .F. ) ;
#2774 = DIRECTION ( 'NONE',  ( 1.000000000000000000, 0.000000000000000000, 0.000000000000000000 ) ) ;
#2775 = ORIENTED_EDGE ( 'NONE', *, *, #11304, .T. ) ;
#2776 = AXIS2_PLACEMENT_3D ( 'NONE', #10312, #8379, #11338 ) ;
#2777 = DIRECTION ( 'NONE',  ( 0.000000000000000000, -0.8660254037844328234, 0.5000000000000102141 ) ) ;
#2778 = CARTESIAN_POINT ( 'NONE',  ( 5.000000000000004441, 1.484923295436146469E-12, 140.0000000000000000 ) ) ;
#2779 = ORIENTED_EDGE ( 'NONE', *, *, #458, .T. ) ;
#2780 = CARTESIAN_POINT ( 'NONE',  ( 5.000000000000006217, -24.32230672642489822, 137.9341937727410254 ) ) ;
#2781 = EDGE_LOOP ( 'NONE', ( #9987, #10881, #1873, #12425 ) ) ;
#2782 = CYLINDRICAL_SURFACE ( 'NONE', #11952, 100.0000000000000000 ) ;
#2783 = ADVANCED_FACE ( 'NONE', ( #7305 ), #11242, .T. ) ;
#2784 = CARTESIAN_POINT ( 'NONE',  ( 4.999999999999999112, -77.12110461681417917, -21.26817393859670702 ) ) ;
#2785 = ORIENTED_EDGE ( 'NONE', *, *, #739, .F. ) ;
#2786 = ORIENTED_EDGE ( 'NONE', *, *, #282, .T. ) ;
#2787 = CARTESIAN_POINT ( 'NONE',  ( -10.00000000000002309, 0.000000000000000000, 0.000000000000000000 ) ) ;
#2788 = CARTESIAN_POINT ( 'NONE',  ( -5.000000000000004441, 0.000000000000000000, 0.000000000000000000 ) ) ;
#2789 = EDGE_CURVE ( 'NONE', #8823, #767, #2737, .T. ) ;
#2790 = ADVANCED_FACE ( 'NONE', ( #11351 ), #2530, .T. ) ;
#2791 = CARTESIAN_POINT ( 'NONE',  ( 5.000000000000005329, -57.60782338069499531, -127.5983490698004772 ) ) ;
#2792 = AXIS2_PLACEMENT_3D ( 'NONE', #1772, #12598, #5711 ) ;
#2793 = CARTESIAN_POINT ( 'NONE',  ( 5.000000000000006217, -164.6149246967156898, -46.49499208839367270 ) ) ;
#2794 = ORIENTED_EDGE ( 'NONE', *, *, #12613, .F. ) ;
#2795 = CARTESIAN_POINT ( 'NONE',  ( 5.000000000000006217, -46.49499208839309006, 164.6149246967158604 ) ) ;
#2796 = CARTESIAN_POINT ( 'NONE',  ( 5.000000000000004441, -138.5361218347420049, -20.19264586401507700 ) ) ;
#2797 = EDGE_CURVE ( 'NONE', #2165, #7602, #3627, .T. ) ;
#2798 = ORIENTED_EDGE ( 'NONE', *, *, #4465, .F. ) ;
#2799 = CARTESIAN_POINT ( 'NONE',  ( -5.000000000000004441, 0.000000000000000000, 0.000000000000000000 ) ) ;
#2800 = VERTEX_POINT ( 'NONE', #7686 ) ;
#2801 = EDGE_CURVE ( 'NONE', #4357, #4543, #1287, .T. ) ;
#2802 = CIRCLE ( 'NONE', #5685, 34.99999999999999289 ) ;
#2803 = DIRECTION ( 'NONE',  ( 0.000000000000000000, 0.000000000000000000, 1.000000000000000000 ) ) ;
#2804 = ADVANCED_FACE ( 'NONE', ( #5821 ), #7551, .F. ) ;
#2805 = PLANE ( 'NONE',  #8074 ) ;
#2806 = FACE_OUTER_BOUND ( 'NONE', #6580, .T. ) ;
#2807 = VERTEX_POINT ( 'NONE', #923 ) ;
#2808 = CARTESIAN_POINT ( 'NONE',  ( 4.999999999999997335, -57.06339097770928248, 18.54101966249669786 ) ) ;
#2809 = DIRECTION ( 'NONE',  ( -1.000000000000000000, -0.000000000000000000, -0.000000000000000000 ) ) ;
#2810 = DIRECTION ( 'NONE',  ( 0.000000000000000000, -0.2029090280938803392, -0.9791975930924242677 ) ) ;
#2811 = CARTESIAN_POINT ( 'NONE',  ( 5.000000000000006217, 77.12110461681417917, 21.26817393859670702 ) ) ;
#2812 = DIRECTION ( 'NONE',  ( 0.000000000000000000, 0.000000000000000000, 1.000000000000000000 ) ) ;
#2813 = DIRECTION ( 'NONE',  ( 0.000000000000000000, -0.3420201433256757073, -0.9396926207859057634 ) ) ;
#2814 = ORIENTED_EDGE ( 'NONE', *, *, #12011, .F. ) ;
#2815 = ORIENTED_EDGE ( 'NONE', *, *, #774, .T. ) ;
#2816 = DIRECTION ( 'NONE',  ( 0.000000000000000000, 0.5000000000000008882, 0.8660254037844381525 ) ) ;
#2817 = DIRECTION ( 'NONE',  ( -1.000000000000000000, -0.000000000000000000, -0.000000000000000000 ) ) ;
#2818 = EDGE_CURVE ( 'NONE', #10386, #9052, #7873, .T. ) ;
#2819 = FACE_OUTER_BOUND ( 'NONE', #5553, .T. ) ;
#2820 = CARTESIAN_POINT ( 'NONE',  ( -5.379162637709318240, -50.81216238067748492, 15.38373061140049103 ) ) ;
#2821 = DIRECTION ( 'NONE',  ( -1.000000000000000000, 0.000000000000000000, 0.000000000000000000 ) ) ;
#2822 = CARTESIAN_POINT ( 'NONE',  ( 5.000000000000006217, -51.47089191217059323, 61.24334482836746929 ) ) ;
#2823 = VERTEX_POINT ( 'NONE', #11620 ) ;
#2824 = CARTESIAN_POINT ( 'NONE',  ( 5.000000000000006217, 79.64264139424481925, 7.553123310771727716 ) ) ;
#2825 = DIRECTION ( 'NONE',  ( 0.000000000000000000, 0.000000000000000000, -1.000000000000000000 ) ) ;
#2826 = EDGE_LOOP ( 'NONE', ( #11285, #820, #9817, #8128, #5736, #7573 ) ) ;
#2827 = VERTEX_POINT ( 'NONE', #8789 ) ;
#2828 = CARTESIAN_POINT ( 'NONE',  ( 13.00000000000001066, 0.000000000000000000, 0.000000000000000000 ) ) ;
#2829 = ORIENTED_EDGE ( 'NONE', *, *, #2566, .F. ) ;
#2830 = ORIENTED_EDGE ( 'NONE', *, *, #6500, .F. ) ;
#2831 = DIRECTION ( 'NONE',  ( 0.000000000000000000, 0.6427876096865353661, -0.7660444431189813441 ) ) ;
#2832 = ADVANCED_FACE ( 'NONE', ( #8584 ), #10708, .F. ) ;
#2833 = ORIENTED_EDGE ( 'NONE', *, *, #7452, .T. ) ;
#2834 = EDGE_CURVE ( 'NONE', #7160, #638, #12715, .T. ) ;
#2835 = DIRECTION ( 'NONE',  ( 0.000000000000000000, -0.8660254037844328234, 0.5000000000000101030 ) ) ;
#2836 = DIRECTION ( 'NONE',  ( -1.000000000000000000, 0.000000000000000000, 0.000000000000000000 ) ) ;
#2837 = VERTEX_POINT ( 'NONE', #9485 ) ;
#2838 = ORIENTED_EDGE ( 'NONE', *, *, #8721, .T. ) ;
#2839 = DIRECTION ( 'NONE',  ( -1.000000000000000000, -0.000000000000000000, -0.000000000000000000 ) ) ;
#2840 = ORIENTED_EDGE ( 'NONE', *, *, #2457, .T. ) ;
#2841 = DIRECTION ( 'NONE',  ( -1.000000000000000000, -0.000000000000000000, -0.000000000000000000 ) ) ;
#2842 = ORIENTED_EDGE ( 'NONE', *, *, #7089, .T. ) ;
#2843 = LINE ( 'NONE', #2905, #3973 ) ;
#2844 = ORIENTED_EDGE ( 'NONE', *, *, #11795, .F. ) ;
#2845 = VERTEX_POINT ( 'NONE', #782 ) ;
#2846 = CARTESIAN_POINT ( 'NONE',  ( 5.000000000000006217, -122.5733066456629672, 119.3132105852216256 ) ) ;
#2847 = FACE_OUTER_BOUND ( 'NONE', #4205, .T. ) ;
#2848 = EDGE_CURVE ( 'NONE', #9913, #4854, #2325, .T. ) ;
#2849 = DIRECTION ( 'NONE',  ( 0.000000000000000000, 0.6427876096865404731, 0.7660444431189771253 ) ) ;
#2850 = DIRECTION ( 'NONE',  ( 0.000000000000000000, 0.000000000000000000, -1.000000000000000000 ) ) ;
#2851 = ORIENTED_EDGE ( 'NONE', *, *, #2397, .T. ) ;
#2852 = DIRECTION ( 'NONE',  ( 0.000000000000000000, 0.6196814657516441782, -0.7848534137046826453 ) ) ;
#2853 = DIRECTION ( 'NONE',  ( 0.000000000000000000, 0.1442331847429648151, -0.9895437273910141496 ) ) ;
#2854 = PERSON_AND_ORGANIZATION ( #2468, #10803 ) ;
#2855 = ORIENTED_EDGE ( 'NONE', *, *, #10478, .T. ) ;
#2856 = PLANE ( 'NONE',  #3520 ) ;
#2857 = DIRECTION ( 'NONE',  ( 0.000000000000000000, -0.9223278869090041354, -0.3864081637724169904 ) ) ;
#2858 = EDGE_LOOP ( 'NONE', ( #11712, #970, #12749 ) ) ;
#2859 = AXIS2_PLACEMENT_3D ( 'NONE', #4760, #4840, #2631 ) ;
#2860 = EDGE_CURVE ( 'NONE', #6899, #12273, #2593, .T. ) ;
#2861 = CARTESIAN_POINT ( 'NONE',  ( -4.999999999999993783, 107.2943586208340463, -90.02964525296222575 ) ) ;
#2862 = APPROVAL ( #11820, 'UNSPECIFIED' ) ;
#2863 = CARTESIAN_POINT ( 'NONE',  ( 4.999999999999999112, -61.32372863323243450, 51.37509422393639369 ) ) ;
#2864 = DIRECTION ( 'NONE',  ( 0.000000000000000000, -0.4999999999999888978, 0.8660254037844450359 ) ) ;
#2865 = DIRECTION ( 'NONE',  ( 0.000000000000000000, -0.9848077530122062440, 0.1736481776669403787 ) ) ;
#2866 = CARTESIAN_POINT ( 'NONE',  ( -4.999999999999993783, 46.49499208839421271, -164.6149246967155477 ) ) ;
#2867 = CARTESIAN_POINT ( 'NONE',  ( 5.000000000000006217, -42.04161805105204053, -165.8082026736150567 ) ) ;
#2868 = DIRECTION ( 'NONE',  ( 0.000000000000000000, 0.000000000000000000, 1.000000000000000000 ) ) ;
#2869 = EDGE_CURVE ( 'NONE', #5411, #6704, #652, .T. ) ;
#2870 = ORIENTED_EDGE ( 'NONE', *, *, #9097, .T. ) ;
#2871 = EDGE_CURVE ( 'NONE', #11202, #4920, #7064, .T. ) ;
#2872 = CIRCLE ( 'NONE', #10480, 100.0000000000000142 ) ;
#2873 = ORIENTED_EDGE ( 'NONE', *, *, #2338, .T. ) ;
#2874 = LINE ( 'NONE', #34, #5000 ) ;
#2875 = FACE_OUTER_BOUND ( 'NONE', #7653, .T. ) ;
#2876 = CARTESIAN_POINT ( 'NONE',  ( 5.000000000000006217, -17.20354699452700231, 170.1878247496343590 ) ) ;
#2877 = CIRCLE ( 'NONE', #2670, 140.0000000000000000 ) ;
#2878 = CARTESIAN_POINT ( 'NONE',  ( 5.000000000000006217, -79.99997556444868962, -0.06252750026119330284 ) ) ;
#2879 = CARTESIAN_POINT ( 'NONE',  ( 5.000000000000006217, 131.6151391931839214, 47.90481762191758719 ) ) ;
#2880 = DIRECTION ( 'NONE',  ( 0.000000000000000000, 0.7345453337178047271, 0.6785596161822473604 ) ) ;
#2881 = ORIENTED_EDGE ( 'NONE', *, *, #9209, .T. ) ;
#2882 = CYLINDRICAL_SURFACE ( 'NONE', #3165, 100.0000000000000000 ) ;
#2883 = CARTESIAN_POINT ( 'NONE',  ( -4.999999999999993783, -138.7852061507327335, -99.99262110727862307 ) ) ;
#2884 = EDGE_LOOP ( 'NONE', ( #7969, #1276, #2111, #4908 ) ) ;
#2885 = EDGE_CURVE ( 'NONE', #6609, #12704, #670, .T. ) ;
#2886 = VERTEX_POINT ( 'NONE', #724 ) ;
#2887 = LINE ( 'NONE', #1928, #5341 ) ;
#2888 = ORIENTED_EDGE ( 'NONE', *, *, #415, .F. ) ;
#2889 = ORIENTED_EDGE ( 'NONE', *, *, #10077, .T. ) ;
#2890 = DIRECTION ( 'NONE',  ( 0.000000000000000000, 0.9988640848291020502, 0.04765018403448698092 ) ) ;
#2891 = VECTOR ( 'NONE', #7121, 1000.000000000000000 ) ;
#2892 = AXIS2_PLACEMENT_3D ( 'NONE', #1501, #5503, #4473 ) ;
#2893 = VERTEX_POINT ( 'NONE', #12510 ) ;
#2894 = DIRECTION ( 'NONE',  ( 0.000000000000000000, -0.9848077530122062440, 0.1736481776669403787 ) ) ;
#2895 = LINE ( 'NONE', #3871, #6071 ) ;
#2896 = VECTOR ( 'NONE', #12514, 1000.000000000000114 ) ;
#2897 = ORIENTED_EDGE ( 'NONE', *, *, #1879, .F. ) ;
#2898 = ORIENTED_EDGE ( 'NONE', *, *, #5105, .F. ) ;
#2899 = CARTESIAN_POINT ( 'NONE',  ( 5.000000000000006217, -81.78621229002798998, 113.8029070527154261 ) ) ;
#2900 = VECTOR ( 'NONE', #5550, 1000.000000000000000 ) ;
#2901 = ORIENTED_EDGE ( 'NONE', *, *, #1828, .T. ) ;
#2902 = EDGE_CURVE ( 'NONE', #4953, #1229, #10145, .T. ) ;
#2903 = DIRECTION ( 'NONE',  ( -1.000000000000000000, -0.000000000000000000, -0.000000000000000000 ) ) ;
#2904 = ORIENTED_EDGE ( 'NONE', *, *, #2563, .F. ) ;
#2905 = CARTESIAN_POINT ( 'NONE',  ( 5.000000000000006217, 51.47089191217101956, -61.24334482836710691 ) ) ;
#2906 = ORIENTED_EDGE ( 'NONE', *, *, #6398, .T. ) ;
#2907 = VERTEX_POINT ( 'NONE', #2791 ) ;
#2908 = ADVANCED_FACE ( 'NONE', ( #8525 ), #6584, .F. ) ;
#2909 = CARTESIAN_POINT ( 'NONE',  ( 5.000000000000005329, -97.77485216734896767, -100.2001910360108354 ) ) ;
#2910 = CIRCLE ( 'NONE', #6198, 140.0000000000000000 ) ;
#2911 = CIRCLE ( 'NONE', #3945, 140.0000000000000000 ) ;
#2912 = DIRECTION ( 'NONE',  ( -1.000000000000000000, 0.000000000000000000, -0.000000000000000000 ) ) ;
#2913 = DIRECTION ( 'NONE',  ( -1.000000000000000000, 0.000000000000000000, 0.000000000000000000 ) ) ;
#2914 = DIRECTION ( 'NONE',  ( 0.000000000000000000, 0.000000000000000000, 1.000000000000000000 ) ) ;
#2915 = AXIS2_PLACEMENT_3D ( 'NONE', #1305, #4213, #11099 ) ;
#2916 = CIRCLE ( 'NONE', #7645, 100.0000000000002132 ) ;
#2917 = EDGE_LOOP ( 'NONE', ( #10851, #10524, #3601, #5097, #4956, #12336 ) ) ;
#2918 = CARTESIAN_POINT ( 'NONE',  ( -5.412574131217173345, 0.4264498663473555440, 53.00971718716320424 ) ) ;
#2919 = AXIS2_PLACEMENT_3D ( 'NONE', #4439, #8363, #4493 ) ;
#2920 = CARTESIAN_POINT ( 'NONE',  ( -4.999999999999160671, -35.75638876326535609, -41.55378042733084953 ) ) ;
#2921 = VECTOR ( 'NONE', #12468, 1000.000000000000000 ) ;
#2922 = ORIENTED_EDGE ( 'NONE', *, *, #3983, .F. ) ;
#2923 = EDGE_CURVE ( 'NONE', #12303, #9506, #6454, .T. ) ;
#2924 = DIRECTION ( 'NONE',  ( -1.000000000000000000, 0.000000000000000000, -0.000000000000000000 ) ) ;
#2925 = CARTESIAN_POINT ( 'NONE',  ( 5.000000000000004441, 0.000000000000000000, 0.000000000000000000 ) ) ;
#2926 = ORIENTED_EDGE ( 'NONE', *, *, #8070, .T. ) ;
#2927 = CIRCLE ( 'NONE', #10130, 140.0000000000000000 ) ;
#2928 = VECTOR ( 'NONE', #10874, 1000.000000000000000 ) ;
#2929 = AXIS2_PLACEMENT_3D ( 'NONE', #2930, #12522, #6871 ) ;
#2930 = CARTESIAN_POINT ( 'NONE',  ( -5.000000000000004441, 0.000000000000000000, 0.000000000000000000 ) ) ;
#2931 = AXIS2_PLACEMENT_3D ( 'NONE', #26, #7762, #6932 ) ;
#2932 = PLANE ( 'NONE',  #8345 ) ;
#2933 = FACE_BOUND ( 'NONE', #11244, .T. ) ;
#2934 = LINE ( 'NONE', #10917, #6387 ) ;
#2935 = CARTESIAN_POINT ( 'NONE',  ( 4.999999999999999112, 34.33700186351247652, -72.25628210076368418 ) ) ;
#2936 = DIRECTION ( 'NONE',  ( -1.000000000000000000, -0.000000000000000000, -0.000000000000000000 ) ) ;
#2937 = AXIS2_PLACEMENT_3D ( 'NONE', #1838, #11500, #8609 ) ;
#2938 = AXIS2_PLACEMENT_3D ( 'NONE', #8064, #1303, #7165 ) ;
#2939 = ORIENTED_EDGE ( 'NONE', *, *, #2232, .T. ) ;
#2940 = CIRCLE ( 'NONE', #1907, 100.0000000000002132 ) ;
#2941 = VECTOR ( 'NONE', #8726, 1000.000000000000000 ) ;
#2942 = ADVANCED_FACE ( 'NONE', ( #1812 ), #8644, .F. ) ;
#2943 = ORIENTED_EDGE ( 'NONE', *, *, #12418, .T. ) ;
#2944 = LINE ( 'NONE', #10811, #11782 ) ;
#2945 = DIRECTION ( 'NONE',  ( 1.000000000000000000, 0.000000000000000000, 0.000000000000000000 ) ) ;
#2946 = DIRECTION ( 'NONE',  ( 0.000000000000000000, 0.3420201433256629397, -0.9396926207859104263 ) ) ;
#2947 = AXIS2_PLACEMENT_3D ( 'NONE', #10409, #10525, #3578 ) ;
#2948 = EDGE_CURVE ( 'NONE', #1404, #10308, #4817, .T. ) ;
#2949 = VECTOR ( 'NONE', #2003, 1000.000000000000000 ) ;
#2950 = ADVANCED_FACE ( 'NONE', ( #7803 ), #3884, .F. ) ;
#2951 = CIRCLE ( 'NONE', #5019, 140.0000000000000000 ) ;
#2952 = AXIS2_PLACEMENT_3D ( 'NONE', #6176, #4303, #8228 ) ;
#2953 = DIRECTION ( 'NONE',  ( 0.000000000000000000, 0.8888667644071428509, -0.4581657725456767527 ) ) ;
#2954 = DIRECTION ( 'NONE',  ( 0.000000000000000000, 0.000000000000000000, 1.000000000000000000 ) ) ;
#2955 = DIRECTION ( 'NONE',  ( 0.000000000000000000, -0.7660444431189707970, 0.6427876096865481337 ) ) ;
#2956 = ORIENTED_EDGE ( 'NONE', *, *, #2587, .F. ) ;
#2957 = DIRECTION ( 'NONE',  ( 0.000000000000000000, -0.8660254037844432595, -0.4999999999999919509 ) ) ;
#2958 = CARTESIAN_POINT ( 'NONE',  ( 5.000000000000006217, -119.3132105852211708, -22.57330664566338640 ) ) ;
#2959 = ORIENTED_EDGE ( 'NONE', *, *, #8488, .T. ) ;
#2960 = ORIENTED_EDGE ( 'NONE', *, *, #11735, .T. ) ;
#2961 = DIRECTION ( 'NONE',  ( 0.000000000000000000, 0.1736481776669306920, 0.9848077530122080203 ) ) ;
#2962 = AXIS2_PLACEMENT_3D ( 'NONE', #7607, #11348, #9618 ) ;
#2963 = ORIENTED_EDGE ( 'NONE', *, *, #557, .F. ) ;
#2964 = DIRECTION ( 'NONE',  ( -1.000000000000000000, 0.000000000000000000, 0.000000000000000000 ) ) ;
#2965 = AXIS2_PLACEMENT_3D ( 'NONE', #8433, #1740, #7478 ) ;
#2966 = AXIS2_PLACEMENT_3D ( 'NONE', #3071, #8956, #7912 ) ;
#2967 = ORIENTED_EDGE ( 'NONE', *, *, #10252, .T. ) ;
#2968 = EDGE_CURVE ( 'NONE', #1539, #11012, #7274, .T. ) ;
#2969 = CARTESIAN_POINT ( 'NONE',  ( 5.000000000000004441, 119.1044088709352451, -73.58083845339822915 ) ) ;
#2970 = AXIS2_PLACEMENT_3D ( 'NONE', #11922, #3096, #12057 ) ;
#2971 = ORIENTED_EDGE ( 'NONE', *, *, #5743, .T. ) ;
#2972 = ORIENTED_EDGE ( 'NONE', *, *, #2545, .T. ) ;
#2974 = DIRECTION ( 'NONE',  ( 0.000000000000000000, 0.000000000000000000, 1.000000000000000000 ) ) ;
#2973 = AXIS2_PLACEMENT_3D ( 'NONE', #7175, #10153, #9238 ) ;
#2975 = ORIENTED_EDGE ( 'NONE', *, *, #7345, .F. ) ;
#2976 = LINE ( 'NONE', #6772, #4977 ) ;
#2977 = ORIENTED_EDGE ( 'NONE', *, *, #3981, .T. ) ;
#2978 = DIRECTION ( 'NONE',  ( 0.000000000000000000, 0.9848077530122085754, 0.1736481776669274169 ) ) ;
#2979 = ORIENTED_EDGE ( 'NONE', *, *, #1504, .F. ) ;
#2980 = EDGE_LOOP ( 'NONE', ( #9360, #6818, #1300 ) ) ;
#2981 = CIRCLE ( 'NONE', #11418, 100.0000000000001847 ) ;
#2982 = CARTESIAN_POINT ( 'NONE',  ( -4.999999999999993783, 60.78202852981961257, -126.2760119032855215 ) ) ;
#2983 = CARTESIAN_POINT ( 'NONE',  ( -4.999999999999993783, 0.0007748487313753557506, -140.0621876725833772 ) ) ;
#2984 = FACE_OUTER_BOUND ( 'NONE', #6623, .T. ) ;
#2985 = ADVANCED_FACE ( 'NONE', ( #4918 ), #9821, .T. ) ;
#2986 = DIRECTION ( 'NONE',  ( 0.000000000000000000, 0.9396926207859093161, 0.3420201433256663259 ) ) ;
#2987 = AXIS2_PLACEMENT_3D ( 'NONE', #8159, #10413, #6485 ) ;
#2988 = ORIENTED_EDGE ( 'NONE', *, *, #2457, .F. ) ;
#2989 = DIRECTION ( 'NONE',  ( -1.000000000000000000, -0.000000000000000000, 0.000000000000000000 ) ) ;
#2990 = DIRECTION ( 'NONE',  ( -1.000000000000000000, 0.000000000000000000, 0.000000000000000000 ) ) ;
#2991 = COORDINATED_UNIVERSAL_TIME_OFFSET ( 5, 30, .AHEAD. ) ;
#2992 = ORIENTED_EDGE ( 'NONE', *, *, #8563, .F. ) ;
#2993 = CARTESIAN_POINT ( 'NONE',  ( -87.20833333333341386, 0.000000000000000000, 0.000000000000000000 ) ) ;
#2994 = FACE_OUTER_BOUND ( 'NONE', #1507, .T. ) ;
#2995 = ORIENTED_EDGE ( 'NONE', *, *, #3317, .T. ) ;
#2996 = AXIS2_PLACEMENT_3D ( 'NONE', #7056, #1969, #9775 ) ;
#2997 = EDGE_CURVE ( 'NONE', #839, #11446, #9336, .T. ) ;
#2998 = CARTESIAN_POINT ( 'NONE',  ( 18.99994483178675964, -50.31231042931152331, 16.66644354834173569 ) ) ;
#2999 = EDGE_CURVE ( 'NONE', #5491, #7925, #11184, .T. ) ;
#3000 = CARTESIAN_POINT ( 'NONE',  ( -4.999999999999993783, -90.02964525296256681, -107.2943586208337052 ) ) ;
#3001 = DIRECTION ( 'NONE',  ( -1.000000000000000000, 0.000000000000000000, 0.000000000000000000 ) ) ;
#3002 = CARTESIAN_POINT ( 'NONE',  ( -4.999999999999993783, -75.19677236556650257, 27.30284647801117259 ) ) ;
#3003 = DIRECTION ( 'NONE',  ( 0.000000000000000000, -0.7848534137046806469, -0.6196814657516468428 ) ) ;
#3004 = PLANE ( 'NONE',  #82 ) ;
#3005 = AXIS2_PLACEMENT_3D ( 'NONE', #12323, #4470, #3490 ) ;
#3006 = ORIENTED_EDGE ( 'NONE', *, *, #4960, .F. ) ;
#3007 = ORIENTED_EDGE ( 'NONE', *, *, #4582, .F. ) ;
#3008 = DIRECTION ( 'NONE',  ( 1.000000000000000000, 0.000000000000000000, -0.000000000000000000 ) ) ;
#3009 = DIRECTION ( 'NONE',  ( 0.000000000000000000, -0.7958032295111118204, 0.6055552987958117139 ) ) ;
#3010 = DIRECTION ( 'NONE',  ( -1.000000000000000000, -0.000000000000000000, -0.000000000000000000 ) ) ;
#3011 = ADVANCED_FACE ( 'NONE', ( #2984 ), #10898, .F. ) ;
#3012 = CARTESIAN_POINT ( 'NONE',  ( 16.01419772816504050, 28.44840866461132478, -46.95731306817329909 ) ) ;
#3013 = CARTESIAN_POINT ( 'NONE',  ( -5.243683412956871237, -33.30470311321220578, -41.81006223684115497 ) ) ;
#3014 = DIRECTION ( 'NONE',  ( 0.000000000000000000, 0.5000000000000009992, 0.8660254037844380415 ) ) ;
#3015 = ORIENTED_EDGE ( 'NONE', *, *, #4931, .T. ) ;
#3016 = FACE_OUTER_BOUND ( 'NONE', #5300, .T. ) ;
#3017 = DIRECTION ( 'NONE',  ( -1.000000000000000000, -0.000000000000000000, -0.000000000000000000 ) ) ;
#3018 = ORIENTED_EDGE ( 'NONE', *, *, #545, .F. ) ;
#3019 = ORIENTED_EDGE ( 'NONE', *, *, #123, .T. ) ;
#3020 = CARTESIAN_POINT ( 'NONE',  ( 15.00000000000000355, 0.000000000000000000, 39.99999999999999289 ) ) ;
#3021 = VERTEX_POINT ( 'NONE', #5051 ) ;
#3022 = CARTESIAN_POINT ( 'NONE',  ( -4.999999999999993783, 170.5896538667300604, -12.61061916935111960 ) ) ;
#3023 = EDGE_CURVE ( 'NONE', #6180, #777, #8979, .T. ) ;
#3024 = VERTEX_POINT ( 'NONE', #138 ) ;
#3025 = EDGE_CURVE ( 'NONE', #8736, #705, #10775, .T. ) ;
#3026 = EDGE_CURVE ( 'NONE', #10116, #11548, #11738, .T. ) ;
#3027 = DIRECTION ( 'NONE',  ( -1.000000000000000000, 0.000000000000000000, 0.000000000000000000 ) ) ;
#3028 = DIRECTION ( 'NONE',  ( -1.000000000000000000, -0.000000000000000000, -0.000000000000000000 ) ) ;
#3029 = ORIENTED_EDGE ( 'NONE', *, *, #10896, .T. ) ;
#3030 = DIRECTION ( 'NONE',  ( 0.000000000000000000, -0.9396926207859045421, 0.3420201433256790380 ) ) ;
#3031 = EDGE_CURVE ( 'NONE', #2709, #10060, #2062, .T. ) ;
#3032 = ORIENTED_EDGE ( 'NONE', *, *, #9020, .T. ) ;
#3033 = DIRECTION ( 'NONE',  ( -1.000000000000000000, -0.000000000000000000, -0.000000000000000000 ) ) ;
#3034 = VERTEX_POINT ( 'NONE', #6968 ) ;
#3035 = DIRECTION ( 'NONE',  ( -1.000000000000000000, 0.000000000000000000, 0.000000000000000000 ) ) ;
#3036 = ORIENTED_EDGE ( 'NONE', *, *, #2011, .F. ) ;
#3037 = ADVANCED_FACE ( 'NONE', ( #81 ), #8842, .F. ) ;
#3038 = EDGE_LOOP ( 'NONE', ( #11093, #4200, #5130, #10770 ) ) ;
#3039 = EDGE_CURVE ( 'NONE', #8714, #7113, #6868, .T. ) ;
#3040 = DIRECTION ( 'NONE',  ( 0.000000000000000000, -0.9988640848291017171, -0.04765018403449350348 ) ) ;
#3041 = DIRECTION ( 'NONE',  ( -1.000000000000000000, 0.000000000000000000, -0.000000000000000000 ) ) ;
#3042 = FACE_OUTER_BOUND ( 'NONE', #8691, .T. ) ;
#3043 = ORIENTED_EDGE ( 'NONE', *, *, #3788, .F. ) ;
#3044 = LINE ( 'NONE', #2009, #445 ) ;
#3045 = ORIENTED_EDGE ( 'NONE', *, *, #11067, .F. ) ;
#3046 = CARTESIAN_POINT ( 'NONE',  ( 4.999999999999999112, 79.64264139424481925, 7.553123310771727716 ) ) ;
#3047 = ORIENTED_EDGE ( 'NONE', *, *, #5718, .F. ) ;
#3048 = ADVANCED_FACE ( 'NONE', ( #1165 ), #10848, .T. ) ;
#3049 = FACE_OUTER_BOUND ( 'NONE', #9856, .T. ) ;
#3050 = CARTESIAN_POINT ( 'NONE',  ( 5.000000000000006217, -47.90336138264867571, -131.6156692209317498 ) ) ;
#3051 = VERTEX_POINT ( 'NONE', #5106 ) ;
#3052 = CARTESIAN_POINT ( 'NONE',  ( 18.38751271126935194, -51.86628821705046022, 13.84335719503855699 ) ) ;
#3053 = CARTESIAN_POINT ( 'NONE',  ( 5.000000000000006217, 90.03083239009245631, -107.2933624945058710 ) ) ;
#3054 = FACE_OUTER_BOUND ( 'NONE', #11750, .T. ) ;
#3055 = CARTESIAN_POINT ( 'NONE',  ( -4.999999999999992895, 131.5569669100277963, 47.88282006559197157 ) ) ;
#3056 = DIRECTION ( 'NONE',  ( -1.000000000000000000, -0.000000000000000000, -0.000000000000000000 ) ) ;
#3057 = CARTESIAN_POINT ( 'NONE',  ( 5.000000000000006217, -20.14177338547656504, -77.42292273537671576 ) ) ;
#3058 = ORIENTED_EDGE ( 'NONE', *, *, #7038, .T. ) ;
#3059 = EDGE_CURVE ( 'NONE', #1058, #5838, #280, .T. ) ;
#3060 = ORIENTED_EDGE ( 'NONE', *, *, #12720, .T. ) ;
#3061 = CARTESIAN_POINT ( 'NONE',  ( -87.20833333333341386, 0.000000000000000000, 80.00000000000000000 ) ) ;
#3062 = LINE ( 'NONE', #9899, #9746 ) ;
#3063 = VECTOR ( 'NONE', #12551, 1000.000000000000000 ) ;
#3064 = EDGE_CURVE ( 'NONE', #10693, #2351, #8096, .T. ) ;
#3065 = CARTESIAN_POINT ( 'NONE',  ( -4.999999999999993783, 34.33700186351247652, -72.25628210076368418 ) ) ;
#3066 = PLANE ( 'NONE',  #2168 ) ;
#3067 = LINE ( 'NONE', #6998, #4731 ) ;
#3068 = VECTOR ( 'NONE', #10577, 1000.000000000000000 ) ;
#3069 = LINE ( 'NONE', #10038, #8477 ) ;
#3070 = VERTEX_POINT ( 'NONE', #7028 ) ;
#3071 = CARTESIAN_POINT ( 'NONE',  ( -4.999999999999993783, -138.7852061507327335, -99.99262110727862307 ) ) ;
#3072 = CARTESIAN_POINT ( 'NONE',  ( -4.999999999999993783, 164.6149246967153488, 46.49499208839476694 ) ) ;
#3073 = ORIENTED_EDGE ( 'NONE', *, *, #8967, .T. ) ;
#3074 = EDGE_LOOP ( 'NONE', ( #5773, #10923, #7385, #8684, #3060, #11875 ) ) ;
#3075 = CARTESIAN_POINT ( 'NONE',  ( 17.00652508135026153, 50.44906828226991280, 20.83419374562519266 ) ) ;
#3076 = ORIENTED_EDGE ( 'NONE', *, *, #12572, .T. ) ;
#3077 = FACE_OUTER_BOUND ( 'NONE', #5377, .T. ) ;
#3078 = EDGE_CURVE ( 'NONE', #11147, #2893, #9032, .T. ) ;
#3079 = CIRCLE ( 'NONE', #7188, 100.0000000000000142 ) ;
#3080 = EDGE_LOOP ( 'NONE', ( #365, #1938, #10360, #7767 ) ) ;
#3081 = DIRECTION ( 'NONE',  ( 1.000000000000000000, 0.000000000000000000, 0.000000000000000000 ) ) ;
#3082 = CARTESIAN_POINT ( 'NONE',  ( 5.000000000000004441, -139.9378630116576687, 4.170670896933964755 ) ) ;
#3083 = ORIENTED_EDGE ( 'NONE', *, *, #4085, .T. ) ;
#3084 = DIRECTION ( 'NONE',  ( 0.000000000000000000, 0.000000000000000000, 1.000000000000000000 ) ) ;
#3085 = VERTEX_POINT ( 'NONE', #4457 ) ;
#3086 = DIRECTION ( 'NONE',  ( -0.000000000000000000, 0.2968551111398158304, 0.9549225324549460714 ) ) ;
#3087 = AXIS2_PLACEMENT_3D ( 'NONE', #44, #3508, #5390 ) ;
#3088 = ORIENTED_EDGE ( 'NONE', *, *, #7199, .F. ) ;
#3089 = CARTESIAN_POINT ( 'NONE',  ( -5.000000000000004441, 0.000000000000000000, 0.000000000000000000 ) ) ;
#3090 = ORIENTED_EDGE ( 'NONE', *, *, #8934, .F. ) ;
#3091 = ORIENTED_EDGE ( 'NONE', *, *, #1979, .F. ) ;
#3092 = EDGE_CURVE ( 'NONE', #4696, #4581, #10126, .T. ) ;
#3093 = CIRCLE ( 'NONE', #10300, 100.0000000000002416 ) ;
#3094 = DIRECTION ( 'NONE',  ( 0.000000000000000000, 0.000000000000000000, 1.000000000000000000 ) ) ;
#3095 = VECTOR ( 'NONE', #12001, 1000.000000000000000 ) ;
#3096 = DIRECTION ( 'NONE',  ( -1.000000000000000000, 0.000000000000000000, 0.000000000000000000 ) ) ;
#3097 = EDGE_CURVE ( 'NONE', #10866, #10160, #8377, .T. ) ;
#3098 = EDGE_CURVE ( 'NONE', #5761, #5869, #8300, .T. ) ;
#3099 = ORIENTED_EDGE ( 'NONE', *, *, #1675, .T. ) ;
#3100 = CARTESIAN_POINT ( 'NONE',  ( 4.999999999999999112, -13.95342753719891427, 78.77373839018187596 ) ) ;
#3101 = VERTEX_POINT ( 'NONE', #12304 ) ;
#3102 = CARTESIAN_POINT ( 'NONE',  ( -5.417424305044145072, 0.2131744177925377348, 53.00000000000000711 ) ) ;
#3103 = CYLINDRICAL_SURFACE ( 'NONE', #11118, 100.0000000000001990 ) ;
#3104 = PLANE ( 'NONE',  #10994 ) ;
#3105 = ORIENTED_EDGE ( 'NONE', *, *, #7375, .F. ) ;
#3106 = VECTOR ( 'NONE', #3686, 1000.000000000000114 ) ;
#3107 = CARTESIAN_POINT ( 'NONE',  ( 5.000000000000006217, 24.32230672642583258, -137.9341937727408549 ) ) ;
#3108 = AXIS2_PLACEMENT_3D ( 'NONE', #524, #9106, #274 ) ;
#3109 = FACE_OUTER_BOUND ( 'NONE', #8962, .T. ) ;
#3110 = ORIENTED_EDGE ( 'NONE', *, *, #8317, .T. ) ;
#3111 = CARTESIAN_POINT ( 'NONE',  ( 17.59678567853758224, -50.30633317938747950, 20.37205247920854845 ) ) ;
#3112 = AXIS2_PLACEMENT_3D ( 'NONE', #1632, #7764, #8546 ) ;
#3113 = EDGE_CURVE ( 'NONE', #4914, #6936, #10365, .T. ) ;
#3114 = AXIS2_PLACEMENT_3D ( 'NONE', #11241, #8253, #9368 ) ;
#3115 = CIRCLE ( 'NONE', #10520, 54.99999999999999289 ) ;
#3116 = DIRECTION ( 'NONE',  ( -1.000000000000000000, -0.000000000000000000, -0.000000000000000000 ) ) ;
#3117 = CARTESIAN_POINT ( 'NONE',  ( 5.000000000000006217, -119.3132105852211708, -122.5733066456633935 ) ) ;
#3118 = CARTESIAN_POINT ( 'NONE',  ( 12.99999999999999822, 0.000000000000000000, 0.000000000000000000 ) ) ;
#3119 = DIRECTION ( 'NONE',  ( 0.000000000000000000, -0.9988640848291017171, -0.04765018403449350348 ) ) ;
#3120 = FACE_OUTER_BOUND ( 'NONE', #2233, .T. ) ;
#3121 = ORIENTED_EDGE ( 'NONE', *, *, #4247, .F. ) ;
#3122 = ORIENTED_EDGE ( 'NONE', *, *, #4128, .T. ) ;
#3123 = DIRECTION ( 'NONE',  ( 0.000000000000000000, -0.6055552987958144895, -0.7958032295111097110 ) ) ;
#3124 = EDGE_LOOP ( 'NONE', ( #7970, #6096, #8321, #3545, #10503, #3247 ) ) ;
#3125 = CIRCLE ( 'NONE', #9708, 140.0000000000000000 ) ;
#3126 = CIRCLE ( 'NONE', #9102, 40.00000000000003553 ) ;
#3127 = CARTESIAN_POINT ( 'NONE',  ( 5.000000000000006217, 149.6241146709421628, -80.37303019083685740 ) ) ;
#3128 = AXIS2_PLACEMENT_3D ( 'NONE', #5780, #11577, #7577 ) ;
#3129 = CIRCLE ( 'NONE', #10330, 140.0000000000000000 ) ;
#3130 = CARTESIAN_POINT ( 'NONE',  ( -5.000000000000004441, 0.000000000000000000, 0.000000000000000000 ) ) ;
#3131 = CARTESIAN_POINT ( 'NONE',  ( 18.33526184403543624, 33.92034058883997716, -41.66831857249492543 ) ) ;
#3132 = AXIS2_PLACEMENT_3D ( 'NONE', #5338, #7451, #12232 ) ;
#3133 = CIRCLE ( 'NONE', #2938, 99.99999999999998579 ) ;
#3134 = VECTOR ( 'NONE', #8024, 1000.000000000000000 ) ;
#3135 = AXIS2_PLACEMENT_3D ( 'NONE', #4674, #12729, #5645 ) ;
#3136 = DIRECTION ( 'NONE',  ( 0.000000000000000000, 0.8660254037844363761, -0.5000000000000038858 ) ) ;
#3137 = EDGE_CURVE ( 'NONE', #11878, #5362, #900, .T. ) ;
#3138 = CARTESIAN_POINT ( 'NONE',  ( 5.000000000000006217, -119.3132105852211708, -122.5733066456633935 ) ) ;
#3139 = ORIENTED_EDGE ( 'NONE', *, *, #8785, .T. ) ;
#3140 = PLANE ( 'NONE',  #6456 ) ;
#3141 = AXIS2_PLACEMENT_3D ( 'NONE', #11177, #7669, #6573 ) ;
#3142 = CIRCLE ( 'NONE', #6023, 100.0000000000001990 ) ;
#3143 = CARTESIAN_POINT ( 'NONE',  ( -4.999999999999993783, 96.21594349147569858, 141.4296642867059006 ) ) ;
#3144 = ORIENTED_EDGE ( 'NONE', *, *, #4725, .T. ) ;
#3145 = ORIENTED_EDGE ( 'NONE', *, *, #7233, .F. ) ;
#3146 = CARTESIAN_POINT ( 'NONE',  ( 18.62394303740805057, 50.06037023663355967, 18.72972648028620668 ) ) ;
#3147 = ORIENTED_EDGE ( 'NONE', *, *, #3820, .F. ) ;
#3148 = LINE ( 'NONE', #5926, #8071 ) ;
#3149 = CIRCLE ( 'NONE', #7061, 140.0000000000000000 ) ;
#3150 = AXIS2_PLACEMENT_3D ( 'NONE', #9537, #11660, #9603 ) ;
#3151 = CIRCLE ( 'NONE', #7261, 140.0000000000000000 ) ;
#3152 = AXIS2_PLACEMENT_3D ( 'NONE', #2189, #11271, #11140 ) ;
#3153 = EDGE_CURVE ( 'NONE', #8123, #4850, #2951, .T. ) ;
#3154 = CARTESIAN_POINT ( 'NONE',  ( 5.000000000000006217, -126.2760119032857489, -60.78202852981916493 ) ) ;
#3155 = CARTESIAN_POINT ( 'NONE',  ( -5.000000000000004441, -115.6563498860812018, 78.88985188874656274 ) ) ;
#3156 = EDGE_CURVE ( 'NONE', #9333, #10842, #2441, .T. ) ;
#3157 = ORIENTED_EDGE ( 'NONE', *, *, #9772, .T. ) ;
#3158 = CARTESIAN_POINT ( 'NONE',  ( -5.000000000000004441, 0.000000000000000000, 0.000000000000000000 ) ) ;
#3159 = CIRCLE ( 'NONE', #9335, 140.0000000000000000 ) ;
#3160 = ORIENTED_EDGE ( 'NONE', *, *, #3468, .T. ) ;
#3161 = AXIS2_PLACEMENT_3D ( 'NONE', #10786, #10007, #9871 ) ;
#3162 = DIRECTION ( 'NONE',  ( -1.000000000000000000, -0.000000000000000000, -0.000000000000000000 ) ) ;
#3163 = ORIENTED_EDGE ( 'NONE', *, *, #12158, .T. ) ;
#3164 = CARTESIAN_POINT ( 'NONE',  ( -4.999999999999993783, 69.31327489107772521, -39.94583737856260797 ) ) ;
#3165 = AXIS2_PLACEMENT_3D ( 'NONE', #4754, #8685, #7967 ) ;
#3166 = ORIENTED_EDGE ( 'NONE', *, *, #1395, .T. ) ;
#3167 = ORIENTED_EDGE ( 'NONE', *, *, #2289, .F. ) ;
#3168 = AXIS2_PLACEMENT_3D ( 'NONE', #7934, #3824, #9819 ) ;
#3169 = CARTESIAN_POINT ( 'NONE',  ( -87.20833333333341386, 0.000000000000000000, 0.000000000000000000 ) ) ;
#3170 = CIRCLE ( 'NONE', #7088, 100.0000000000002132 ) ;
#3171 = LINE ( 'NONE', #11038, #9355 ) ;
#3172 = ORIENTED_EDGE ( 'NONE', *, *, #2070, .F. ) ;
#3173 = EDGE_CURVE ( 'NONE', #2907, #6970, #3357, .T. ) ;
#3174 = CYLINDRICAL_SURFACE ( 'NONE', #6846, 140.0000000000000000 ) ;
#3175 = ORIENTED_EDGE ( 'NONE', *, *, #261, .F. ) ;
#3176 = CARTESIAN_POINT ( 'NONE',  ( -4.999999999999990230, 0.000000000000000000, 0.000000000000000000 ) ) ;
#3177 = CARTESIAN_POINT ( 'NONE',  ( 5.000000000000006217, 138.7852061507327335, 99.99262110727862307 ) ) ;
#3178 = CARTESIAN_POINT ( 'NONE',  ( 5.000000000000006217, -78.79545396313065453, 13.83027240313179185 ) ) ;
#3179 = AXIS2_PLACEMENT_3D ( 'NONE', #4053, #5141, #7968 ) ;
#3180 = ORIENTED_EDGE ( 'NONE', *, *, #8099, .F. ) ;
#3181 = DIRECTION ( 'NONE',  ( 0.000000000000000000, -0.5255774175242818869, -0.8507457776495318535 ) ) ;
#3182 = AXIS2_PLACEMENT_3D ( 'NONE', #1427, #4605, #7367 ) ;
#3183 = DIRECTION ( 'NONE',  ( -1.000000000000000000, 0.000000000000000000, 0.000000000000000000 ) ) ;
#3184 = ADVANCED_FACE ( 'NONE', ( #10310 ), #6322, .T. ) ;
#3185 = DIRECTION ( 'NONE',  ( 0.000000000000000000, -0.8412165803726526780, -0.5406983122834214672 ) ) ;
#3186 = CIRCLE ( 'NONE', #10390, 100.0000000000002132 ) ;
#3187 = EDGE_CURVE ( 'NONE', #10160, #12324, #264, .T. ) ;
#3188 = DIRECTION ( 'NONE',  ( -1.000000000000000000, 0.000000000000000000, 0.000000000000000000 ) ) ;
#3189 = EDGE_CURVE ( 'NONE', #217, #4280, #10785, .T. ) ;
#3190 = LINE ( 'NONE', #11938, #10136 ) ;
#3191 = PLANE ( 'NONE',  #1640 ) ;
#3192 = DIRECTION ( 'NONE',  ( -0.000000000000000000, 0.02979050640667118069, 0.9995561643689833131 ) ) ;
#3193 = DIRECTION ( 'NONE',  ( 0.000000000000000000, 0.7660444431189792347, 0.6427876096865380307 ) ) ;
#3194 = VERTEX_POINT ( 'NONE', #12108 ) ;
#3195 = ORIENTED_EDGE ( 'NONE', *, *, #3989, .F. ) ;
#3196 = CARTESIAN_POINT ( 'NONE',  ( -4.999999999999993783, -24.32078057234966550, -137.9344628748812056 ) ) ;
#3197 = VERTEX_POINT ( 'NONE', #8126 ) ;
#3198 = AXIS2_PLACEMENT_3D ( 'NONE', #7204, #1994, #5983 ) ;
#3199 = CARTESIAN_POINT ( 'NONE',  ( 5.000000000000006217, -51.37509422393618053, -61.32372863323259793 ) ) ;
#3200 = EDGE_CURVE ( 'NONE', #12312, #895, #478, .T. ) ;
#3201 = LINE ( 'NONE', #4233, #9105 ) ;
#3202 = DIRECTION ( 'NONE',  ( -1.000000000000000000, 0.000000000000000000, 0.000000000000000000 ) ) ;
#3203 = CIRCLE ( 'NONE', #11031, 6.999999999999999112 ) ;
#3204 = B_SPLINE_CURVE_WITH_KNOTS ( 'NONE', 3,
 ( #10880, #6114, #1012, #12037, #9071, #4109, #11901, #54, #4179, #120 ),
 .UNSPECIFIED., .F., .F.,
 ( 4, 2, 2, 2, 4 ),
 ( 0.005420431531053052955, 0.006703119702686881343, 0.007985807874320710598, 0.009268496045954539853, 0.01055118421758836911 ),
 .UNSPECIFIED. ) ;
#3205 = CARTESIAN_POINT ( 'NONE',  ( -4.999999999999993783, 165.8082026736152272, -42.04161805105150052 ) ) ;
#3206 = DIRECTION ( 'NONE',  ( -1.000000000000000000, -0.000000000000000000, -0.000000000000000000 ) ) ;
#3207 = CARTESIAN_POINT ( 'NONE',  ( 13.00000000000001066, 0.000000000000000000, 0.000000000000000000 ) ) ;
#3208 = CYLINDRICAL_SURFACE ( 'NONE', #690, 29.99999999999999289 ) ;
#3209 = ORIENTED_EDGE ( 'NONE', *, *, #9339, .F. ) ;
#3210 = ORIENTED_EDGE ( 'NONE', *, *, #12593, .F. ) ;
#3211 = DIRECTION ( 'NONE',  ( 0.000000000000000000, -1.000000000000000000, 0.000000000000000000 ) ) ;
#3212 = ORIENTED_EDGE ( 'NONE', *, *, #7771, .F. ) ;
#3213 = CARTESIAN_POINT ( 'NONE',  ( 5.000000000000006217, 61.32372863323276846, -51.37509422393597447 ) ) ;
#3214 = ADVANCED_FACE ( 'NONE', ( #10249 ), #5241, .F. ) ;
#3215 = AXIS2_PLACEMENT_3D ( 'NONE', #12512, #10592, #10398 ) ;
#3216 = DIRECTION ( 'NONE',  ( -1.000000000000000000, -0.000000000000000000, -0.000000000000000000 ) ) ;
#3217 = DIRECTION ( 'NONE',  ( 0.000000000000000000, 0.3420201433256629953, -0.9396926207859104263 ) ) ;
#3218 = DIRECTION ( 'NONE',  ( 0.000000000000000000, 0.3138744235597054066, -0.9494645049895560351 ) ) ;
#3219 = VERTEX_POINT ( 'NONE', #1408 ) ;
#3220 = DIRECTION ( 'NONE',  ( 0.000000000000000000, 0.000000000000000000, 1.000000000000000000 ) ) ;
#3221 = ORIENTED_EDGE ( 'NONE', *, *, #501, .T. ) ;
#3222 = CARTESIAN_POINT ( 'NONE',  ( 16.48359570686751141, 4.458694281184710562, 54.60170542837038710 ) ) ;
#3223 = ORIENTED_EDGE ( 'NONE', *, *, #2415, .T. ) ;
#3224 = DIRECTION ( 'NONE',  ( 0.000000000000000000, 0.6196814657516468428, -0.7848534137046806469 ) ) ;
#3225 = ORIENTED_EDGE ( 'NONE', *, *, #1421, .T. ) ;
#3226 = VERTEX_POINT ( 'NONE', #7218 ) ;
#3227 = ADVANCED_FACE ( 'NONE', ( #3228 ), #11088, .F. ) ;
#3228 = FACE_OUTER_BOUND ( 'NONE', #5284, .T. ) ;
#3229 = CARTESIAN_POINT ( 'NONE',  ( 5.000000000000004441, 28.41945699475599341, -47.08858103747886759 ) ) ;
#3230 = ORIENTED_EDGE ( 'NONE', *, *, #12306, .T. ) ;
#3231 = CARTESIAN_POINT ( 'NONE',  ( -87.20833333333341386, 0.000000000000000000, 0.000000000000000000 ) ) ;
#3232 = ORIENTED_EDGE ( 'NONE', *, *, #3039, .F. ) ;
#3233 = CARTESIAN_POINT ( 'NONE',  ( 5.000000000000006217, 157.7458401751238739, 62.95593364064023945 ) ) ;
#3234 = CARTESIAN_POINT ( 'NONE',  ( -4.999999999999993783, 70.03176487497729852, -121.2970252097150876 ) ) ;
#3235 = ORIENTED_EDGE ( 'NONE', *, *, #575, .F. ) ;
#3236 = DIRECTION ( 'NONE',  ( -1.000000000000000000, -0.000000000000000000, -0.000000000000000000 ) ) ;
#3237 = DIRECTION ( 'NONE',  ( -1.000000000000000000, -0.000000000000000000, -0.000000000000000000 ) ) ;
#3238 = EDGE_CURVE ( 'NONE', #10257, #1199, #10570, .T. ) ;
#3239 = DIRECTION ( 'NONE',  ( 0.000000000000000000, -0.9396926207859114255, -0.3420201433256601087 ) ) ;
#3240 = CARTESIAN_POINT ( 'NONE',  ( -5.999999989902971009E-06, 53.56599702107428129, 12.47733798284980011 ) ) ;
#3241 = CARTESIAN_POINT ( 'NONE',  ( -4.999999999999993783, -80.37303019083736899, -149.6241146709418786 ) ) ;
#3242 = DIRECTION ( 'NONE',  ( 1.000000000000000000, 0.000000000000000000, 0.000000000000000000 ) ) ;
#3243 = CARTESIAN_POINT ( 'NONE',  ( 5.000000000000006217, 77.42292273537675840, -20.14177338547628793 ) ) ;
#3244 = LINE ( 'NONE', #4335, #6196 ) ;
#3245 = CARTESIAN_POINT ( 'NONE',  ( -4.999999999999993783, 161.3076183917395383, -53.17002841738339214 ) ) ;
#3246 = ORIENTED_EDGE ( 'NONE', *, *, #11225, .T. ) ;
#3247 = ORIENTED_EDGE ( 'NONE', *, *, #3592, .T. ) ;
#3248 = CARTESIAN_POINT ( 'NONE',  ( 5.000000000000006217, 119.3132105852220661, 122.5733066456625693 ) ) ;
#3249 = ORIENTED_EDGE ( 'NONE', *, *, #5743, .F. ) ;
#3250 = DIRECTION ( 'NONE',  ( 0.000000000000000000, 0.6427876096865353661, -0.7660444431189813441 ) ) ;
#3251 = EDGE_CURVE ( 'NONE', #5761, #1376, #5845, .T. ) ;
#3252 = DIRECTION ( 'NONE',  ( 0.000000000000000000, -0.6427876096865299260, 0.7660444431189857850 ) ) ;
#3253 = EDGE_CURVE ( 'NONE', #8639, #2065, #3560, .T. ) ;
#3254 = DIRECTION ( 'NONE',  ( 0.000000000000000000, 0.000000000000000000, 1.000000000000000000 ) ) ;
#3255 = CARTESIAN_POINT ( 'NONE',  ( 5.000000000000006217, 70.03042279760722977, 121.2978000584459721 ) ) ;
#3256 = EDGE_CURVE ( 'NONE', #11723, #5559, #3810, .T. ) ;
#3257 = EDGE_CURVE ( 'NONE', #831, #3197, #3778, .T. ) ;
#3258 = CARTESIAN_POINT ( 'NONE',  ( 5.000000000000004441, 131.5569669100277963, 47.88282006559197157 ) ) ;
#3259 = DIRECTION ( 'NONE',  ( 0.000000000000000000, 0.4999999999999949485, -0.8660254037844415942 ) ) ;
#3260 = DIRECTION ( 'NONE',  ( -1.000000000000000000, 0.000000000000000000, 0.000000000000000000 ) ) ;
#3261 = DIRECTION ( 'NONE',  ( -1.000000000000000000, -0.000000000000000000, -0.000000000000000000 ) ) ;
#3262 = EDGE_LOOP ( 'NONE', ( #1354, #3235, #9282, #2753 ) ) ;
#3263 = ORIENTED_EDGE ( 'NONE', *, *, #10758, .F. ) ;
#3264 = CARTESIAN_POINT ( 'NONE',  ( 15.61263916250507577, 53.53215818174486174, 12.49650667840460372 ) ) ;
#3265 = ORIENTED_EDGE ( 'NONE', *, *, #6940, .F. ) ;
#3266 = CARTESIAN_POINT ( 'NONE',  ( 5.000000000000006217, -37.93101358992151262, 134.9122840309202616 ) ) ;
#3267 = DIRECTION ( 'NONE',  ( -1.000000000000000000, -0.000000000000000000, -0.000000000000000000 ) ) ;
#3268 = CIRCLE ( 'NONE', #6154, 54.99999999999999289 ) ;
#3269 = CARTESIAN_POINT ( 'NONE',  ( -5.009684321561898024, 35.51158125616403538, -41.54101966249653799 ) ) ;
#3270 = EDGE_CURVE ( 'NONE', #2763, #2260, #2580, .T. ) ;
#3271 = CARTESIAN_POINT ( 'NONE',  ( -40.00000000000000000, 57.06339097770900537, 25.54101966249750788 ) ) ;
#3272 = VERTEX_POINT ( 'NONE', #11467 ) ;
#3273 = DIRECTION ( 'NONE',  ( 0.000000000000000000, 0.000000000000000000, 1.000000000000000000 ) ) ;
#3274 = VERTEX_POINT ( 'NONE', #4649 ) ;
#3275 = CARTESIAN_POINT ( 'NONE',  ( -5.000000000000004441, 0.000000000000000000, 0.000000000000000000 ) ) ;
#3276 = VERTEX_POINT ( 'NONE', #1860 ) ;
#3277 = CARTESIAN_POINT ( 'NONE',  ( 18.61506744946709802, -29.48240197142377639, -44.59232180466905504 ) ) ;
#3278 = EDGE_LOOP ( 'NONE', ( #2219, #8533, #8366 ) ) ;
#3279 = ORIENTED_EDGE ( 'NONE', *, *, #369, .F. ) ;
#3280 = AXIS2_PLACEMENT_3D ( 'NONE', #1800, #1209, #6174 ) ;
#3281 = CARTESIAN_POINT ( 'NONE',  ( 5.000000000000006217, -164.6149246967156898, -46.49499208839367270 ) ) ;
#3282 = CARTESIAN_POINT ( 'NONE',  ( 5.000000000000004441, 70.00000000000143530, 121.2435565298206086 ) ) ;
#3283 = VECTOR ( 'NONE', #11777, 1000.000000000000000 ) ;
#3284 = ORIENTED_EDGE ( 'NONE', *, *, #10896, .F. ) ;
#3285 = CARTESIAN_POINT ( 'NONE',  ( 5.000000000000006217, -126.7004045252647870, -113.1114811425201054 ) ) ;
#3286 = ORIENTED_EDGE ( 'NONE', *, *, #10078, .F. ) ;
#3287 = DIRECTION ( 'NONE',  ( 0.000000000000000000, -0.9895437273910145937, -0.1442331847429613179 ) ) ;
#3288 = EDGE_CURVE ( 'NONE', #7538, #6368, #7073, .T. ) ;
#3289 = CARTESIAN_POINT ( 'NONE',  ( -4.999999999999993783, -170.1878247496343022, -17.20354699452759917 ) ) ;
#3290 = EDGE_LOOP ( 'NONE', ( #1549, #9132 ) ) ;
#3291 = FACE_OUTER_BOUND ( 'NONE', #8833, .T. ) ;
#3292 = DIRECTION ( 'NONE',  ( 0.000000000000000000, 0.000000000000000000, 1.000000000000000000 ) ) ;
#3293 = AXIS2_PLACEMENT_3D ( 'NONE', #5330, #3392, #6544 ) ;
#3294 = AXIS2_PLACEMENT_3D ( 'NONE', #5317, #400, #12206 ) ;
#3295 = PLANE ( 'NONE',  #3310 ) ;
#3296 = LINE ( 'NONE', #587, #10552 ) ;
#3297 = DIRECTION ( 'NONE',  ( 1.000000000000000000, 0.000000000000000000, 0.000000000000000000 ) ) ;
#3298 = CARTESIAN_POINT ( 'NONE',  ( 5.000000000000006217, 40.05413818588598929, -69.25074739081610176 ) ) ;
#3299 = DIRECTION ( 'NONE',  ( -1.000000000000000000, 0.000000000000000000, 0.000000000000000000 ) ) ;
#3300 = CARTESIAN_POINT ( 'NONE',  ( 5.000000000000006217, -170.5896538667299467, 12.61061916935229910 ) ) ;
#3301 = ADVANCED_FACE ( 'NONE', ( #12366 ), #8571, .T. ) ;
#3302 = DIRECTION ( 'NONE',  ( 0.000000000000000000, -0.9396926207859115365, -0.3420201433256601642 ) ) ;
#3303 = CIRCLE ( 'NONE', #1876, 100.0000000000002132 ) ;
#3304 = VERTEX_POINT ( 'NONE', #4579 ) ;
#3305 = ORIENTED_EDGE ( 'NONE', *, *, #7951, .T. ) ;
#3306 = DIRECTION ( 'NONE',  ( -1.000000000000000000, -0.000000000000000000, -0.000000000000000000 ) ) ;
#3307 = ORIENTED_EDGE ( 'NONE', *, *, #9988, .T. ) ;
#3308 = CARTESIAN_POINT ( 'NONE',  ( -4.999999999999993783, -131.6156692209316077, 47.90336138264910204 ) ) ;
#3309 = VECTOR ( 'NONE', #5188, 1000.000000000000000 ) ;
#3310 = AXIS2_PLACEMENT_3D ( 'NONE', #2452, #8140, #3239 ) ;
#3311 = LINE ( 'NONE', #546, #8699 ) ;
#3312 = AXIS2_PLACEMENT_3D ( 'NONE', #12102, #5293, #10189 ) ;
#3313 = CARTESIAN_POINT ( 'NONE',  ( 5.000000000000006217, -134.9122840309201479, -37.93101358992194605 ) ) ;
#3314 = CARTESIAN_POINT ( 'NONE',  ( 5.000000000000006217, -47.90481762191804194, 131.6151391931837509 ) ) ;
#3315 = CYLINDRICAL_SURFACE ( 'NONE', #7401, 100.0000000000001990 ) ;
#3316 = DIRECTION ( 'NONE',  ( -1.000000000000000000, -0.000000000000000000, -0.000000000000000000 ) ) ;
#3317 = EDGE_CURVE ( 'NONE', #9072, #2041, #12640, .T. ) ;
#3318 = CARTESIAN_POINT ( 'NONE',  ( -4.999999999999993783, 78.96721993192269906, 115.7767867520163207 ) ) ;
#3320 = FACE_OUTER_BOUND ( 'NONE', #1010, .T. ) ;
#3319 = CIRCLE ( 'NONE', #4782, 100.0000000000000142 ) ;
#3321 = ORIENTED_EDGE ( 'NONE', *, *, #12634, .T. ) ;
#3322 = AXIS2_PLACEMENT_3D ( 'NONE', #11040, #9281, #386 ) ;
#3323 = CIRCLE ( 'NONE', #9501, 140.0000000000000000 ) ;
#3324 = VERTEX_POINT ( 'NONE', #2638 ) ;
#3325 = DIRECTION ( 'NONE',  ( -1.000000000000000000, -0.000000000000000000, -0.000000000000000000 ) ) ;
#3326 = CIRCLE ( 'NONE', #9503, 100.0000000000000000 ) ;
#3327 = ORIENTED_EDGE ( 'NONE', *, *, #4391, .F. ) ;
#3328 = CARTESIAN_POINT ( 'NONE',  ( 5.000000000000006217, -115.7767867520166050, 78.96721993192231537 ) ) ;
#3329 = EDGE_CURVE ( 'NONE', #2221, #2630, #5542, .T. ) ;
#3330 = EDGE_CURVE ( 'NONE', #4160, #125, #6054, .T. ) ;
#3331 = CARTESIAN_POINT ( 'NONE',  ( -40.00000000000000000, -57.06339097770928248, 25.54101966249670141 ) ) ;
#3332 = CIRCLE ( 'NONE', #7861, 100.0000000000001990 ) ;
#3333 = CIRCLE ( 'NONE', #3753, 100.0000000000000426 ) ;
#3334 = AXIS2_PLACEMENT_3D ( 'NONE', #9142, #45, #3992 ) ;
#3335 = CIRCLE ( 'NONE', #260, 100.0000000000000142 ) ;
#3336 = AXIS2_PLACEMENT_3D ( 'NONE', #10726, #3001, #3700 ) ;
#3337 = CARTESIAN_POINT ( 'NONE',  ( -5.025330669685295959, 28.61792572182886829, -46.31711151750629796 ) ) ;
#3338 = CARTESIAN_POINT ( 'NONE',  ( 5.000000000000006217, -168.0898717532971034, 24.35148223580149818 ) ) ;
#3339 = ORIENTED_EDGE ( 'NONE', *, *, #789, .F. ) ;
#3340 = CARTESIAN_POINT ( 'NONE',  ( -4.999999999999993783, 161.3076183917395383, -53.17002841738339214 ) ) ;
#3341 = ORIENTED_EDGE ( 'NONE', *, *, #4660, .T. ) ;
#3342 = DIRECTION ( 'NONE',  ( -1.000000000000000000, -0.000000000000000000, -0.000000000000000000 ) ) ;
#3343 = VERTEX_POINT ( 'NONE', #9609 ) ;
#3344 = CARTESIAN_POINT ( 'NONE',  ( 18.03550275210906761, -28.92330946259230373, -45.57397832452652864 ) ) ;
#3345 = ADVANCED_FACE ( 'NONE', ( #9665 ), #9412, .T. ) ;
#3346 = ORIENTED_EDGE ( 'NONE', *, *, #2923, .T. ) ;
#3347 = CIRCLE ( 'NONE', #5419, 6.999999999999999112 ) ;
#3348 = VERTEX_POINT ( 'NONE', #4508 ) ;
#3349 = AXIS2_PLACEMENT_3D ( 'NONE', #11310, #2478, #1517 ) ;
#3350 = VECTOR ( 'NONE', #2018, 1000.000000000000000 ) ;
#3351 = CIRCLE ( 'NONE', #9948, 140.0000000000000000 ) ;
#3352 = EDGE_CURVE ( 'NONE', #11723, #5867, #11666, .T. ) ;
#3353 = CARTESIAN_POINT ( 'NONE',  ( -4.999999999999993783, 70.19520364235756915, 155.9887531452608016 ) ) ;
#3354 = CARTESIAN_POINT ( 'NONE',  ( 16.87825333545748308, -4.288985657507819127, 54.46738286372026749 ) ) ;
#3355 = AXIS2_PLACEMENT_3D ( 'NONE', #4030, #149, #7046 ) ;
#3356 = AXIS2_PLACEMENT_3D ( 'NONE', #5295, #8371, #378 ) ;
#3357 = CIRCLE ( 'NONE', #8926, 140.0000000000000000 ) ;
#3358 = VERTEX_POINT ( 'NONE', #3670 ) ;
#3359 = VECTOR ( 'NONE', #9721, 1000.000000000000000 ) ;
#3360 = CARTESIAN_POINT ( 'NONE',  ( 5.000000000000006217, -34.60692065529458006, -135.8029720483195320 ) ) ;
#3361 = VERTEX_POINT ( 'NONE', #3614 ) ;
#3362 = DIRECTION ( 'NONE',  ( -1.000000000000000000, -0.000000000000000000, -0.000000000000000000 ) ) ;
#3363 = CARTESIAN_POINT ( 'NONE',  ( 5.000000000000006217, -140.0621876725833772, -0.0007748487318643802616 ) ) ;
#3364 = ORIENTED_EDGE ( 'NONE', *, *, #9805, .F. ) ;
#3365 = PLANE ( 'NONE',  #4558 ) ;
#3366 = AXIS2_PLACEMENT_3D ( 'NONE', #7169, #4325, #10140 ) ;
#3367 = CARTESIAN_POINT ( 'NONE',  ( 59.79898987322338400, -57.06339097770928248, 18.54101966249669786 ) ) ;
#3368 = ADVANCED_FACE ( 'NONE', ( #4772 ), #10691, .T. ) ;
#3369 = AXIS2_PLACEMENT_3D ( 'NONE', #9545, #2699, #7598 ) ;
#3370 = VECTOR ( 'NONE', #996, 1000.000000000000000 ) ;
#3371 = DIRECTION ( 'NONE',  ( 0.000000000000000000, -0.9396926207859115365, -0.3420201433256601642 ) ) ;
#3372 = ADVANCED_FACE ( 'NONE', ( #6642 ), #10573, .F. ) ;
#3373 = DIRECTION ( 'NONE',  ( 0.000000000000000000, 0.4999999999999948930, -0.8660254037844415942 ) ) ;
#3374 = PLANE ( 'NONE',  #12683 ) ;
#3375 = VECTOR ( 'NONE', #5168, 1000.000000000000000 ) ;
#3376 = CYLINDRICAL_SURFACE ( 'NONE', #1911, 100.0000000000000000 ) ;
#3377 = ORIENTED_EDGE ( 'NONE', *, *, #9770, .F. ) ;
#3378 = FACE_OUTER_BOUND ( 'NONE', #8516, .T. ) ;
#3379 = DIRECTION ( 'NONE',  ( -1.000000000000000000, -0.000000000000000000, -0.000000000000000000 ) ) ;
#3380 = EDGE_LOOP ( 'NONE', ( #11345, #3919, #11528, #1321 ) ) ;
#3381 = EDGE_LOOP ( 'NONE', ( #960, #9630, #7856, #11606 ) ) ;
#3382 = DIRECTION ( 'NONE',  ( 0.000000000000000000, 0.000000000000000000, 1.000000000000000000 ) ) ;
#3383 = ORIENTED_EDGE ( 'NONE', *, *, #8952, .F. ) ;
#3384 = DIRECTION ( 'NONE',  ( 0.000000000000000000, 0.6055552987958143785, 0.7958032295111098220 ) ) ;
#3385 = ADVANCED_FACE ( 'NONE', ( #12560 ), #10442, .F. ) ;
#3386 = UNCERTAINTY_MEASURE_WITH_UNIT (LENGTH_MEASURE( 1.000000000000000082E-05 ), #2656, 'distance_accuracy_value', 'NONE');
#3387 = VECTOR ( 'NONE', #5877, 1000.000000000000114 ) ;
#3388 = EDGE_CURVE ( 'NONE', #7328, #7743, #8309, .T. ) ;
#3389 = CARTESIAN_POINT ( 'NONE',  ( 5.000000000000004441, -24.31074487337075851, -137.8730854217090496 ) ) ;
#3390 = DIRECTION ( 'NONE',  ( -1.000000000000000000, -0.000000000000000000, -0.000000000000000000 ) ) ;
#3391 = DIRECTION ( 'NONE',  ( -1.000000000000000000, 0.000000000000000000, -0.000000000000000000 ) ) ;
#3392 = DIRECTION ( 'NONE',  ( -1.000000000000000000, -0.000000000000000000, -0.000000000000000000 ) ) ;
#3393 = CARTESIAN_POINT ( 'NONE',  ( 5.000000000000006217, -137.9344628748811488, 24.32078057235014867 ) ) ;
#3394 = DIRECTION ( 'NONE',  ( 0.000000000000000000, -0.9848077530122063550, 0.1736481776669404620 ) ) ;
#3395 = AXIS2_PLACEMENT_3D ( 'NONE', #166, #5204, #2953 ) ;
#3396 = DIRECTION ( 'NONE',  ( -1.000000000000000000, -0.000000000000000000, -0.000000000000000000 ) ) ;
#3397 = EDGE_LOOP ( 'NONE', ( #5290, #1622, #1566, #9997 ) ) ;
#3398 = ORIENTED_EDGE ( 'NONE', *, *, #6591, .T. ) ;
#3399 = CARTESIAN_POINT ( 'NONE',  ( -4.999999999999993783, -122.5733066456629672, 119.3132105852216256 ) ) ;
#3400 = EDGE_LOOP ( 'NONE', ( #6373, #4638, #1854, #6011, #5475, #4700 ) ) ;
#3401 = CARTESIAN_POINT ( 'NONE',  ( -4.999999999999993783, -53.17002841738392505, -161.3076183917393394 ) ) ;
#3402 = EDGE_CURVE ( 'NONE', #4953, #2637, #12605, .T. ) ;
#3403 = FACE_OUTER_BOUND ( 'NONE', #10694, .T. ) ;
#3404 = CIRCLE ( 'NONE', #10613, 140.0000000000000000 ) ;
#3405 = FACE_OUTER_BOUND ( 'NONE', #4476, .T. ) ;
#3406 = DIRECTION ( 'NONE',  ( 0.000000000000000000, -1.000000000000000000, 1.047444401652940007E-14 ) ) ;
#3407 = ORIENTED_EDGE ( 'NONE', *, *, #5943, .T. ) ;
#3408 = CARTESIAN_POINT ( 'NONE',  ( -4.999999999999993783, 75.19677236556668731, -27.30284647801063613 ) ) ;
#3409 = ORIENTED_EDGE ( 'NONE', *, *, #11034, .T. ) ;
#3410 = EDGE_CURVE ( 'NONE', #567, #8597, #1069, .T. ) ;
#3411 = DIRECTION ( 'NONE',  ( 0.000000000000000000, -0.3420201433256568890, 0.9396926207859127578 ) ) ;
#3412 = ORIENTED_EDGE ( 'NONE', *, *, #7333, .F. ) ;
#3413 = CARTESIAN_POINT ( 'NONE',  ( 17.39743160819580936, -35.11428636439239170, -41.54101966249705669 ) ) ;
#3414 = CIRCLE ( 'NONE', #2712, 100.0000000000001847 ) ;
#3415 = ORIENTED_EDGE ( 'NONE', *, *, #8440, .F. ) ;
#3416 = ORIENTED_EDGE ( 'NONE', *, *, #8019, .T. ) ;
#3417 = EDGE_CURVE ( 'NONE', #9657, #451, #6832, .T. ) ;
#3418 = EDGE_CURVE ( 'NONE', #2827, #5282, #4848, .T. ) ;
#3419 = DIRECTION ( 'NONE',  ( -1.000000000000000000, -0.000000000000000000, -0.000000000000000000 ) ) ;
#3420 = EDGE_CURVE ( 'NONE', #8132, #10700, #904, .T. ) ;
#3421 = DIRECTION ( 'NONE',  ( -1.000000000000000000, -0.000000000000000000, -0.000000000000000000 ) ) ;
#3422 = VERTEX_POINT ( 'NONE', #8216 ) ;
#3423 = CARTESIAN_POINT ( 'NONE',  ( 5.000000000000006217, -96.21594349147476066, -141.4296642867064975 ) ) ;
#3424 = ADVANCED_FACE ( 'NONE', ( #4240 ), #7266, .F. ) ;
#3425 = ORIENTED_EDGE ( 'NONE', *, *, #10494, .F. ) ;
#3426 = EDGE_CURVE ( 'NONE', #3916, #6238, #4994, .T. ) ;
#3427 = DIRECTION ( 'NONE',  ( 0.000000000000000000, -0.3420201433256758183, -0.9396926207859058744 ) ) ;
#3428 = CARTESIAN_POINT ( 'NONE',  ( 5.000000000000006217, -70.03176487497644587, 121.2970252097155566 ) ) ;
#3429 = ORIENTED_EDGE ( 'NONE', *, *, #650, .T. ) ;
#3430 = EDGE_LOOP ( 'NONE', ( #10521, #3698, #3538, #7805, #9453, #12103 ) ) ;
#3431 = DIRECTION ( 'NONE',  ( 0.000000000000000000, 0.000000000000000000, 1.000000000000000000 ) ) ;
#3432 = DIRECTION ( 'NONE',  ( -1.000000000000000000, -0.000000000000000000, -0.000000000000000000 ) ) ;
#3433 = DIRECTION ( 'NONE',  ( 0.000000000000000000, 0.000000000000000000, 1.000000000000000000 ) ) ;
#3434 = CARTESIAN_POINT ( 'NONE',  ( 5.000000000000006217, 42.04161805105322003, 165.8082026736148578 ) ) ;
#3435 = DIRECTION ( 'NONE',  ( 0.000000000000000000, 0.000000000000000000, 1.000000000000000000 ) ) ;
#3436 = EDGE_LOOP ( 'NONE', ( #11055, #5356, #9473 ) ) ;
#3437 = EDGE_CURVE ( 'NONE', #5615, #12152, #7087, .T. ) ;
#3438 = CARTESIAN_POINT ( 'NONE',  ( -4.999999999999993783, -126.7004045252647870, -13.11148114251990648 ) ) ;
#3439 = LINE ( 'NONE', #6287, #7621 ) ;
#3440 = PERSON_AND_ORGANIZATION ( #2468, #10803 ) ;
#3441 = EDGE_LOOP ( 'NONE', ( #12080, #11700, #10375, #1187, #12252 ) ) ;
#3442 = ORIENTED_EDGE ( 'NONE', *, *, #12159, .T. ) ;
#3443 = FACE_OUTER_BOUND ( 'NONE', #4093, .T. ) ;
#3444 = EDGE_LOOP ( 'NONE', ( #175, #11481, #10047, #11917, #8266, #5158 ) ) ;
#3445 = LINE ( 'NONE', #6220, #11578 ) ;
#3446 = CARTESIAN_POINT ( 'NONE',  ( 5.000000000000006217, 139.7492484617412458, -10.49922515126813849 ) ) ;
#3447 = DIRECTION ( 'NONE',  ( -1.000000000000000000, 0.000000000000000000, -0.000000000000000000 ) ) ;
#3448 = DIRECTION ( 'NONE',  ( -1.000000000000000000, -0.000000000000000000, -0.000000000000000000 ) ) ;
#3449 = ADVANCED_FACE ( 'NONE', ( #233 ), #9144, .F. ) ;
#3450 = CYLINDRICAL_SURFACE ( 'NONE', #196, 100.0000000000000142 ) ;
#3451 = PLANE ( 'NONE',  #3941 ) ;
#3452 = PLANE ( 'NONE',  #2332 ) ;
#3453 = DIRECTION ( 'NONE',  ( 0.000000000000000000, 0.000000000000000000, 1.000000000000000000 ) ) ;
#3454 = ORIENTED_EDGE ( 'NONE', *, *, #3031, .T. ) ;
#3455 = EDGE_CURVE ( 'NONE', #3324, #5485, #1108, .T. ) ;
#3456 = VERTEX_POINT ( 'NONE', #5333 ) ;
#3457 = CARTESIAN_POINT ( 'NONE',  ( 16.88416255045492065, 53.12403323142891765, 12.75423809904404848 ) ) ;
#3458 = ORIENTED_EDGE ( 'NONE', *, *, #2636, .T. ) ;
#3459 = CARTESIAN_POINT ( 'NONE',  ( 4.999999999999999112, -7.553123310770939014, 79.64264139424490452 ) ) ;
#3460 = DIRECTION ( 'NONE',  ( -1.000000000000000000, 0.000000000000000000, -0.000000000000000000 ) ) ;
#3461 = CARTESIAN_POINT ( 'NONE',  ( 5.000000000000005329, 78.88985188874698906, 115.6563498860809318 ) ) ;
#3462 = CARTESIAN_POINT ( 'NONE',  ( -4.999999999999993783, 70.03042279760722977, 121.2978000584459721 ) ) ;
#3463 = ORIENTED_EDGE ( 'NONE', *, *, #4828, .F. ) ;
#3464 = DIRECTION ( 'NONE',  ( 0.000000000000000000, -0.7465554768956762510, 0.6653231695327237460 ) ) ;
#3465 = ORIENTED_EDGE ( 'NONE', *, *, #2154, .F. ) ;
#3466 = CARTESIAN_POINT ( 'NONE',  ( 5.000000000000006217, -165.8082026736149714, 42.04161805105262317 ) ) ;
#3467 = ORIENTED_EDGE ( 'NONE', *, *, #11283, .T. ) ;
#3468 = EDGE_CURVE ( 'NONE', #3637, #3685, #2480, .T. ) ;
#3469 = CARTESIAN_POINT ( 'NONE',  ( -4.999999999999993783, 133.3943579393234984, -105.1339381126573471 ) ) ;
#3470 = EDGE_LOOP ( 'NONE', ( #10056, #12735, #6881, #94, #11807, #10487 ) ) ;
#3471 = VERTEX_POINT ( 'NONE', #10230 ) ;
#3472 = AXIS2_PLACEMENT_3D ( 'NONE', #3707, #2559, #8552 ) ;
#3473 = EDGE_LOOP ( 'NONE', ( #8031, #1750, #7696 ) ) ;
#3474 = CARTESIAN_POINT ( 'NONE',  ( -4.999999999999993783, 169.7647994192102772, 5.206971411072930600 ) ) ;
#3475 = CARTESIAN_POINT ( 'NONE',  ( 5.000000000000006217, 24.32078057235056789, 137.9344628748810351 ) ) ;
#3476 = VERTEX_POINT ( 'NONE', #363 ) ;
#3477 = ORIENTED_EDGE ( 'NONE', *, *, #4706, .F. ) ;
#3478 = DIRECTION ( 'NONE',  ( -1.000000000000000000, -0.000000000000000000, -0.000000000000000000 ) ) ;
#3479 = CIRCLE ( 'NONE', #6362, 140.0000000000000000 ) ;
#3480 = EDGE_CURVE ( 'NONE', #1094, #10220, #6254, .T. ) ;
#3481 = PLANE ( 'NONE',  #8697 ) ;
#3482 = ORIENTED_EDGE ( 'NONE', *, *, #6855, .F. ) ;
#3483 = VERTEX_POINT ( 'NONE', #12145 ) ;
#3484 = LINE ( 'NONE', #7413, #485 ) ;
#3485 = DIRECTION ( 'NONE',  ( 0.000000000000000000, 0.000000000000000000, 1.000000000000000000 ) ) ;
#3486 = ADVANCED_FACE ( 'NONE', ( #3320 ), #3208, .F. ) ;
#3487 = ADVANCED_FACE ( 'NONE', ( #9068 ), #4291, .F. ) ;
#3488 = AXIS2_PLACEMENT_3D ( 'NONE', #11706, #3715, #1920 ) ;
#3489 = LINE ( 'NONE', #5441, #2529 ) ;
#3490 = DIRECTION ( 'NONE',  ( 0.000000000000000000, 0.000000000000000000, 1.000000000000000000 ) ) ;
#3491 = VERTEX_POINT ( 'NONE', #6354 ) ;
#3492 = DIRECTION ( 'NONE',  ( 0.000000000000000000, -0.9396926207859046531, 0.3420201433256792045 ) ) ;
#3493 = DIRECTION ( 'NONE',  ( 0.000000000000000000, -0.1736481776669373811, -0.9848077530122069101 ) ) ;
#3494 = CALENDAR_DATE ( 2026, 23, 9 ) ;
#3495 = ORIENTED_EDGE ( 'NONE', *, *, #5175, .T. ) ;
#3496 = CIRCLE ( 'NONE', #2464, 100.0000000000000000 ) ;
#3497 = ORIENTED_EDGE ( 'NONE', *, *, #6855, .T. ) ;
#3498 = DIRECTION ( 'NONE',  ( 0.000000000000000000, 0.000000000000000000, 1.000000000000000000 ) ) ;
#3499 = ORIENTED_EDGE ( 'NONE', *, *, #7949, .F. ) ;
#3500 = CARTESIAN_POINT ( 'NONE',  ( 5.000000000000006217, -70.19520364235647492, -155.9887531452612848 ) ) ;
#3501 = ADVANCED_FACE ( 'NONE', ( #11312 ), #6418, .F. ) ;
#3502 = LINE ( 'NONE', #11437, #1071 ) ;
#3503 = DIRECTION ( 'NONE',  ( 0.000000000000000000, 0.000000000000000000, 1.000000000000000000 ) ) ;
#3504 = AXIS2_PLACEMENT_3D ( 'NONE', #5440, #4328, #1310 ) ;
#3505 = ORIENTED_EDGE ( 'NONE', *, *, #12437, .F. ) ;
#3506 = CIRCLE ( 'NONE', #2488, 100.0000000000001990 ) ;
#3507 = DIRECTION ( 'NONE',  ( 0.000000000000000000, 0.000000000000000000, 1.000000000000000000 ) ) ;
#3508 = DIRECTION ( 'NONE',  ( 1.000000000000000000, 0.000000000000000000, 0.000000000000000000 ) ) ;
#3509 = CARTESIAN_POINT ( 'NONE',  ( 5.000000000000006217, -107.2943586208334068, 90.02964525296296472 ) ) ;
#3510 = DIRECTION ( 'NONE',  ( 0.000000000000000000, 0.000000000000000000, 1.000000000000000000 ) ) ;
#3511 = CARTESIAN_POINT ( 'NONE',  ( -5.169784086289121561, 50.09551212308318924, 19.33455253394216911 ) ) ;
#3512 = ORIENTED_EDGE ( 'NONE', *, *, #8206, .T. ) ;
#3513 = DIRECTION ( 'NONE',  ( 0.000000000000000000, 0.9895437273910137055, 0.1442331847429680347 ) ) ;
#3514 = CARTESIAN_POINT ( 'NONE',  ( 4.999999999999999112, 65.19598901652484813, 46.36251736216635777 ) ) ;
#3515 = CIRCLE ( 'NONE', #10723, 29.99999999999999289 ) ;
#3516 = AXIS2_PLACEMENT_3D ( 'NONE', #1483, #12256, #5304 ) ;
#3517 = DIRECTION ( 'NONE',  ( 0.000000000000000000, -0.1442331847429578762, 0.9895437273910151488 ) ) ;
#3518 = EDGE_CURVE ( 'NONE', #1345, #11716, #12089, .T. ) ;
#3519 = DIRECTION ( 'NONE',  ( 0.000000000000000000, 0.6427876096865404731, 0.7660444431189771253 ) ) ;
#3520 = AXIS2_PLACEMENT_3D ( 'NONE', #6864, #6790, #10856 ) ;
#3521 = AXIS2_PLACEMENT_3D ( 'NONE', #5722, #9592, #4830 ) ;
#3522 = CARTESIAN_POINT ( 'NONE',  ( -4.999999999999993783, -47.90336138264867571, -131.6156692209317498 ) ) ;
#3523 = EDGE_LOOP ( 'NONE', ( #10794, #4263, #6132, #3482, #11592, #2775 ) ) ;
#3524 = DIRECTION ( 'NONE',  ( 0.000000000000000000, -0.9290865984476422978, 0.3698622616393698048 ) ) ;
#3525 = VECTOR ( 'NONE', #2903, 1000.000000000000000 ) ;
#3526 = CARTESIAN_POINT ( 'NONE',  ( -18.00000000000004263, 0.000000000000000000, 80.00000000000000000 ) ) ;
#3527 = ORIENTED_EDGE ( 'NONE', *, *, #500, .T. ) ;
#3528 = CARTESIAN_POINT ( 'NONE',  ( 5.000000000000006217, 51.37509422393662106, 61.32372863323224976 ) ) ;
#3529 = ORIENTED_EDGE ( 'NONE', *, *, #7962, .F. ) ;
#3530 = ORIENTED_EDGE ( 'NONE', *, *, #12557, .F. ) ;
#3531 = DIRECTION ( 'NONE',  ( 0.000000000000000000, 0.3420201433256629397, -0.9396926207859104263 ) ) ;
#3532 = VERTEX_POINT ( 'NONE', #9253 ) ;
#3533 = ORIENTED_EDGE ( 'NONE', *, *, #432, .T. ) ;
#3534 = CIRCLE ( 'NONE', #6844, 100.0000000000001847 ) ;
#3535 = CIRCLE ( 'NONE', #8889, 100.0000000000001990 ) ;
#3536 = EDGE_CURVE ( 'NONE', #8424, #8380, #10359, .T. ) ;
#3537 = AXIS2_PLACEMENT_3D ( 'NONE', #2606, #1510, #5512 ) ;
#3538 = ORIENTED_EDGE ( 'NONE', *, *, #12572, .F. ) ;
#3539 = CIRCLE ( 'NONE', #5200, 74.99999999999997158 ) ;
#3540 = CIRCLE ( 'NONE', #2309, 100.0000000000001847 ) ;
#3541 = EDGE_CURVE ( 'NONE', #11796, #496, #10098, .T. ) ;
#3542 = EDGE_CURVE ( 'NONE', #10615, #4709, #5638, .T. ) ;
#3543 = DIRECTION ( 'NONE',  ( -1.000000000000000000, -0.000000000000000000, -0.000000000000000000 ) ) ;
#3544 = CARTESIAN_POINT ( 'NONE',  ( 19.00000000000000355, -3.339284814946545227E-20, 53.00000000000000000 ) ) ;
#3545 = ORIENTED_EDGE ( 'NONE', *, *, #3869, .F. ) ;
#3546 = CIRCLE ( 'NONE', #12615, 6.999999999999999112 ) ;
#3547 = VECTOR ( 'NONE', #1415, 1000.000000000000000 ) ;
#3548 = CIRCLE ( 'NONE', #874, 140.0000000000000000 ) ;
#3549 = VERTEX_POINT ( 'NONE', #4356 ) ;
#3550 = CIRCLE ( 'NONE', #11581, 100.0000000000000000 ) ;
#3551 = CARTESIAN_POINT ( 'NONE',  ( -4.999999999999993783, -107.2933624945061553, -90.03083239009208683 ) ) ;
#3552 = CARTESIAN_POINT ( 'NONE',  ( 5.000000000000006217, 37.93101358992240080, -134.9122840309200058 ) ) ;
#3553 = VECTOR ( 'NONE', #5611, 1000.000000000000000 ) ;
#3554 = CIRCLE ( 'NONE', #8908, 140.0000000000000000 ) ;
#3555 = EDGE_LOOP ( 'NONE', ( #8337, #10957, #7180 ) ) ;
#3556 = VERTEX_POINT ( 'NONE', #307 ) ;
#3557 = PLANE ( 'NONE',  #688 ) ;
#3558 = DIRECTION ( 'NONE',  ( 0.000000000000000000, 0.9549225324549460714, -0.2968551111398158304 ) ) ;
#3559 = CIRCLE ( 'NONE', #6243, 6.999999999999999112 ) ;
#3560 = CIRCLE ( 'NONE', #4396, 140.0000000000000000 ) ;
#3561 = EDGE_CURVE ( 'NONE', #4064, #5621, #80, .T. ) ;
#3562 = DIRECTION ( 'NONE',  ( -1.000000000000000000, -0.000000000000000000, -0.000000000000000000 ) ) ;
#3563 = VECTOR ( 'NONE', #3524, 1000.000000000000000 ) ;
#3564 = MANIFOLD_SOLID_BREP ( 'Cut-Extrude1', #5137 ) ;
#3565 = PLANE ( 'NONE',  #3215 ) ;
#3566 = ORIENTED_EDGE ( 'NONE', *, *, #10180, .T. ) ;
#3567 = DIRECTION ( 'NONE',  ( 0.000000000000000000, -1.000000000000000000, 1.054711873393898713E-14 ) ) ;
#3568 = PLANE ( 'NONE',  #10303 ) ;
#3569 = PERSON_AND_ORGANIZATION ( #2468, #10803 ) ;
#3570 = CIRCLE ( 'NONE', #5436, 140.0000000000000000 ) ;
#3571 = ORIENTED_EDGE ( 'NONE', *, *, #8703, .T. ) ;
#3572 = EDGE_CURVE ( 'NONE', #5838, #1864, #5034, .T. ) ;
#3573 = AXIS2_PLACEMENT_3D ( 'NONE', #6129, #194, #10063 ) ;
#3574 = ORIENTED_EDGE ( 'NONE', *, *, #4646, .T. ) ;
#3575 = DIRECTION ( 'NONE',  ( 1.000000000000000000, 0.000000000000000000, 0.000000000000000000 ) ) ;
#3576 = EDGE_LOOP ( 'NONE', ( #572, #10889, #9538 ) ) ;
#3577 = AXIS2_PLACEMENT_3D ( 'NONE', #11656, #10681, #2957 ) ;
#3578 = DIRECTION ( 'NONE',  ( 0.000000000000000000, 0.000000000000000000, 1.000000000000000000 ) ) ;
#3579 = EDGE_CURVE ( 'NONE', #4280, #89, #1456, .T. ) ;
#3580 = FACE_OUTER_BOUND ( 'NONE', #1400, .T. ) ;
#3581 = EDGE_CURVE ( 'NONE', #2163, #1797, #3591, .T. ) ;
#3582 = CIRCLE ( 'NONE', #10793, 140.0000000000000000 ) ;
#3583 = DIRECTION ( 'NONE',  ( 0.000000000000000000, -0.9396926207859114255, -0.3420201433256601087 ) ) ;
#3584 = AXIS2_PLACEMENT_3D ( 'NONE', #11180, #11054, #6288 ) ;
#3585 = ORIENTED_EDGE ( 'NONE', *, *, #7977, .F. ) ;
#3586 = EDGE_CURVE ( 'NONE', #2730, #5294, #4370, .T. ) ;
#3587 = DIRECTION ( 'NONE',  ( 0.000000000000000000, 0.000000000000000000, 1.000000000000000000 ) ) ;
#3588 = CARTESIAN_POINT ( 'NONE',  ( -4.999999999999997335, -57.06339097770928248, 25.54101966249670141 ) ) ;
#3589 = CARTESIAN_POINT ( 'NONE',  ( -4.999999999999990230, -104.5177667653950238, 93.14524373458107220 ) ) ;
#3590 = FACE_OUTER_BOUND ( 'NONE', #4654, .T. ) ;
#3591 = LINE ( 'NONE', #7518, #11567 ) ;
#3592 = EDGE_CURVE ( 'NONE', #6907, #8507, #10473, .T. ) ;
#3593 = VERTEX_POINT ( 'NONE', #4623 ) ;
#3594 = DIRECTION ( 'NONE',  ( -1.000000000000000000, -0.000000000000000000, -0.000000000000000000 ) ) ;
#3595 = AXIS2_PLACEMENT_3D ( 'NONE', #384, #6377, #2581 ) ;
#3596 = CYLINDRICAL_SURFACE ( 'NONE', #12193, 100.0000000000000000 ) ;
#3597 = DIRECTION ( 'NONE',  ( 0.000000000000000000, -0.04765018403448698092, 0.9988640848291020502 ) ) ;
#3598 = CARTESIAN_POINT ( 'NONE',  ( -4.999999999999165112, 28.50255652900178305, -46.69680048817438234 ) ) ;
#3599 = VECTOR ( 'NONE', #2255, 999.9999999999998863 ) ;
#3600 = LINE ( 'NONE', #7527, #10085 ) ;
#3601 = ORIENTED_EDGE ( 'NONE', *, *, #6102, .F. ) ;
#3602 = CARTESIAN_POINT ( 'NONE',  ( 5.000000000000006217, -138.7852061507327335, -99.99262110727862307 ) ) ;
#3603 = DIRECTION ( 'NONE',  ( 0.000000000000000000, 0.7465554768956805809, -0.6653231695327188611 ) ) ;
#3604 = EDGE_LOOP ( 'NONE', ( #8928, #2582, #986, #3804, #4422, #3661 ) ) ;
#3605 = EDGE_CURVE ( 'NONE', #9604, #9476, #2614, .T. ) ;
#3606 = CARTESIAN_POINT ( 'NONE',  ( 5.000000000000004441, 0.000000000000000000, 0.000000000000000000 ) ) ;
#3607 = ORIENTED_EDGE ( 'NONE', *, *, #2055, .T. ) ;
#3608 = ORIENTED_EDGE ( 'NONE', *, *, #9369, .T. ) ;
#3609 = CARTESIAN_POINT ( 'NONE',  ( 5.000000000000006217, -119.3132105852211708, -122.5733066456633935 ) ) ;
#3610 = ORIENTED_EDGE ( 'NONE', *, *, #1127, .T. ) ;
#3611 = ORIENTED_EDGE ( 'NONE', *, *, #5062, .T. ) ;
#3612 = CIRCLE ( 'NONE', #8759, 100.0000000000000142 ) ;
#3613 = ORIENTED_EDGE ( 'NONE', *, *, #707, .T. ) ;
#3614 = CARTESIAN_POINT ( 'NONE',  ( -4.999999999999993783, -96.21594349147476066, -41.42966428670649748 ) ) ;
#3615 = PLANE ( 'NONE',  #2776 ) ;
#3616 = ORIENTED_EDGE ( 'NONE', *, *, #5539, .F. ) ;
#3617 = LINE ( 'NONE', #2780, #8907 ) ;
#3618 = CIRCLE ( 'NONE', #10202, 140.0000000000000000 ) ;
#3619 = EDGE_LOOP ( 'NONE', ( #2939, #367, #1168, #8969, #12309, #555 ) ) ;
#3620 = DIRECTION ( 'NONE',  ( 0.000000000000000000, -0.6427876096865300370, 0.7660444431189857850 ) ) ;
#3621 = CARTESIAN_POINT ( 'NONE',  ( -4.999999999999993783, 12.61061916935282667, 170.5896538667299183 ) ) ;
#3622 = ORIENTED_EDGE ( 'NONE', *, *, #12588, .F. ) ;
#3623 = ORIENTED_EDGE ( 'NONE', *, *, #6835, .T. ) ;
#3624 = EDGE_CURVE ( 'NONE', #7812, #10405, #6675, .T. ) ;
#3625 = DIRECTION ( 'NONE',  ( -0.000000000000000000, 0.3698622616393634210, 0.9290865984476447403 ) ) ;
#3626 = CARTESIAN_POINT ( 'NONE',  ( 5.000000000000004441, 0.000000000000000000, 0.000000000000000000 ) ) ;
#3627 = LINE ( 'NONE', #12576, #5208 ) ;
#3628 = DIRECTION ( 'NONE',  ( -1.000000000000000000, -0.000000000000000000, -0.000000000000000000 ) ) ;
#3629 = ORIENTED_EDGE ( 'NONE', *, *, #2871, .F. ) ;
#3630 = DIRECTION ( 'NONE',  ( 0.000000000000000000, 0.5000000000000009992, 0.8660254037844380415 ) ) ;
#3631 = CARTESIAN_POINT ( 'NONE',  ( -4.999999999999993783, -137.9341937727409118, -24.32230672642538138 ) ) ;
#3632 = CARTESIAN_POINT ( 'NONE',  ( 14.99999999999997158, 28.41945699475599696, -47.08858103747886048 ) ) ;
#3633 = ORIENTED_EDGE ( 'NONE', *, *, #1862, .F. ) ;
#3634 = ADVANCED_FACE ( 'NONE', ( #2673 ), #10538, .T. ) ;
#3635 = VERTEX_POINT ( 'NONE', #5578 ) ;
#3636 = CARTESIAN_POINT ( 'NONE',  ( -4.999999999999997335, 0.000000000000000000, 60.00000000000000000 ) ) ;
#3637 = VERTEX_POINT ( 'NONE', #9513 ) ;
#3638 = CARTESIAN_POINT ( 'NONE',  ( 5.000000000000006217, -107.2933624945061553, -90.03083239009208683 ) ) ;
#3639 = DIRECTION ( 'NONE',  ( 0.000000000000000000, 0.000000000000000000, 1.000000000000000000 ) ) ;
#3640 = CARTESIAN_POINT ( 'NONE',  ( 5.000000000000006217, 13.92748399611438082, -139.4493146771847307 ) ) ;
#3641 = ORIENTED_EDGE ( 'NONE', *, *, #4372, .F. ) ;
#3642 = CARTESIAN_POINT ( 'NONE',  ( 5.000000000000005329, -78.88985188874613641, -115.6563498860814718 ) ) ;
#3643 = PLANE ( 'NONE',  #4746 ) ;
#3644 = CARTESIAN_POINT ( 'NONE',  ( 5.000000000000006217, -164.6149246967156898, -46.49499208839367270 ) ) ;
#3645 = LINE ( 'NONE', #1714, #11188 ) ;
#3646 = CARTESIAN_POINT ( 'NONE',  ( -5.412516508673554050, 50.54790543320373786, 15.97296144690714748 ) ) ;
#3647 = EDGE_CURVE ( 'NONE', #8831, #3678, #5655, .T. ) ;
#3648 = ORIENTED_EDGE ( 'NONE', *, *, #4680, .F. ) ;
#3649 = DIRECTION ( 'NONE',  ( -0.000000000000000000, 0.000000000000000000, 1.000000000000000000 ) ) ;
#3650 = DIRECTION ( 'NONE',  ( 0.000000000000000000, -0.2968551111398125553, -0.9549225324549471816 ) ) ;
#3651 = DIRECTION ( 'NONE',  ( -0.000000000000000000, 1.000000000000000000, 1.224646799147353207E-16 ) ) ;
#3652 = EDGE_CURVE ( 'NONE', #6238, #9572, #8603, .T. ) ;
#3653 = EDGE_CURVE ( 'NONE', #7331, #6704, #3705, .T. ) ;
#3654 = B_SPLINE_CURVE_WITH_KNOTS ( 'NONE', 3,
 ( #324, #2382, #12104, #2437, #12360, #5482, #512, #7468, #8233, #2500, #3344, #4383, #5349, #3277, #12244, #7212, #4450, #8178, #11145, #2575, #9271, #6257, #9217, #2317, #11403, #11220, #7285, #10191, #6443, #6319, #4255, #1403, #3413, #7342 ),
 .UNSPECIFIED., .F., .F.,
 ( 4, 2, 2, 2, 2, 2, 2, 2, 2, 2, 2, 2, 2, 2, 2, 2, 4 ),
 ( 1.971579220173185474E-07, 0.0007602819818918405336, 0.001520366805861658429, 0.002280451629831476649, 0.003040536453801294652, 0.003800621277771113089, 0.004560706101740930225, 0.005320790925710748229, 0.006080875749680566232, 0.006840960573650383368, 0.007601045397620201372, 0.008361130221590011569, 0.009121215045559821766, 0.009881299869529631963, 0.01064138469349944043, 0.01140146951746925062, 0.01216155434143905908 ),
 .UNSPECIFIED. ) ;
#3655 = DIRECTION ( 'NONE',  ( 0.000000000000000000, -0.9396926207859045421, 0.3420201433256790380 ) ) ;
#3656 = CARTESIAN_POINT ( 'NONE',  ( -5.000000000000004441, 0.000000000000000000, 0.000000000000000000 ) ) ;
#3657 = DIRECTION ( 'NONE',  ( -1.000000000000000000, -0.000000000000000000, -0.000000000000000000 ) ) ;
#3658 = VERTEX_POINT ( 'NONE', #10669 ) ;
#3659 = LINE ( 'NONE', #4446, #5620 ) ;
#3660 = DIRECTION ( 'NONE',  ( 0.000000000000000000, 0.000000000000000000, 1.000000000000000000 ) ) ;
#3661 = ORIENTED_EDGE ( 'NONE', *, *, #580, .T. ) ;
#3662 = CARTESIAN_POINT ( 'NONE',  ( 5.000000000000005329, 134.7756013461978739, 37.88848481756364350 ) ) ;
#3663 = ORIENTED_EDGE ( 'NONE', *, *, #9813, .F. ) ;
#3664 = CARTESIAN_POINT ( 'NONE',  ( 20.00000000000000355, 0.000000000000000000, 49.99999999999996447 ) ) ;
#3665 = ORIENTED_EDGE ( 'NONE', *, *, #2400, .F. ) ;
#3666 = EDGE_LOOP ( 'NONE', ( #2658, #1459, #7267 ) ) ;
#3667 = DIRECTION ( 'NONE',  ( -1.000000000000000000, -0.000000000000000000, -0.000000000000000000 ) ) ;
#3668 = VERTEX_POINT ( 'NONE', #5464 ) ;
#3669 = EDGE_CURVE ( 'NONE', #1229, #7835, #4487, .T. ) ;
#3670 = CARTESIAN_POINT ( 'NONE',  ( 5.000000000000006217, 134.9122840309204321, 37.93101358992105787 ) ) ;
#3671 = DIRECTION ( 'NONE',  ( 0.000000000000000000, 0.000000000000000000, 1.000000000000000000 ) ) ;
#3672 = ORIENTED_EDGE ( 'NONE', *, *, #4660, .F. ) ;
#3673 = DIRECTION ( 'NONE',  ( -1.000000000000000000, -0.000000000000000000, -0.000000000000000000 ) ) ;
#3674 = ORIENTED_EDGE ( 'NONE', *, *, #11290, .T. ) ;
#3675 = CARTESIAN_POINT ( 'NONE',  ( -4.999999999999993783, -51.47089191217059323, 61.24334482836746929 ) ) ;
#3676 = LINE ( 'NONE', #5688, #10760 ) ;
#3677 = VERTEX_POINT ( 'NONE', #6490 ) ;
#3678 = VERTEX_POINT ( 'NONE', #335 ) ;
#3679 = DIRECTION ( 'NONE',  ( -1.000000000000000000, 0.000000000000000000, 0.000000000000000000 ) ) ;
#3680 = DIRECTION ( 'NONE',  ( -1.000000000000000000, -0.000000000000000000, -0.000000000000000000 ) ) ;
#3681 = DIRECTION ( 'NONE',  ( 0.000000000000000000, 0.8660254037844399289, 0.4999999999999979461 ) ) ;
#3682 = CIRCLE ( 'NONE', #5954, 100.0000000000002132 ) ;
#3683 = ADVANCED_FACE ( 'NONE', ( #10730 ), #3104, .T. ) ;
#3684 = FACE_OUTER_BOUND ( 'NONE', #7842, .T. ) ;
#3685 = VERTEX_POINT ( 'NONE', #7039 ) ;
#3686 = DIRECTION ( 'NONE',  ( 0.000000000000000000, -0.9995561643689829801, 0.02979050640668165148 ) ) ;
#3687 = DIRECTION ( 'NONE',  ( -1.000000000000000000, -0.000000000000000000, -0.000000000000000000 ) ) ;
#3688 = VERTEX_POINT ( 'NONE', #6803 ) ;
#3689 = EDGE_LOOP ( 'NONE', ( #3007, #3742, #7464, #2201 ) ) ;
#3690 = CARTESIAN_POINT ( 'NONE',  ( -4.999999999999993783, -40.05413818588553454, 69.25074739081635755 ) ) ;
#3691 = ORIENTED_EDGE ( 'NONE', *, *, #7674, .F. ) ;
#3692 = DIRECTION ( 'NONE',  ( -1.000000000000000000, -0.000000000000000000, -0.000000000000000000 ) ) ;
#3693 = AXIS2_PLACEMENT_3D ( 'NONE', #8304, #6249, #2493 ) ;
#3694 = DIRECTION ( 'NONE',  ( 0.000000000000000000, 0.000000000000000000, 1.000000000000000000 ) ) ;
#3695 = CARTESIAN_POINT ( 'NONE',  ( -4.999999999999993783, -78.77373839018171964, -13.95342753719973317 ) ) ;
#3696 = EDGE_CURVE ( 'NONE', #7989, #7368, #3333, .T. ) ;
#3697 = EDGE_CURVE ( 'NONE', #893, #7245, #4080, .T. ) ;
#3698 = ORIENTED_EDGE ( 'NONE', *, *, #3652, .T. ) ;
#3699 = DIRECTION ( 'NONE',  ( 0.000000000000000000, -0.9754147273220588055, -0.2203771987371510310 ) ) ;
#3700 = DIRECTION ( 'NONE',  ( 0.000000000000000000, 1.000000000000000000, -3.608224830031758756E-15 ) ) ;
#3701 = CARTESIAN_POINT ( 'NONE',  ( -4.999999999999993783, -107.2933624945061553, -90.03083239009208683 ) ) ;
#3702 = VECTOR ( 'NONE', #12238, 1000.000000000000114 ) ;
#3703 = DIRECTION ( 'NONE',  ( -1.000000000000000000, -0.000000000000000000, -0.000000000000000000 ) ) ;
#3704 = CARTESIAN_POINT ( 'NONE',  ( 5.000000000000006217, -21.26817393859590055, 77.12110461681440654 ) ) ;
#3705 = LINE ( 'NONE', #11566, #7660 ) ;
#3706 = EDGE_LOOP ( 'NONE', ( #4607, #6785, #69, #3339, #10042, #12092 ) ) ;
#3707 = CARTESIAN_POINT ( 'NONE',  ( 18.00000000000000355, 1.040949779275250179E-14, -85.00000000000000000 ) ) ;
#3708 = CARTESIAN_POINT ( 'NONE',  ( -4.999999999999993783, -24.35148223580090132, -168.0898717532972171 ) ) ;
#3709 = AXIS2_PLACEMENT_3D ( 'NONE', #6985, #9891, #156 ) ;
#3710 = CARTESIAN_POINT ( 'NONE',  ( -4.999999999999993783, -51.37509422393618053, -61.32372863323259793 ) ) ;
#3711 = TOROIDAL_SURFACE ( 'NONE', #12565, 85.00000000000000000, 5.000000000000001776 ) ;
#3712 = EDGE_CURVE ( 'NONE', #10826, #1450, #6031, .T. ) ;
#3713 = ADVANCED_FACE ( 'NONE', ( #8188 ), #5250, .F. ) ;
#3714 = CARTESIAN_POINT ( 'NONE',  ( -5.417387790474546883, -50.47269556814811153, 16.17285774036105650 ) ) ;
#3715 = DIRECTION ( 'NONE',  ( -1.000000000000000000, -0.000000000000000000, -0.000000000000000000 ) ) ;
#3716 = DIRECTION ( 'NONE',  ( -1.000000000000000000, -0.000000000000000000, -0.000000000000000000 ) ) ;
#3717 = ORIENTED_EDGE ( 'NONE', *, *, #8830, .T. ) ;
#3718 = FACE_OUTER_BOUND ( 'NONE', #12328, .T. ) ;
#3719 = CARTESIAN_POINT ( 'NONE',  ( 5.000000000000006217, -131.6156692209316077, 47.90336138264910204 ) ) ;
#3720 = ORIENTED_EDGE ( 'NONE', *, *, #204, .T. ) ;
#3721 = VECTOR ( 'NONE', #86, 1000.000000000000114 ) ;
#3722 = VERTEX_POINT ( 'NONE', #1904 ) ;
#3723 = PLANE ( 'NONE',  #3150 ) ;
#3724 = CIRCLE ( 'NONE', #9903, 100.0000000000001990 ) ;
#3725 = VERTEX_POINT ( 'NONE', #2148 ) ;
#3726 = EDGE_CURVE ( 'NONE', #7149, #4657, #7050, .T. ) ;
#3727 = ORIENTED_EDGE ( 'NONE', *, *, #6147, .T. ) ;
#3728 = CARTESIAN_POINT ( 'NONE',  ( -5.000000000000004441, 0.000000000000000000, 0.000000000000000000 ) ) ;
#3729 = EDGE_CURVE ( 'NONE', #6936, #4021, #2262, .T. ) ;
#3730 = VERTEX_POINT ( 'NONE', #5850 ) ;
#3731 = VECTOR ( 'NONE', #11758, 1000.000000000000000 ) ;
#3732 = AXIS2_PLACEMENT_3D ( 'NONE', #1206, #5148, #10784 ) ;
#3733 = DIRECTION ( 'NONE',  ( 0.000000000000000000, 0.9848077530122086864, 0.1736481776669273613 ) ) ;
#3734 = AXIS2_PLACEMENT_3D ( 'NONE', #3466, #4697, #8369 ) ;
#3735 = CARTESIAN_POINT ( 'NONE',  ( 5.000000000000006217, -131.6156692209316077, 47.90336138264910204 ) ) ;
#3736 = LINE ( 'NONE', #4008, #6159 ) ;
#3737 = DIRECTION ( 'NONE',  ( -1.000000000000000000, -0.000000000000000000, -0.000000000000000000 ) ) ;
#3738 = ADVANCED_FACE ( 'NONE', ( #1228 ), #7766, .T. ) ;
#3739 = EDGE_LOOP ( 'NONE', ( #12579, #6845, #2608, #2798, #11599, #10099 ) ) ;
#3740 = DIRECTION ( 'NONE',  ( -1.000000000000000000, -0.000000000000000000, -0.000000000000000000 ) ) ;
#3741 = DIRECTION ( 'NONE',  ( 0.000000000000000000, 0.8660254037844399289, 0.4999999999999979461 ) ) ;
#3742 = ORIENTED_EDGE ( 'NONE', *, *, #10452, .F. ) ;
#3743 = AXIS2_PLACEMENT_3D ( 'NONE', #10718, #7809, #5951 ) ;
#3744 = ORIENTED_EDGE ( 'NONE', *, *, #5314, .F. ) ;
#3745 = CIRCLE ( 'NONE', #4358, 140.0000000000000000 ) ;
#3746 = EDGE_CURVE ( 'NONE', #12324, #1161, #1174, .T. ) ;
#3747 = CIRCLE ( 'NONE', #10946, 100.0000000000000000 ) ;
#3748 = VECTOR ( 'NONE', #9197, 1000.000000000000000 ) ;
#3749 = DIRECTION ( 'NONE',  ( 0.000000000000000000, -0.3698622616393665297, -0.9290865984476435191 ) ) ;
#3750 = LINE ( 'NONE', #1752, #4345 ) ;
#3751 = DIRECTION ( 'NONE',  ( 0.000000000000000000, 0.000000000000000000, 1.000000000000000000 ) ) ;
#3752 = AXIS2_PLACEMENT_3D ( 'NONE', #2695, #898, #4844 ) ;
#3753 = AXIS2_PLACEMENT_3D ( 'NONE', #7225, #871, #4265 ) ;
#3754 = VECTOR ( 'NONE', #8161, 1000.000000000000000 ) ;
#3755 = AXIS2_PLACEMENT_3D ( 'NONE', #4877, #4732, #738 ) ;
#3756 = AXIS2_PLACEMENT_3D ( 'NONE', #9186, #6090, #8145 ) ;
#3757 = VECTOR ( 'NONE', #2659, 1000.000000000000000 ) ;
#3758 = DIRECTION ( 'NONE',  ( 0.000000000000000000, 0.8660254037844397068, 0.4999999999999979461 ) ) ;
#3759 = EDGE_LOOP ( 'NONE', ( #4801, #7082, #8398, #2051 ) ) ;
#3760 = CARTESIAN_POINT ( 'NONE',  ( -35.00000000000000000, 0.000000000000000000, 0.000000000000000000 ) ) ;
#3761 = CARTESIAN_POINT ( 'NONE',  ( -4.999999999999997335, -35.26711513754810312, -48.54101966249704958 ) ) ;
#3762 = ORIENTED_EDGE ( 'NONE', *, *, #1743, .T. ) ;
#3763 = EDGE_CURVE ( 'NONE', #3722, #6960, #3133, .T. ) ;
#3764 = CARTESIAN_POINT ( 'NONE',  ( -4.999999999999993783, 24.35148223580200977, 168.0898717532970466 ) ) ;
#3765 = EDGE_LOOP ( 'NONE', ( #7541, #2150, #5928 ) ) ;
#3766 = CIRCLE ( 'NONE', #2115, 140.0000000000000000 ) ;
#3767 = AXIS2_PLACEMENT_3D ( 'NONE', #5360, #7354, #2395 ) ;
#3768 = CARTESIAN_POINT ( 'NONE',  ( 5.000000000000006217, -105.1339381126578445, -133.3943579393231573 ) ) ;
#3769 = VECTOR ( 'NONE', #5369, 1000.000000000000114 ) ;
#3770 = ADVANCED_FACE ( 'NONE', ( #9780 ), #11698, .F. ) ;
#3771 = AXIS2_PLACEMENT_3D ( 'NONE', #10373, #2569, #507 ) ;
#3772 = CARTESIAN_POINT ( 'NONE',  ( -5.000000000000004441, -127.5983490698003067, 57.60782338069543584 ) ) ;
#3773 = DIRECTION ( 'NONE',  ( 0.000000000000000000, 0.000000000000000000, 1.000000000000000000 ) ) ;
#3774 = ORIENTED_EDGE ( 'NONE', *, *, #7825, .F. ) ;
#3775 = PLANE ( 'NONE',  #2996 ) ;
#3776 = CIRCLE ( 'NONE', #2743, 100.0000000000000142 ) ;
#3777 = DIRECTION ( 'NONE',  ( 0.000000000000000000, 0.9988640848291020502, 0.04765018403448698092 ) ) ;
#3778 = CIRCLE ( 'NONE', #6665, 6.999999999999999112 ) ;
#3779 = CARTESIAN_POINT ( 'NONE',  ( -4.999999999999993783, -105.1339381126578445, -133.3943579393231573 ) ) ;
#3780 = DIRECTION ( 'NONE',  ( 0.000000000000000000, -0.9848077530122062440, 0.1736481776669404620 ) ) ;
#3781 = CARTESIAN_POINT ( 'NONE',  ( 14.99999999999997158, 6.735557395310441826E-15, -54.99999999999999289 ) ) ;
#3782 = VECTOR ( 'NONE', #3860, 1000.000000000000114 ) ;
#3783 = DIRECTION ( 'NONE',  ( -0.000000000000000000, 0.2203771987371510310, -0.9754147273220588055 ) ) ;
#3784 = ADVANCED_FACE ( 'NONE', ( #6081 ), #6195, .F. ) ;
#3785 = ORIENTED_EDGE ( 'NONE', *, *, #10802, .F. ) ;
#3786 = DIRECTION ( 'NONE',  ( 0.000000000000000000, -0.3420201433256757628, -0.9396926207859058744 ) ) ;
#3787 = DIRECTION ( 'NONE',  ( 0.000000000000000000, 0.7660444431189749048, -0.6427876096865430267 ) ) ;
#3788 = EDGE_CURVE ( 'NONE', #10029, #1738, #2321, .T. ) ;
#3789 = CIRCLE ( 'NONE', #10165, 140.0000000000000000 ) ;
#3790 = VECTOR ( 'NONE', #6766, 1000.000000000000000 ) ;
#3791 = AXIS2_PLACEMENT_3D ( 'NONE', #4156, #10083, #1241 ) ;
#3792 = FACE_OUTER_BOUND ( 'NONE', #4972, .T. ) ;
#3793 = DIRECTION ( 'NONE',  ( -1.000000000000000000, -0.000000000000000000, -0.000000000000000000 ) ) ;
#3794 = DIRECTION ( 'NONE',  ( -1.000000000000000000, -0.000000000000000000, -0.000000000000000000 ) ) ;
#3795 = CARTESIAN_POINT ( 'NONE',  ( -4.999999999999993783, 169.7647994192102772, 5.206971411072930600 ) ) ;
#3796 = ORIENTED_EDGE ( 'NONE', *, *, #991, .F. ) ;
#3797 = DIRECTION ( 'NONE',  ( 0.000000000000000000, 0.000000000000000000, -1.000000000000000000 ) ) ;
#3798 = AXIS2_PLACEMENT_3D ( 'NONE', #760, #4695, #8619 ) ;
#3799 = DIRECTION ( 'NONE',  ( -1.000000000000000000, -0.000000000000000000, -0.000000000000000000 ) ) ;
#3800 = EDGE_LOOP ( 'NONE', ( #565, #9394, #10875, #6765, #973 ) ) ;
#3801 = ORIENTED_EDGE ( 'NONE', *, *, #10211, .F. ) ;
#3802 = CARTESIAN_POINT ( 'NONE',  ( 5.000000000000006217, 161.3076183917395383, -53.17002841738339214 ) ) ;
#3803 = VECTOR ( 'NONE', #2536, 1000.000000000000000 ) ;
#3804 = ORIENTED_EDGE ( 'NONE', *, *, #9097, .F. ) ;
#3805 = VERTEX_POINT ( 'NONE', #9040 ) ;
#3806 = CARTESIAN_POINT ( 'NONE',  ( 5.000000000000004441, 86.75540520523131249, -109.8794779186547146 ) ) ;
#3807 = EDGE_CURVE ( 'NONE', #10339, #4876, #202, .T. ) ;
#3808 = VERTEX_POINT ( 'NONE', #2205 ) ;
#3809 = VECTOR ( 'NONE', #180, 1000.000000000000227 ) ;
#3810 = LINE ( 'NONE', #635, #12210 ) ;
#3811 = CARTESIAN_POINT ( 'NONE',  ( 5.000000000000006217, 164.6149246967153488, 46.49499208839476694 ) ) ;
#3812 = ORIENTED_EDGE ( 'NONE', *, *, #12721, .F. ) ;
#3813 = ORIENTED_EDGE ( 'NONE', *, *, #5324, .F. ) ;
#3814 = CARTESIAN_POINT ( 'NONE',  ( -4.999999999999774403, -36.00180665649904199, -41.57968154601502420 ) ) ;
#3815 = ORIENTED_EDGE ( 'NONE', *, *, #12634, .F. ) ;
#3816 = DIRECTION ( 'NONE',  ( 1.000000000000000000, 0.000000000000000000, 0.000000000000000000 ) ) ;
#3817 = CARTESIAN_POINT ( 'NONE',  ( 59.79898987322338400, -35.26711513754810312, -41.54101966249704958 ) ) ;
#3818 = VECTOR ( 'NONE', #8303, 1000.000000000000000 ) ;
#3819 = VERTEX_POINT ( 'NONE', #10071 ) ;
#3820 = EDGE_CURVE ( 'NONE', #7007, #3730, #4210, .T. ) ;
#3821 = ORIENTED_EDGE ( 'NONE', *, *, #1250, .T. ) ;
#3822 = EDGE_CURVE ( 'NONE', #9445, #2907, #1479, .T. ) ;
#3823 = EDGE_CURVE ( 'NONE', #630, #2807, #10448, .T. ) ;
#3824 = DIRECTION ( 'NONE',  ( -0.000000000000000000, 1.000000000000000000, 1.224646799147353207E-16 ) ) ;
#3825 = EDGE_CURVE ( 'NONE', #1537, #12363, #4321, .T. ) ;
#3826 = FACE_OUTER_BOUND ( 'NONE', #3706, .T. ) ;
#3827 = DIRECTION ( 'NONE',  ( -1.000000000000000000, 0.000000000000000000, 0.000000000000000000 ) ) ;
#3828 = CIRCLE ( 'NONE', #4866, 100.0000000000001847 ) ;
#3829 = EDGE_CURVE ( 'NONE', #5679, #12431, #7259, .T. ) ;
#3830 = ADVANCED_FACE ( 'NONE', ( #4515 ), #12188, .T. ) ;
#3831 = CARTESIAN_POINT ( 'NONE',  ( 5.000000000000006217, -141.4296642867061848, 96.21594349147515857 ) ) ;
#3832 = EDGE_LOOP ( 'NONE', ( #5192, #8775 ) ) ;
#3833 = PLANE ( 'NONE',  #2275 ) ;
#3834 = CARTESIAN_POINT ( 'NONE',  ( -4.999999999999993783, 122.5733066456637772, -119.3132105852207872 ) ) ;
#3835 = EDGE_LOOP ( 'NONE', ( #6746, #3167, #10460 ) ) ;
#3836 = CARTESIAN_POINT ( 'NONE',  ( 5.000000000000006217, -70.03176487497644587, 121.2970252097155566 ) ) ;
#3837 = AXIS2_PLACEMENT_3D ( 'NONE', #6469, #6669, #8585 ) ;
#3838 = CARTESIAN_POINT ( 'NONE',  ( -4.999999999999992895, 137.8730854217091348, -24.31074487337028955 ) ) ;
#3839 = DIRECTION ( 'NONE',  ( 0.000000000000000000, 0.000000000000000000, 1.000000000000000000 ) ) ;
#3840 = LINE ( 'NONE', #4074, #1729 ) ;
#3841 = ADVANCED_FACE ( 'NONE', ( #525 ), #7298, .F. ) ;
#3842 = CARTESIAN_POINT ( 'NONE',  ( 5.000000000000006217, -161.3076183917391688, 53.17002841738447927 ) ) ;
#3843 = FACE_OUTER_BOUND ( 'NONE', #590, .T. ) ;
#3844 = CARTESIAN_POINT ( 'NONE',  ( 5.000000000000006217, 24.32078057235056789, 137.9344628748810351 ) ) ;
#3845 = DIRECTION ( 'NONE',  ( -1.000000000000000000, -0.000000000000000000, -0.000000000000000000 ) ) ;
#3846 = DIRECTION ( 'NONE',  ( -1.000000000000000000, -0.000000000000000000, -0.000000000000000000 ) ) ;
#3847 = DIRECTION ( 'NONE',  ( -1.000000000000000000, 0.000000000000000000, -0.000000000000000000 ) ) ;
#3848 = ORIENTED_EDGE ( 'NONE', *, *, #4129, .F. ) ;
#3849 = ORIENTED_EDGE ( 'NONE', *, *, #1839, .F. ) ;
#3850 = DIRECTION ( 'NONE',  ( 0.000000000000000000, -0.4999999999999888423, 0.8660254037844449249 ) ) ;
#3851 = DIRECTION ( 'NONE',  ( -1.000000000000000000, -0.000000000000000000, 0.000000000000000000 ) ) ;
#3852 = FACE_OUTER_BOUND ( 'NONE', #1735, .T. ) ;
#3853 = EDGE_CURVE ( 'NONE', #6317, #1848, #3347, .T. ) ;
#3854 = LINE ( 'NONE', #10481, #1333 ) ;
#3855 = EDGE_CURVE ( 'NONE', #2845, #4635, #643, .T. ) ;
#3856 = FACE_OUTER_BOUND ( 'NONE', #11663, .T. ) ;
#3857 = ADVANCED_FACE ( 'NONE', ( #11417 ), #3481, .F. ) ;
#3858 = LINE ( 'NONE', #7775, #9115 ) ;
#3859 = EDGE_LOOP ( 'NONE', ( #9416, #6051, #5641 ) ) ;
#3860 = DIRECTION ( 'NONE',  ( 0.000000000000000000, 0.9494645049895549249, 0.3138744235597087373 ) ) ;
#3861 = LINE ( 'NONE', #2177, #4006 ) ;
#3862 = VERTEX_POINT ( 'NONE', #9285 ) ;
#3863 = ORIENTED_EDGE ( 'NONE', *, *, #12302, .F. ) ;
#3864 = PLANE ( 'NONE',  #2034 ) ;
#3865 = ORIENTED_EDGE ( 'NONE', *, *, #2704, .F. ) ;
#3866 = ORIENTED_EDGE ( 'NONE', *, *, #4762, .T. ) ;
#3867 = CARTESIAN_POINT ( 'NONE',  ( 4.999999999999999112, 21.26817393859643701, -77.12110461681426443 ) ) ;
#3868 = ORIENTED_EDGE ( 'NONE', *, *, #6634, .T. ) ;
#3869 = EDGE_CURVE ( 'NONE', #118, #8562, #8518, .T. ) ;
#3870 = CARTESIAN_POINT ( 'NONE',  ( 5.000000000000006217, 90.02964525296327736, 107.2943586208331226 ) ) ;
#3871 = CARTESIAN_POINT ( 'NONE',  ( 5.000000000000006217, 127.7303910488294889, -57.66310238715580994 ) ) ;
#3872 = VERTEX_POINT ( 'NONE', #11162 ) ;
#3873 = EDGE_CURVE ( 'NONE', #12134, #6123, #1086, .T. ) ;
#3874 = VERTEX_POINT ( 'NONE', #1484 ) ;
#3875 = CARTESIAN_POINT ( 'NONE',  ( 5.000000000000004441, -119.1044088709347193, 73.58083845339906759 ) ) ;
#3876 = ORIENTED_EDGE ( 'NONE', *, *, #4258, .F. ) ;
#3877 = DIRECTION ( 'NONE',  ( 1.000000000000000000, 0.000000000000000000, 0.000000000000000000 ) ) ;
#3878 = ORIENTED_EDGE ( 'NONE', *, *, #1810, .T. ) ;
#3879 = CARTESIAN_POINT ( 'NONE',  ( 5.000000000000006217, 47.90481762191890169, -131.6151391931834382 ) ) ;
#3880 = EDGE_LOOP ( 'NONE', ( #5649, #7689, #5639 ) ) ;
#3881 = VERTEX_POINT ( 'NONE', #5432 ) ;
#3882 = CARTESIAN_POINT ( 'NONE',  ( 5.000000000000006217, -65.86485695397701079, 45.40727495052029639 ) ) ;
#3883 = DIRECTION ( 'NONE',  ( 0.000000000000000000, 0.000000000000000000, 1.000000000000000000 ) ) ;
#3884 = PLANE ( 'NONE',  #7886 ) ;
#3885 = EDGE_CURVE ( 'NONE', #1297, #8709, #7062, .T. ) ;
#3886 = CYLINDRICAL_SURFACE ( 'NONE', #6619, 100.0000000000001847 ) ;
#3887 = ORIENTED_EDGE ( 'NONE', *, *, #4510, .F. ) ;
#3888 = CARTESIAN_POINT ( 'NONE',  ( 40.00000000000000711, 0.000000000000000000, 74.99999999999997158 ) ) ;
#3889 = LINE ( 'NONE', #7111, #3095 ) ;
#3890 = CALENDAR_DATE ( 2026, 23, 9 ) ;
#3891 = EDGE_LOOP ( 'NONE', ( #2248, #4851, #1186 ) ) ;
#3892 = CARTESIAN_POINT ( 'NONE',  ( 4.999999999999999112, -27.30284647801090614, -75.19677236556661626 ) ) ;
#3893 = EDGE_CURVE ( 'NONE', #12679, #6134, #12373, .T. ) ;
#3894 = CARTESIAN_POINT ( 'NONE',  ( 4.999999999999997335, -57.06339097770928248, 11.54101966249669786 ) ) ;
#3895 = EDGE_CURVE ( 'NONE', #6260, #12432, #9784, .T. ) ;
#3896 = EDGE_LOOP ( 'NONE', ( #1628, #11263, #506 ) ) ;
#3897 = CIRCLE ( 'NONE', #5538, 100.0000000000000000 ) ;
#3898 = DIRECTION ( 'NONE',  ( -0.000000000000000000, 0.9988640848291016061, 0.04765018403449685497 ) ) ;
#3899 = CARTESIAN_POINT ( 'NONE',  ( -5.000000000000004441, 0.000000000000000000, 0.000000000000000000 ) ) ;
#3900 = DIRECTION ( 'NONE',  ( 1.000000000000000000, 0.000000000000000000, 0.000000000000000000 ) ) ;
#3901 = DIRECTION ( 'NONE',  ( -1.000000000000000000, -0.000000000000000000, -0.000000000000000000 ) ) ;
#3902 = DIRECTION ( 'NONE',  ( -1.000000000000000000, -0.000000000000000000, -0.000000000000000000 ) ) ;
#3903 = DIRECTION ( 'NONE',  ( 0.000000000000000000, 0.000000000000000000, 1.000000000000000000 ) ) ;
#3904 = EDGE_CURVE ( 'NONE', #1263, #7586, #6460, .T. ) ;
#3905 = ORIENTED_EDGE ( 'NONE', *, *, #1657, .T. ) ;
#3906 = VECTOR ( 'NONE', #560, 1000.000000000000114 ) ;
#3907 = ORIENTED_EDGE ( 'NONE', *, *, #4270, .F. ) ;
#3908 = DIRECTION ( 'NONE',  ( 0.000000000000000000, 0.9223278869090069110, 0.3864081637724107732 ) ) ;
#3909 = DIRECTION ( 'NONE',  ( 0.000000000000000000, 0.000000000000000000, -1.000000000000000000 ) ) ;
#3910 = EDGE_CURVE ( 'NONE', #854, #10386, #10341, .T. ) ;
#3911 = DIRECTION ( 'NONE',  ( -1.000000000000000000, 0.000000000000000000, 0.000000000000000000 ) ) ;
#3912 = AXIS2_PLACEMENT_3D ( 'NONE', #11010, #4170, #2954 ) ;
#3913 = CARTESIAN_POINT ( 'NONE',  ( 18.07287158855256948, 34.35195906071338356, -41.59765510973178237 ) ) ;
#3914 = CARTESIAN_POINT ( 'NONE',  ( -5.249002629796965635, -29.50308888535809615, -44.54939127262556298 ) ) ;
#3915 = DIRECTION ( 'NONE',  ( 0.000000000000000000, 0.000000000000000000, 1.000000000000000000 ) ) ;
#3916 = VERTEX_POINT ( 'NONE', #1948 ) ;
#3917 = DIRECTION ( 'NONE',  ( -1.000000000000000000, -0.000000000000000000, -0.000000000000000000 ) ) ;
#3918 = LINE ( 'NONE', #3995, #919 ) ;
#3919 = ORIENTED_EDGE ( 'NONE', *, *, #7787, .T. ) ;
#3920 = EDGE_LOOP ( 'NONE', ( #5074, #5902, #10894, #12392, #11546, #3076 ) ) ;
#3921 = CARTESIAN_POINT ( 'NONE',  ( 16.61363878918087522, 50.52659433672726408, 21.04612328863461812 ) ) ;
#3922 = ORIENTED_EDGE ( 'NONE', *, *, #6515, .F. ) ;
#3923 = FACE_OUTER_BOUND ( 'NONE', #2010, .T. ) ;
#3924 = VECTOR ( 'NONE', #5768, 1000.000000000000227 ) ;
#3925 = AXIS2_PLACEMENT_3D ( 'NONE', #87, #10907, #8920 ) ;
#3926 = EDGE_CURVE ( 'NONE', #3034, #6180, #3676, .T. ) ;
#3927 = VERTEX_POINT ( 'NONE', #2784 ) ;
#3928 = CARTESIAN_POINT ( 'NONE',  ( 5.000000000000006217, -78.79545396313065453, 13.83027240313179185 ) ) ;
#3929 = AXIS2_PLACEMENT_3D ( 'NONE', #10013, #2012, #11928 ) ;
#3930 = ORIENTED_EDGE ( 'NONE', *, *, #4059, .F. ) ;
#3931 = ORIENTED_EDGE ( 'NONE', *, *, #7557, .T. ) ;
#3932 = CARTESIAN_POINT ( 'NONE',  ( 5.000000000000006217, 161.3076183917395383, -53.17002841738339214 ) ) ;
#3933 = VECTOR ( 'NONE', #334, 1000.000000000000000 ) ;
#3934 = ORIENTED_EDGE ( 'NONE', *, *, #3352, .T. ) ;
#3935 = LINE ( 'NONE', #4067, #11967 ) ;
#3936 = ORIENTED_EDGE ( 'NONE', *, *, #8078, .F. ) ;
#3937 = CARTESIAN_POINT ( 'NONE',  ( 40.00000000000000711, 8.572527594031474176E-16, 53.00000000000000000 ) ) ;
#3938 = ORIENTED_EDGE ( 'NONE', *, *, #2232, .F. ) ;
#3939 = VERTEX_POINT ( 'NONE', #1747 ) ;
#3940 = ADVANCED_FACE ( 'NONE', ( #5885 ), #6842, .F. ) ;
#3941 = AXIS2_PLACEMENT_3D ( 'NONE', #7379, #9440, #11258 ) ;
#3942 = CARTESIAN_POINT ( 'NONE',  ( 5.000000000000006217, -119.3132105852211708, -122.5733066456633935 ) ) ;
#3943 = CIRCLE ( 'NONE', #2083, 100.0000000000002132 ) ;
#3944 = ADVANCED_FACE ( 'NONE', ( #12765 ), #2644, .F. ) ;
#3945 = AXIS2_PLACEMENT_3D ( 'NONE', #3275, #12242, #7097 ) ;
#3946 = DIRECTION ( 'NONE',  ( 0.000000000000000000, 0.000000000000000000, 1.000000000000000000 ) ) ;
#3947 = DIRECTION ( 'NONE',  ( 1.000000000000000000, 0.000000000000000000, 0.000000000000000000 ) ) ;
#3948 = DIRECTION ( 'NONE',  ( 0.000000000000000000, 0.9754147273220610259, 0.2203771987371407892 ) ) ;
#3949 = AXIS2_PLACEMENT_3D ( 'NONE', #9291, #6083, #8136 ) ;
#3950 = AXIS2_PLACEMENT_3D ( 'NONE', #8845, #11740, #2914 ) ;
#3951 = ORIENTED_EDGE ( 'NONE', *, *, #10758, .T. ) ;
#3952 = CARTESIAN_POINT ( 'NONE',  ( -4.999999999999993783, 131.6151391931839214, 47.90481762191758719 ) ) ;
#3953 = AXIS2_PLACEMENT_3D ( 'NONE', #10106, #922, #12713 ) ;
#3954 = CARTESIAN_POINT ( 'NONE',  ( 5.000000000000006217, -53.17002841738392505, -161.3076183917393394 ) ) ;
#3955 = VECTOR ( 'NONE', #1383, 1000.000000000000000 ) ;
#3956 = ORIENTED_EDGE ( 'NONE', *, *, #4060, .F. ) ;
#3957 = CARTESIAN_POINT ( 'NONE',  ( -4.999999999999993783, -165.8082026736149714, 42.04161805105262317 ) ) ;
#3958 = DIRECTION ( 'NONE',  ( 0.000000000000000000, 0.000000000000000000, 1.000000000000000000 ) ) ;
#3959 = ADVANCED_FACE ( 'NONE', ( #7796 ), #10506, .F. ) ;
#3960 = ORIENTED_EDGE ( 'NONE', *, *, #11133, .T. ) ;
#3961 = AXIS2_PLACEMENT_3D ( 'NONE', #11851, #10943, #7086 ) ;
#3962 = CIRCLE ( 'NONE', #8672, 140.0000000000000000 ) ;
#3963 = CIRCLE ( 'NONE', #10541, 100.0000000000002274 ) ;
#3964 = CARTESIAN_POINT ( 'NONE',  ( 18.86338393524462731, -51.01657272159177836, 15.00231931711040190 ) ) ;
#3965 = VECTOR ( 'NONE', #8633, 1000.000000000000000 ) ;
#3966 = CARTESIAN_POINT ( 'NONE',  ( -4.999999999999993783, -13.95342753719890716, 78.77373839018187596 ) ) ;
#3967 = FACE_BOUND ( 'NONE', #11899, .T. ) ;
#3968 = EDGE_CURVE ( 'NONE', #4941, #3668, #717, .T. ) ;
#3969 = PLANE ( 'NONE',  #6592 ) ;
#3970 = DIRECTION ( 'NONE',  ( 0.000000000000000000, -0.7660444431189835646, -0.6427876096865327016 ) ) ;
#3971 = FACE_OUTER_BOUND ( 'NONE', #10254, .T. ) ;
#3972 = AXIS2_PLACEMENT_3D ( 'NONE', #2283, #2412, #10162 ) ;
#3973 = VECTOR ( 'NONE', #1805, 1000.000000000000114 ) ;
#3974 = ORIENTED_EDGE ( 'NONE', *, *, #11450, .T. ) ;
#3975 = AXIS2_PLACEMENT_3D ( 'NONE', #7632, #1900, #4881 ) ;
#3976 = AXIS2_PLACEMENT_3D ( 'NONE', #9680, #10513, #2717 ) ;
#3977 = ORIENTED_EDGE ( 'NONE', *, *, #4600, .F. ) ;
#3978 = CARTESIAN_POINT ( 'NONE',  ( 20.00000000000000355, 0.000000000000000000, 0.000000000000000000 ) ) ;
#3979 = DIRECTION ( 'NONE',  ( -1.000000000000000000, 0.000000000000000000, 0.000000000000000000 ) ) ;
#3980 = EDGE_CURVE ( 'NONE', #2182, #6271, #971, .T. ) ;
#3981 = EDGE_CURVE ( 'NONE', #9611, #708, #2843, .T. ) ;
#3982 = CARTESIAN_POINT ( 'NONE',  ( -4.999999999999993783, 155.9887531452615690, -70.19520364235592069 ) ) ;
#3983 = EDGE_CURVE ( 'NONE', #9052, #4338, #12397, .T. ) ;
#3984 = VECTOR ( 'NONE', #2857, 1000.000000000000114 ) ;
#3985 = AXIS2_PLACEMENT_3D ( 'NONE', #821, #8690, #12433 ) ;
#3986 = AXIS2_PLACEMENT_3D ( 'NONE', #11868, #7104, #11036 ) ;
#3987 = AXIS2_PLACEMENT_3D ( 'NONE', #10536, #8409, #4683 ) ;
#3988 = CARTESIAN_POINT ( 'NONE',  ( 18.03748519982548615, 28.92463998149015225, -45.57125898298863831 ) ) ;
#3989 = EDGE_CURVE ( 'NONE', #1210, #72, #6430, .T. ) ;
#3990 = EDGE_CURVE ( 'NONE', #12494, #12569, #9554, .T. ) ;
#3991 = CARTESIAN_POINT ( 'NONE',  ( -5.095550742819966672, -34.47230034156271472, -41.57488693505609945 ) ) ;
#3992 = DIRECTION ( 'NONE',  ( 0.000000000000000000, -0.1736481776669374644, -0.9848077530122067991 ) ) ;
#3993 = ORIENTED_EDGE ( 'NONE', *, *, #2968, .F. ) ;
#3994 = LINE ( 'NONE', #10934, #3359 ) ;
#3995 = CARTESIAN_POINT ( 'NONE',  ( -4.999999999999993783, -24.32230672642489822, 137.9341937727410254 ) ) ;
#3996 = ORIENTED_EDGE ( 'NONE', *, *, #1598, .F. ) ;
#3997 = ORIENTED_EDGE ( 'NONE', *, *, #8001, .F. ) ;
#3998 = CARTESIAN_POINT ( 'NONE',  ( -5.000000000000004441, 0.000000000000000000, 0.000000000000000000 ) ) ;
#3999 = AXIS2_PLACEMENT_3D ( 'NONE', #621, #2627, #7530 ) ;
#4000 = VERTEX_POINT ( 'NONE', #12505 ) ;
#4001 = CARTESIAN_POINT ( 'NONE',  ( -4.999999999999993783, 121.2978000584466969, -70.03042279760595079 ) ) ;
#4002 = AXIS2_PLACEMENT_3D ( 'NONE', #711, #574, #7666 ) ;
#4003 = AXIS2_PLACEMENT_3D ( 'NONE', #10729, #10668, #9703 ) ;
#4004 = ORIENTED_EDGE ( 'NONE', *, *, #8787, .T. ) ;
#4005 = DIRECTION ( 'NONE',  ( 0.000000000000000000, 0.4999999999999949485, -0.8660254037844415942 ) ) ;
#4006 = VECTOR ( 'NONE', #8877, 1000.000000000000114 ) ;
#4007 = EDGE_CURVE ( 'NONE', #630, #7024, #6653, .T. ) ;
#4008 = CARTESIAN_POINT ( 'NONE',  ( 5.000000000000006217, -127.7303910488290768, 57.66310238715666969 ) ) ;
#4009 = ORIENTED_EDGE ( 'NONE', *, *, #10562, .F. ) ;
#4010 = DIRECTION ( 'NONE',  ( -1.000000000000000000, -0.000000000000000000, -0.000000000000000000 ) ) ;
#4011 = ORIENTED_EDGE ( 'NONE', *, *, #604, .F. ) ;
#4012 = CARTESIAN_POINT ( 'NONE',  ( -5.000000000000004441, 97.77485216734963558, 100.2001910360101817 ) ) ;
#4013 = EDGE_LOOP ( 'NONE', ( #8373, #11968, #6674, #11419, #2615, #2258 ) ) ;
#4014 = CARTESIAN_POINT ( 'NONE',  ( 5.000000000000004441, 0.000000000000000000, 0.000000000000000000 ) ) ;
#4015 = ORIENTED_EDGE ( 'NONE', *, *, #8378, .F. ) ;
#4016 = ORIENTED_EDGE ( 'NONE', *, *, #10237, .T. ) ;
#4017 = CIRCLE ( 'NONE', #4220, 140.0000000000000000 ) ;
#4018 = CARTESIAN_POINT ( 'NONE',  ( 5.000000000000006217, 0.06252750026147432805, -79.99997556444867541 ) ) ;
#4019 = DIRECTION ( 'NONE',  ( 1.000000000000000000, 0.000000000000000000, 0.000000000000000000 ) ) ;
#4020 = EDGE_CURVE ( 'NONE', #10241, #7845, #9944, .T. ) ;
#4021 = VERTEX_POINT ( 'NONE', #4780 ) ;
#4022 = CARTESIAN_POINT ( 'NONE',  ( -30.00000000000000000, 0.000000000000000000, 0.000000000000000000 ) ) ;
#4023 = CIRCLE ( 'NONE', #1966, 55.00000000000002842 ) ;
#4024 = VERTEX_POINT ( 'NONE', #4712 ) ;
#4025 = DIRECTION ( 'NONE',  ( -1.000000000000000000, -0.000000000000000000, -0.000000000000000000 ) ) ;
#4026 = CARTESIAN_POINT ( 'NONE',  ( 5.000000000000006217, 24.32230672642583258, -137.9341937727408549 ) ) ;
#4027 = ADVANCED_FACE ( 'NONE', ( #7677 ), #11611, .T. ) ;
#4028 = ORIENTED_EDGE ( 'NONE', *, *, #8012, .F. ) ;
#4029 = CARTESIAN_POINT ( 'NONE',  ( -4.999999999999993783, -90.02964525296256681, -107.2943586208337052 ) ) ;
#4030 = CARTESIAN_POINT ( 'NONE',  ( 5.000000000000006217, 17.20354699452819602, -170.1878247496342738 ) ) ;
#4031 = ORIENTED_EDGE ( 'NONE', *, *, #12499, .T. ) ;
#4032 = AXIS2_PLACEMENT_3D ( 'NONE', #9249, #6350, #12337 ) ;
#4033 = CARTESIAN_POINT ( 'NONE',  ( 18.62543074948971977, -50.06021510537659225, 18.72576578398923175 ) ) ;
#4034 = LINE ( 'NONE', #2085, #2584 ) ;
#4035 = CARTESIAN_POINT ( 'NONE',  ( 5.000000000000004441, 0.000000000000000000, 0.000000000000000000 ) ) ;
#4036 = DIRECTION ( 'NONE',  ( 0.000000000000000000, 0.000000000000000000, 1.000000000000000000 ) ) ;
#4037 = CARTESIAN_POINT ( 'NONE',  ( -4.999999999999993783, 13.83027240313206896, 78.79545396313061190 ) ) ;
#4038 = EDGE_CURVE ( 'NONE', #2690, #6579, #8717, .T. ) ;
#4039 = CARTESIAN_POINT ( 'NONE',  ( 5.000000000000006217, -96.21594349147476066, -141.4296642867064975 ) ) ;
#4040 = AXIS2_PLACEMENT_3D ( 'NONE', #5695, #4527, #9622 ) ;
#4041 = ORIENTED_EDGE ( 'NONE', *, *, #11795, .T. ) ;
#4042 = ORIENTED_EDGE ( 'NONE', *, *, #1291, .F. ) ;
#4043 = DIRECTION ( 'NONE',  ( -1.000000000000000000, -0.000000000000000000, -0.000000000000000000 ) ) ;
#4044 = FACE_OUTER_BOUND ( 'NONE', #5734, .T. ) ;
#4045 = CARTESIAN_POINT ( 'NONE',  ( -4.999999999999993783, -70.03042279760637712, -121.2978000584464837 ) ) ;
#4046 = CARTESIAN_POINT ( 'NONE',  ( 59.79898987322338400, 57.06339097770900537, 18.54101966249749367 ) ) ;
#4047 = ADVANCED_FACE ( 'NONE', ( #10701 ), #1871, .F. ) ;
#4048 = CARTESIAN_POINT ( 'NONE',  ( -40.00000000000000000, 35.26711513754881366, -55.54101966249653088 ) ) ;
#4049 = PLANE ( 'NONE',  #11987 ) ;
#4051 = VERTEX_POINT ( 'NONE', #7930 ) ;
#4050 = EDGE_CURVE ( 'NONE', #10029, #12679, #12709, .T. ) ;
#4052 = LINE ( 'NONE', #11845, #482 ) ;
#4053 = CARTESIAN_POINT ( 'NONE',  ( -4.999999999999993783, -165.8082026736149714, 42.04161805105262317 ) ) ;
#4054 = EDGE_LOOP ( 'NONE', ( #8986, #8864, #10434 ) ) ;
#4055 = EDGE_LOOP ( 'NONE', ( #11017, #5656, #6733, #5143 ) ) ;
#4056 = CARTESIAN_POINT ( 'NONE',  ( 15.60636991987850841, 50.65407709912068412, 21.35638716966433392 ) ) ;
#4057 = ORIENTED_EDGE ( 'NONE', *, *, #7125, .F. ) ;
#4058 = CARTESIAN_POINT ( 'NONE',  ( 18.00000000000004263, 9.797174393178826052E-15, -80.00000000000000000 ) ) ;
#4059 = EDGE_CURVE ( 'NONE', #8535, #8432, #8913, .T. ) ;
#4060 = EDGE_CURVE ( 'NONE', #7743, #5491, #8974, .T. ) ;
#4061 = VERTEX_POINT ( 'NONE', #3937 ) ;
#4062 = CARTESIAN_POINT ( 'NONE',  ( 5.000000000000006217, -70.19520364235647492, -155.9887531452612848 ) ) ;
#4063 = DIRECTION ( 'NONE',  ( -1.000000000000000000, -0.000000000000000000, -0.000000000000000000 ) ) ;
#4064 = VERTEX_POINT ( 'NONE', #5045 ) ;
#4065 = CARTESIAN_POINT ( 'NONE',  ( -4.999999999999993783, 74.37371037525558393, -154.0402834560582050 ) ) ;
#4066 = ORIENTED_EDGE ( 'NONE', *, *, #9811, .T. ) ;
#4067 = CARTESIAN_POINT ( 'NONE',  ( 5.000000000000006217, -90.03083239009171734, 107.2933624945064821 ) ) ;
#4068 = ORIENTED_EDGE ( 'NONE', *, *, #11867, .F. ) ;
#4069 = DIRECTION ( 'NONE',  ( 0.000000000000000000, 0.000000000000000000, 1.000000000000000000 ) ) ;
#4070 = VERTEX_POINT ( 'NONE', #10892 ) ;
#4071 = VERTEX_POINT ( 'NONE', #7859 ) ;
#4072 = EDGE_CURVE ( 'NONE', #6909, #2886, #4971, .T. ) ;
#4073 = DIRECTION ( 'NONE',  ( -1.000000000000000000, -0.000000000000000000, -0.000000000000000000 ) ) ;
#4074 = CARTESIAN_POINT ( 'NONE',  ( 5.000000000000006217, 107.2943586208340463, -90.02964525296222575 ) ) ;
#4075 = ORIENTED_EDGE ( 'NONE', *, *, #12593, .T. ) ;
#4076 = CARTESIAN_POINT ( 'NONE',  ( -4.999999999999992895, 121.2435565298223565, 69.99999999999845102 ) ) ;
#4077 = ORIENTED_EDGE ( 'NONE', *, *, #2635, .T. ) ;
#4078 = CARTESIAN_POINT ( 'NONE',  ( -4.999999999999677591, 4.686149805544020275, 54.79999999999945715 ) ) ;
#4079 = DIRECTION ( 'NONE',  ( -1.000000000000000000, -0.000000000000000000, -0.000000000000000000 ) ) ;
#4080 = LINE ( 'NONE', #9175, #10961 ) ;
#4081 = ORIENTED_EDGE ( 'NONE', *, *, #3330, .F. ) ;
#4082 = PLANE ( 'NONE',  #2093 ) ;
#4083 = DIRECTION ( 'NONE',  ( 1.000000000000000000, 0.000000000000000000, -0.000000000000000000 ) ) ;
#4084 = EDGE_LOOP ( 'NONE', ( #6629, #12477, #3212, #2772, #4753 ) ) ;
#4085 = EDGE_CURVE ( 'NONE', #10489, #2408, #1100, .T. ) ;
#4086 = CARTESIAN_POINT ( 'NONE',  ( 5.000000000000006217, -165.8082026736149714, 42.04161805105262317 ) ) ;
#4087 = DIRECTION ( 'NONE',  ( -1.000000000000000000, 0.000000000000000000, 0.000000000000000000 ) ) ;
#4088 = DIRECTION ( 'NONE',  ( 0.000000000000000000, -0.5406983122834239097, 0.8412165803726510127 ) ) ;
#4089 = DIRECTION ( 'NONE',  ( -1.000000000000000000, 0.000000000000000000, -0.000000000000000000 ) ) ;
#4090 = CARTESIAN_POINT ( 'NONE',  ( 5.000000000000004441, -137.8730854217093054, -24.31074487336938716 ) ) ;
#4091 = CARTESIAN_POINT ( 'NONE',  ( -12.99999999999999822, 1.714505518806294599E-14, -140.0000000000000000 ) ) ;
#4092 = ORIENTED_EDGE ( 'NONE', *, *, #6862, .T. ) ;
#4093 = EDGE_LOOP ( 'NONE', ( #10598, #569, #9003 ) ) ;
#4094 = CARTESIAN_POINT ( 'NONE',  ( -4.999999999999993783, 144.4171432598692491, 89.39176922837376082 ) ) ;
#4095 = ORIENTED_EDGE ( 'NONE', *, *, #5431, .T. ) ;
#4096 = CARTESIAN_POINT ( 'NONE',  ( 35.00000000000000000, 0.000000000000000000, 0.000000000000000000 ) ) ;
#4097 = AXIS2_PLACEMENT_3D ( 'NONE', #8881, #9914, #5978 ) ;
#4098 = ADVANCED_FACE ( 'NONE', ( #8899 ), #12050, .F. ) ;
#4099 = FACE_OUTER_BOUND ( 'NONE', #3436, .T. ) ;
#4100 = CARTESIAN_POINT ( 'NONE',  ( 17.92188944248797355, 34.55925004009621659, -41.57431232366569418 ) ) ;
#4101 = CARTESIAN_POINT ( 'NONE',  ( -5.099781819518544701, -28.90958008182133909, -45.58498288426765299 ) ) ;
#4102 = AXIS2_PLACEMENT_3D ( 'NONE', #1397, #9452, #1586 ) ;
#4103 = DIRECTION ( 'NONE',  ( -1.000000000000000000, 0.000000000000000000, 0.000000000000000000 ) ) ;
#4104 = EDGE_LOOP ( 'NONE', ( #10012, #9918, #4127, #2143, #9828, #10680, #9602, #5351, #6945, #4095 ) ) ;
#4105 = CARTESIAN_POINT ( 'NONE',  ( -5.000000000000004441, -126.1487907794867596, -60.71641116595480270 ) ) ;
#4106 = CARTESIAN_POINT ( 'NONE',  ( -4.999999999999993783, -131.6156692209316077, 47.90336138264910204 ) ) ;
#4107 = VERTEX_POINT ( 'NONE', #4197 ) ;
#4108 = ORIENTED_EDGE ( 'NONE', *, *, #4582, .T. ) ;
#4109 = CARTESIAN_POINT ( 'NONE',  ( -5.169979659884018197, -2.906492609440513242, 53.61773036803228365 ) ) ;
#4110 = ORIENTED_EDGE ( 'NONE', *, *, #650, .F. ) ;
#4111 = CARTESIAN_POINT ( 'NONE',  ( -4.999999999999993783, -122.5733066456629672, 119.3132105852216256 ) ) ;
#4112 = B_SPLINE_CURVE_WITH_KNOTS ( 'NONE', 3,
 ( #8961, #8822, #4056, #4899, #1150, #12750, #3921, #11074, #3075, #9798, #7006, #6898, #9016, #5924, #6050, #3146, #7843, #174, #11018, #10045, #1201, #10825, #11849, #2300, #5283, #2483, #4490, #4295, #9257, #2369, #366, #1391, #10233, #1523, #12150, #8414, #3457, #11264, #10176, #3264, #7449, #6358 ),
 .UNSPECIFIED., .F., .F.,
 ( 4, 2, 2, 2, 2, 2, 2, 2, 2, 2, 2, 2, 2, 2, 2, 2, 2, 2, 2, 2, 4 ),
 ( 1.971579220185417953E-07, 0.0009063888329760547190, 0.001359484670503077969, 0.001812580508030101328, 0.002265676345557124903, 0.002718772183084148045, 0.003624963858138188257, 0.004531155533192228468, 0.005437347208246268680, 0.006343538883300308892, 0.007249730558354348237, 0.008155922233408385846, 0.009062113908462421721, 0.009968305583516457596, 0.01087449725857049347, 0.01132759309609751401, 0.01178068893362453282, 0.01223378477115155336, 0.01268688060867857216, 0.01359307228373260283, 0.01449926395878663871 ),
 .UNSPECIFIED. ) ;
#4113 = VECTOR ( 'NONE', #11380, 1000.000000000000000 ) ;
#4114 = EDGE_CURVE ( 'NONE', #9218, #4024, #8713, .T. ) ;
#4115 = DIRECTION ( 'NONE',  ( 0.000000000000000000, -0.6427876096865456912, -0.7660444431189725734 ) ) ;
#4116 = CARTESIAN_POINT ( 'NONE',  ( 40.00000000000000711, 35.26711513754881366, -41.54101966249653799 ) ) ;
#4117 = VERTEX_POINT ( 'NONE', #11982 ) ;
#4118 = DIRECTION ( 'NONE',  ( 0.000000000000000000, -0.9895437273910145937, -0.1442331847429613179 ) ) ;
#4119 = EDGE_CURVE ( 'NONE', #640, #3532, #10567, .T. ) ;
#4120 = ORIENTED_EDGE ( 'NONE', *, *, #899, .T. ) ;
#4121 = EDGE_CURVE ( 'NONE', #8294, #4064, #5222, .T. ) ;
#4122 = CARTESIAN_POINT ( 'NONE',  ( 5.000000000000004441, 0.000000000000000000, 0.000000000000000000 ) ) ;
#4123 = AXIS2_PLACEMENT_3D ( 'NONE', #9583, #7631, #2865 ) ;
#4124 = ORIENTED_EDGE ( 'NONE', *, *, #4339, .T. ) ;
#4125 = CARTESIAN_POINT ( 'NONE',  ( -5.000000000000004441, 0.000000000000000000, 0.000000000000000000 ) ) ;
#4126 = ORIENTED_EDGE ( 'NONE', *, *, #3829, .T. ) ;
#4127 = ORIENTED_EDGE ( 'NONE', *, *, #5939, .T. ) ;
#4128 = EDGE_CURVE ( 'NONE', #2630, #11265, #7884, .T. ) ;
#4129 = EDGE_CURVE ( 'NONE', #6839, #1243, #11379, .T. ) ;
#4130 = VECTOR ( 'NONE', #1226, 1000.000000000000000 ) ;
#4131 = CARTESIAN_POINT ( 'NONE',  ( 5.000000000000006217, -170.5896538667299467, 12.61061916935229910 ) ) ;
#4132 = AXIS2_PLACEMENT_3D ( 'NONE', #11297, #11247, #2460 ) ;
#4133 = DIRECTION ( 'NONE',  ( -1.000000000000000000, -0.000000000000000000, -0.000000000000000000 ) ) ;
#4134 = ORIENTED_EDGE ( 'NONE', *, *, #9255, .T. ) ;
#4135 = CARTESIAN_POINT ( 'NONE',  ( 5.000000000000006217, 12.61061916935282667, 170.5896538667299183 ) ) ;
#4136 = ORIENTED_EDGE ( 'NONE', *, *, #10275, .T. ) ;
#4137 = EDGE_CURVE ( 'NONE', #11183, #11965, #9931, .T. ) ;
#4138 = DIRECTION ( 'NONE',  ( 0.000000000000000000, 0.4999999999999949485, -0.8660254037844415942 ) ) ;
#4139 = CARTESIAN_POINT ( 'NONE',  ( -5.025828699910058539, -35.26711513757646799, -41.54101966249704958 ) ) ;
#4140 = CARTESIAN_POINT ( 'NONE',  ( -4.999999999999993783, 170.1878247496342169, 17.20354699452879288 ) ) ;
#4141 = ORIENTED_EDGE ( 'NONE', *, *, #8801, .F. ) ;
#4142 = AXIS2_PLACEMENT_3D ( 'NONE', #2268, #4410, #532 ) ;
#4143 = FACE_OUTER_BOUND ( 'NONE', #12650, .T. ) ;
#4144 = AXIS2_PLACEMENT_3D ( 'NONE', #6459, #7485, #4779 ) ;
#4145 = CARTESIAN_POINT ( 'NONE',  ( -4.999999999999993783, 78.77373839018171964, 13.95342753719973317 ) ) ;
#4146 = ORIENTED_EDGE ( 'NONE', *, *, #1822, .F. ) ;
#4147 = CARTESIAN_POINT ( 'NONE',  ( 5.000000000000004441, 0.000000000000000000, 0.000000000000000000 ) ) ;
#4148 = VECTOR ( 'NONE', #91, 1000.000000000000000 ) ;
#4149 = CIRCLE ( 'NONE', #23, 100.0000000000002132 ) ;
#4150 = VECTOR ( 'NONE', #6910, 1000.000000000000114 ) ;
#4151 = FACE_OUTER_BOUND ( 'NONE', #9854, .T. ) ;
#4152 = CARTESIAN_POINT ( 'NONE',  ( -4.999999999999993783, 113.1114811425205318, -126.7004045252644318 ) ) ;
#4153 = EDGE_CURVE ( 'NONE', #797, #11924, #2249, .T. ) ;
#4154 = CARTESIAN_POINT ( 'NONE',  ( -87.20833333333341386, 0.000000000000000000, 140.0000000000000000 ) ) ;
#4155 = LINE ( 'NONE', #10807, #7872 ) ;
#4156 = CARTESIAN_POINT ( 'NONE',  ( -4.999999999999993783, -96.21594349147476066, -141.4296642867064975 ) ) ;
#4157 = EDGE_LOOP ( 'NONE', ( #3099, #10625, #3956, #5595 ) ) ;
#4158 = EDGE_LOOP ( 'NONE', ( #2422, #199, #4304, #6676, #7065, #5690 ) ) ;
#4159 = DIRECTION ( 'NONE',  ( -1.000000000000000000, 0.000000000000000000, -0.000000000000000000 ) ) ;
#4160 = VERTEX_POINT ( 'NONE', #5102 ) ;
#4161 = VECTOR ( 'NONE', #8221, 1000.000000000000114 ) ;
#4162 = LINE ( 'NONE', #3199, #2319 ) ;
#4163 = AXIS2_PLACEMENT_3D ( 'NONE', #12480, #12291, #10479 ) ;
#4164 = CARTESIAN_POINT ( 'NONE',  ( 5.000000000000006217, -27.42035973919416847, 75.15400103636433471 ) ) ;
#4165 = CARTESIAN_POINT ( 'NONE',  ( 18.95959690194990799, 31.86943564537014595, -42.41570412874895624 ) ) ;
#4166 = AXIS2_PLACEMENT_3D ( 'NONE', #8867, #3979, #1135 ) ;
#4167 = AXIS2_PLACEMENT_3D ( 'NONE', #757, #1921, #9792 ) ;
#4168 = EDGE_CURVE ( 'NONE', #12363, #10381, #5936, .T. ) ;
#4169 = VECTOR ( 'NONE', #8094, 1000.000000000000000 ) ;
#4170 = DIRECTION ( 'NONE',  ( -1.000000000000000000, -0.000000000000000000, -0.000000000000000000 ) ) ;
#4171 = CARTESIAN_POINT ( 'NONE',  ( -5.000000000000004441, 0.000000000000000000, 0.000000000000000000 ) ) ;
#4172 = CARTESIAN_POINT ( 'NONE',  ( 5.000000000000006217, 70.19520364235756915, 155.9887531452608016 ) ) ;
#4173 = CIRCLE ( 'NONE', #8701, 140.0000000000000000 ) ;
#4174 = AXIS2_PLACEMENT_3D ( 'NONE', #12585, #791, #11630 ) ;
#4175 = DIRECTION ( 'NONE',  ( 0.000000000000000000, 0.4739787468447032026, -0.8805362840562135363 ) ) ;
#4176 = ORIENTED_EDGE ( 'NONE', *, *, #11005, .T. ) ;
#4177 = EDGE_CURVE ( 'NONE', #3274, #10962, #8924, .T. ) ;
#4178 = ORIENTED_EDGE ( 'NONE', *, *, #349, .T. ) ;
#4179 = CARTESIAN_POINT ( 'NONE',  ( -4.999999999998930633, -4.365863158154584589, 54.51136322877264462 ) ) ;
#4180 = ORIENTED_EDGE ( 'NONE', *, *, #10260, .T. ) ;
#4181 = DIRECTION ( 'NONE',  ( 0.000000000000000000, -0.9494645049895570343, -0.3138744235597024645 ) ) ;
#4182 = AXIS2_PLACEMENT_3D ( 'NONE', #2925, #5064, #2016 ) ;
#4183 = AXIS2_PLACEMENT_3D ( 'NONE', #10564, #1653, #5599 ) ;
#4184 = AXIS2_PLACEMENT_3D ( 'NONE', #11424, #1681, #3681 ) ;
#4185 = CIRCLE ( 'NONE', #471, 140.0000000000000000 ) ;
#4186 = CARTESIAN_POINT ( 'NONE',  ( -5.000000000000004441, 0.000000000000000000, 0.000000000000000000 ) ) ;
#4187 = CARTESIAN_POINT ( 'NONE',  ( 5.000000000000006217, -96.21594349147476066, -141.4296642867064975 ) ) ;
#4188 = LINE ( 'NONE', #10886, #11502 ) ;
#4189 = ORIENTED_EDGE ( 'NONE', *, *, #11399, .F. ) ;
#4190 = DIRECTION ( 'NONE',  ( 0.000000000000000000, 0.000000000000000000, 1.000000000000000000 ) ) ;
#4191 = CIRCLE ( 'NONE', #9126, 140.0000000000000000 ) ;
#4192 = ORIENTED_EDGE ( 'NONE', *, *, #1796, .T. ) ;
#4193 = AXIS2_PLACEMENT_3D ( 'NONE', #12178, #5353, #7292 ) ;
#4194 = CARTESIAN_POINT ( 'NONE',  ( 19.00000000000000355, 0.3019292960789473623, 52.99999999999999289 ) ) ;
#4195 = ORIENTED_EDGE ( 'NONE', *, *, #903, .T. ) ;
#4196 = EDGE_CURVE ( 'NONE', #6899, #11439, #2745, .T. ) ;
#4197 = CARTESIAN_POINT ( 'NONE',  ( 5.000000000000004441, 50.66979716487418983, 21.39092460064562573 ) ) ;
#4198 = AXIS2_PLACEMENT_3D ( 'NONE', #5727, #7836, #4951 ) ;
#4199 = VERTEX_POINT ( 'NONE', #3164 ) ;
#4200 = ORIENTED_EDGE ( 'NONE', *, *, #1530, .F. ) ;
#4201 = CIRCLE ( 'NONE', #11396, 5.000000000000004441 ) ;
#4202 = DIRECTION ( 'NONE',  ( 0.000000000000000000, 0.1442331847429648151, -0.9895437273910141496 ) ) ;
#4203 = AXIS2_PLACEMENT_3D ( 'NONE', #5961, #1902, #5004 ) ;
#4204 = CARTESIAN_POINT ( 'NONE',  ( 59.79898987322338400, 35.26711513754881366, -55.54101966249653088 ) ) ;
#4205 = EDGE_LOOP ( 'NONE', ( #2533, #336, #6518 ) ) ;
#4206 = DIRECTION ( 'NONE',  ( -1.000000000000000000, 0.000000000000000000, 0.000000000000000000 ) ) ;
#4207 = ORIENTED_EDGE ( 'NONE', *, *, #9434, .F. ) ;
#4208 = CARTESIAN_POINT ( 'NONE',  ( -4.999999999999993783, -131.6156692209316077, 47.90336138264910204 ) ) ;
#4209 = EDGE_CURVE ( 'NONE', #8498, #3532, #1916, .T. ) ;
#4210 = LINE ( 'NONE', #3234, #1905 ) ;
#4211 = CIRCLE ( 'NONE', #11616, 100.0000000000000000 ) ;
#4212 = VERTEX_POINT ( 'NONE', #5235 ) ;
#4213 = DIRECTION ( 'NONE',  ( 0.000000000000000000, -0.6055552987958117139, -0.7958032295111118204 ) ) ;
#4214 = EDGE_CURVE ( 'NONE', #1376, #2630, #4596, .T. ) ;
#4215 = DIRECTION ( 'NONE',  ( 0.000000000000000000, 0.3420201433256629953, -0.9396926207859104263 ) ) ;
#4216 = DIRECTION ( 'NONE',  ( 0.000000000000000000, 0.000000000000000000, 1.000000000000000000 ) ) ;
#4217 = EDGE_CURVE ( 'NONE', #6112, #4920, #68, .T. ) ;
#4218 = EDGE_CURVE ( 'NONE', #7966, #10711, #1710, .T. ) ;
#4219 = FACE_OUTER_BOUND ( 'NONE', #7680, .T. ) ;
#4220 = AXIS2_PLACEMENT_3D ( 'NONE', #10692, #5805, #8774 ) ;
#4221 = CARTESIAN_POINT ( 'NONE',  ( 5.000000000000006217, 24.35148223580200977, 168.0898717532970466 ) ) ;
#4222 = FACE_OUTER_BOUND ( 'NONE', #1975, .T. ) ;
#4223 = DIRECTION ( 'NONE',  ( -1.000000000000000000, -0.000000000000000000, -0.000000000000000000 ) ) ;
#4224 = DIRECTION ( 'NONE',  ( -1.000000000000000000, 0.000000000000000000, 0.000000000000000000 ) ) ;
#4225 = PLANE ( 'NONE',  #7904 ) ;
#4226 = ORIENTED_EDGE ( 'NONE', *, *, #9529, .T. ) ;
#4227 = ORIENTED_EDGE ( 'NONE', *, *, #5256, .T. ) ;
#4228 = DIRECTION ( 'NONE',  ( 0.000000000000000000, 0.000000000000000000, 1.000000000000000000 ) ) ;
#4229 = EDGE_LOOP ( 'NONE', ( #5686, #3611, #11301, #9668 ) ) ;
#4230 = CIRCLE ( 'NONE', #516, 99.99999999999998579 ) ;
#4231 = CARTESIAN_POINT ( 'NONE',  ( -4.999999999999993783, 27.42035973919467651, -75.15400103636414997 ) ) ;
#4232 = EDGE_CURVE ( 'NONE', #1037, #6260, #3654, .T. ) ;
#4233 = CARTESIAN_POINT ( 'NONE',  ( -4.999999999999993783, 137.9344628748812909, -24.32078057234920365 ) ) ;
#4234 = DIRECTION ( 'NONE',  ( -1.000000000000000000, -0.000000000000000000, -0.000000000000000000 ) ) ;
#4235 = DIRECTION ( 'NONE',  ( 0.000000000000000000, 0.000000000000000000, -1.000000000000000000 ) ) ;
#4236 = AXIS2_PLACEMENT_3D ( 'NONE', #97, #10915, #5957 ) ;
#4237 = CARTESIAN_POINT ( 'NONE',  ( -4.999999999999993783, -57.66310238715624337, -127.7303910488292757 ) ) ;
#4238 = DIRECTION ( 'NONE',  ( -1.000000000000000000, 0.000000000000000000, 0.000000000000000000 ) ) ;
#4239 = DIRECTION ( 'NONE',  ( 0.000000000000000000, 0.000000000000000000, 1.000000000000000000 ) ) ;
#4240 = FACE_OUTER_BOUND ( 'NONE', #9456, .T. ) ;
#4241 = ORIENTED_EDGE ( 'NONE', *, *, #11503, .T. ) ;
#4242 = ORIENTED_EDGE ( 'NONE', *, *, #6581, .F. ) ;
#4243 = CARTESIAN_POINT ( 'NONE',  ( 15.39659083624441926, 36.00180665649983069, -41.57968154601480393 ) ) ;
#4244 = VERTEX_POINT ( 'NONE', #568 ) ;
#4245 = CARTESIAN_POINT ( 'NONE',  ( -4.999999999999993783, -47.90481762191804194, 131.6151391931837509 ) ) ;
#4246 = DIRECTION ( 'NONE',  ( -1.000000000000000000, -0.000000000000000000, -0.000000000000000000 ) ) ;
#4247 = EDGE_CURVE ( 'NONE', #4244, #11313, #11800, .T. ) ;
#4248 = CARTESIAN_POINT ( 'NONE',  ( -4.999999999999993783, 121.2978000584466969, -70.03042279760595079 ) ) ;
#4249 = DIRECTION ( 'NONE',  ( 0.000000000000000000, 0.000000000000000000, 1.000000000000000000 ) ) ;
#4250 = ORIENTED_EDGE ( 'NONE', *, *, #1840, .T. ) ;
#4251 = DIRECTION ( 'NONE',  ( 0.000000000000000000, -0.5255774175242788893, -0.8507457776495336299 ) ) ;
#4252 = ORIENTED_EDGE ( 'NONE', *, *, #3697, .F. ) ;
#4253 = CARTESIAN_POINT ( 'NONE',  ( 5.000000000000006217, 96.21594349147569858, 141.4296642867059006 ) ) ;
#4254 = ORIENTED_EDGE ( 'NONE', *, *, #1033, .F. ) ;
#4255 = CARTESIAN_POINT ( 'NONE',  ( 17.92002148900252578, -34.56177095980454084, -41.57403698507722112 ) ) ;
#4256 = ORIENTED_EDGE ( 'NONE', *, *, #1063, .F. ) ;
#4257 = ORIENTED_EDGE ( 'NONE', *, *, #1195, .T. ) ;
#4258 = EDGE_CURVE ( 'NONE', #6691, #4244, #10246, .T. ) ;
#4259 = DIRECTION ( 'NONE',  ( -1.000000000000000000, -0.000000000000000000, -0.000000000000000000 ) ) ;
#4260 = DIRECTION ( 'NONE',  ( -1.000000000000000000, -0.000000000000000000, 0.000000000000000000 ) ) ;
#4261 = ORIENTED_EDGE ( 'NONE', *, *, #2462, .F. ) ;
#4262 = DIRECTION ( 'NONE',  ( 0.000000000000000000, 0.000000000000000000, 1.000000000000000000 ) ) ;
#4263 = ORIENTED_EDGE ( 'NONE', *, *, #6085, .T. ) ;
#4264 = CARTESIAN_POINT ( 'NONE',  ( 5.000000000000006217, -24.32230672642489822, 137.9341937727410254 ) ) ;
#4265 = DIRECTION ( 'NONE',  ( 0.000000000000000000, -0.1736481776669172306, 0.9848077530122103518 ) ) ;
#4266 = ORIENTED_EDGE ( 'NONE', *, *, #3189, .T. ) ;
#4267 = CARTESIAN_POINT ( 'NONE',  ( -4.999999999999993783, 105.1339381126587114, 133.3943579393224752 ) ) ;
#4268 = CARTESIAN_POINT ( 'NONE',  ( -5.000000000000004441, 0.000000000000000000, 0.000000000000000000 ) ) ;
#4269 = CARTESIAN_POINT ( 'NONE',  ( 5.000000000000006217, -126.7004045252647870, -113.1114811425201054 ) ) ;
#4270 = EDGE_CURVE ( 'NONE', #9613, #831, #3559, .T. ) ;
#4271 = DIRECTION ( 'NONE',  ( -1.000000000000000000, 0.000000000000000000, 0.000000000000000000 ) ) ;
#4272 = CARTESIAN_POINT ( 'NONE',  ( 5.000000000000004441, -107.2462220366574286, -89.99026535611496058 ) ) ;
#4273 = DIRECTION ( 'NONE',  ( 0.000000000000000000, 0.8660254037844399289, 0.4999999999999979461 ) ) ;
#4274 = FACE_BOUND ( 'NONE', #1465, .T. ) ;
#4275 = LINE ( 'NONE', #9188, #10921 ) ;
#4276 = DIRECTION ( 'NONE',  ( 0.000000000000000000, 0.000000000000000000, 1.000000000000000000 ) ) ;
#4277 = ADVANCED_FACE ( 'NONE', ( #11329 ), #1351, .T. ) ;
#4278 = EDGE_LOOP ( 'NONE', ( #2178, #1028, #4803 ) ) ;
#4279 = EDGE_CURVE ( 'NONE', #12691, #2573, #12408, .T. ) ;
#4280 = VERTEX_POINT ( 'NONE', #12299 ) ;
#4281 = PLANE ( 'NONE',  #12189 ) ;
#4282 = VERTEX_POINT ( 'NONE', #4308 ) ;
#4283 = DIRECTION ( 'NONE',  ( -1.000000000000000000, 0.000000000000000000, -0.000000000000000000 ) ) ;
#4284 = CARTESIAN_POINT ( 'NONE',  ( 5.000000000000006217, -166.2815095599042650, -34.60721386647430364 ) ) ;
#4285 = LINE ( 'NONE', #10223, #3955 ) ;
#4286 = EDGE_CURVE ( 'NONE', #8498, #7586, #9956, .T. ) ;
#4287 = CARTESIAN_POINT ( 'NONE',  ( 5.000000000000006217, 107.2933624945068090, 90.03083239009136207 ) ) ;
#4288 = DIRECTION ( 'NONE',  ( 0.000000000000000000, 0.000000000000000000, 1.000000000000000000 ) ) ;
#4289 = CARTESIAN_POINT ( 'NONE',  ( 5.000000000000006217, 165.8082026736152272, -42.04161805105150052 ) ) ;
#4290 = CARTESIAN_POINT ( 'NONE',  ( 4.999999999999997335, 57.06339097770900537, 18.54101966249749367 ) ) ;
#4291 = CYLINDRICAL_SURFACE ( 'NONE', #9548, 6.999999999999999112 ) ;
#4292 = VERTEX_POINT ( 'NONE', #12170 ) ;
#4293 = EDGE_CURVE ( 'NONE', #12432, #309, #12208, .T. ) ;
#4294 = ORIENTED_EDGE ( 'NONE', *, *, #1967, .T. ) ;
#4295 = CARTESIAN_POINT ( 'NONE',  ( 18.38832917054667249, 51.86525531487875895, 13.84442631635376131 ) ) ;
#4296 = ORIENTED_EDGE ( 'NONE', *, *, #10351, .F. ) ;
#4297 = CARTESIAN_POINT ( 'NONE',  ( -5.000000000000004441, 0.000000000000000000, 0.000000000000000000 ) ) ;
#4298 = CARTESIAN_POINT ( 'NONE',  ( 5.000000000000004441, 0.000000000000000000, 0.000000000000000000 ) ) ;
#4299 = CIRCLE ( 'NONE', #7596, 39.99999999999999289 ) ;
#4300 = CARTESIAN_POINT ( 'NONE',  ( -5.249559962019078263, 29.50566807394092095, -44.54573091184781219 ) ) ;
#4301 = CARTESIAN_POINT ( 'NONE',  ( 5.000000000000006217, -99.99262110727715935, 138.7852061507337851 ) ) ;
#4302 = EDGE_LOOP ( 'NONE', ( #8004, #10086, #4126 ) ) ;
#4303 = DIRECTION ( 'NONE',  ( 1.000000000000000000, 0.000000000000000000, 0.000000000000000000 ) ) ;
#4304 = ORIENTED_EDGE ( 'NONE', *, *, #8331, .F. ) ;
#4305 = EDGE_CURVE ( 'NONE', #2436, #1159, #8503, .T. ) ;
#4306 = CARTESIAN_POINT ( 'NONE',  ( 16.88451710379556658, 4.286059763311382831, 54.46510375443971697 ) ) ;
#4307 = EDGE_LOOP ( 'NONE', ( #10756, #8046, #7284, #11126 ) ) ;
#4308 = CARTESIAN_POINT ( 'NONE',  ( 14.99999999999997158, -4.686149805543989189, 54.79999999999999716 ) ) ;
#4309 = ORIENTED_EDGE ( 'NONE', *, *, #1829, .F. ) ;
#4310 = ORIENTED_EDGE ( 'NONE', *, *, #4119, .T. ) ;
#4311 = AXIS2_PLACEMENT_3D ( 'NONE', #9263, #8492, #434 ) ;
#4312 = EDGE_CURVE ( 'NONE', #7162, #2601, #268, .T. ) ;
#4313 = DIRECTION ( 'NONE',  ( -1.000000000000000000, 0.000000000000000000, -0.000000000000000000 ) ) ;
#4314 = PLANE ( 'NONE',  #4847 ) ;
#4315 = CIRCLE ( 'NONE', #5968, 100.0000000000002416 ) ;
#4316 = EDGE_LOOP ( 'NONE', ( #5977, #8880, #7592 ) ) ;
#4317 = DIRECTION ( 'NONE',  ( 0.000000000000000000, 0.7660444431189749048, -0.6427876096865430267 ) ) ;
#4318 = ORIENTED_EDGE ( 'NONE', *, *, #9529, .F. ) ;
#4319 = ADVANCED_FACE ( 'NONE', ( #11462 ), #3723, .F. ) ;
#4320 = CARTESIAN_POINT ( 'NONE',  ( 4.999999999999997335, -57.06339097770928248, 25.54101966249670141 ) ) ;
#4321 = LINE ( 'NONE', #12311, #3547 ) ;
#4322 = ORIENTED_EDGE ( 'NONE', *, *, #5543, .F. ) ;
#4323 = EDGE_CURVE ( 'NONE', #3226, #11548, #8085, .T. ) ;
#4324 = FACE_OUTER_BOUND ( 'NONE', #3038, .T. ) ;
#4325 = DIRECTION ( 'NONE',  ( -1.000000000000000000, -0.000000000000000000, -0.000000000000000000 ) ) ;
#4326 = AXIS2_PLACEMENT_3D ( 'NONE', #8666, #7705, #4620 ) ;
#4327 = CIRCLE ( 'NONE', #12140, 140.0000000000000000 ) ;
#4328 = DIRECTION ( 'NONE',  ( -1.000000000000000000, -0.000000000000000000, -0.000000000000000000 ) ) ;
#4329 = CARTESIAN_POINT ( 'NONE',  ( 5.000000000000006217, -12.61061916935168981, -170.5896538667299751 ) ) ;
#4330 = CARTESIAN_POINT ( 'NONE',  ( 5.000000000000006217, -140.0621876725833772, -0.0007748487318643802616 ) ) ;
#4331 = LINE ( 'NONE', #11470, #6433 ) ;
#4332 = ORIENTED_EDGE ( 'NONE', *, *, #4680, .T. ) ;
#4333 = PLANE ( 'NONE',  #6799 ) ;
#4334 = CIRCLE ( 'NONE', #10309, 100.0000000000000284 ) ;
#4335 = CARTESIAN_POINT ( 'NONE',  ( -4.999999999999993783, 90.03083239009245631, -107.2933624945058710 ) ) ;
#4336 = DIRECTION ( 'NONE',  ( 0.000000000000000000, 0.000000000000000000, 1.000000000000000000 ) ) ;
#4337 = VECTOR ( 'NONE', #3287, 1000.000000000000227 ) ;
#4338 = VERTEX_POINT ( 'NONE', #1734 ) ;
#4339 = EDGE_CURVE ( 'NONE', #2845, #3024, #10352, .T. ) ;
#4340 = VERTEX_POINT ( 'NONE', #5793 ) ;
#4341 = CARTESIAN_POINT ( 'NONE',  ( 5.000000000000004441, 0.000000000000000000, 0.000000000000000000 ) ) ;
#4342 = ORIENTED_EDGE ( 'NONE', *, *, #4059, .T. ) ;
#4343 = LINE ( 'NONE', #3308, #8723 ) ;
#4344 = CIRCLE ( 'NONE', #7260, 140.0000000000000000 ) ;
#4345 = VECTOR ( 'NONE', #3558, 1000.000000000000227 ) ;
#4346 = CYLINDRICAL_SURFACE ( 'NONE', #11570, 100.0000000000001990 ) ;
#4347 = CIRCLE ( 'NONE', #5998, 54.99999999999999289 ) ;
#4348 = FACE_OUTER_BOUND ( 'NONE', #4415, .T. ) ;
#4349 = PRODUCT_DEFINITION_SHAPE ( 'NONE', 'NONE',  #179 ) ;
#4350 = ADVANCED_FACE ( 'NONE', ( #5732 ), #9659, .T. ) ;
#4351 = DIRECTION ( 'NONE',  ( -1.000000000000000000, -0.000000000000000000, 0.000000000000000000 ) ) ;
#4352 = CARTESIAN_POINT ( 'NONE',  ( 5.000000000000006217, 144.4171432598692491, 89.39176922837376082 ) ) ;
#4353 = CARTESIAN_POINT ( 'NONE',  ( 5.000000000000006217, 105.1339381126587114, 133.3943579393224752 ) ) ;
#4354 = DIRECTION ( 'NONE',  ( 0.000000000000000000, 0.6653231695327163076, 0.7465554768956829124 ) ) ;
#4356 = CARTESIAN_POINT ( 'NONE',  ( -4.999999999999993783, -81.78621229002798998, 113.8029070527154261 ) ) ;
#4355 = CIRCLE ( 'NONE', #3743, 80.00000000000000000 ) ;
#4357 = VERTEX_POINT ( 'NONE', #12694 ) ;
#4358 = AXIS2_PLACEMENT_3D ( 'NONE', #10129, #1299, #8242 ) ;
#4359 = VECTOR ( 'NONE', #1841, 1000.000000000000000 ) ;
#4360 = ADVANCED_FACE ( 'NONE', ( #6824 ), #3864, .T. ) ;
#4361 = ORIENTED_EDGE ( 'NONE', *, *, #2021, .F. ) ;
#4362 = DIRECTION ( 'NONE',  ( -1.000000000000000000, -0.000000000000000000, -0.000000000000000000 ) ) ;
#4363 = AXIS2_PLACEMENT_3D ( 'NONE', #1253, #4482, #1437 ) ;
#4364 = ADVANCED_FACE ( 'NONE', ( #7781 ), #4641, .F. ) ;
#4365 = ORIENTED_EDGE ( 'NONE', *, *, #6940, .T. ) ;
#4366 = DIRECTION ( 'NONE',  ( -1.000000000000000000, 0.000000000000000000, -0.000000000000000000 ) ) ;
#4367 = DIRECTION ( 'NONE',  ( 0.000000000000000000, 0.000000000000000000, 1.000000000000000000 ) ) ;
#4368 = VECTOR ( 'NONE', #2183, 1000.000000000000000 ) ;
#4369 = ADVANCED_FACE ( 'NONE', ( #8566 ), #12492, .F. ) ;
#4370 = CIRCLE ( 'NONE', #12219, 100.0000000000000000 ) ;
#4371 = CIRCLE ( 'NONE', #455, 100.0000000000002132 ) ;
#4372 = EDGE_CURVE ( 'NONE', #4676, #12094, #9868, .T. ) ;
#4373 = AXIS2_PLACEMENT_3D ( 'NONE', #12216, #8207, #12136 ) ;
#4374 = AXIS2_PLACEMENT_3D ( 'NONE', #6063, #130, #8777 ) ;
#4375 = AXIS2_PLACEMENT_3D ( 'NONE', #1245, #12212, #3382 ) ;
#4376 = CARTESIAN_POINT ( 'NONE',  ( -5.382599535509820399, 32.02157316412237265, -42.33567219312181606 ) ) ;
#4377 = DIRECTION ( 'NONE',  ( 0.000000000000000000, 0.000000000000000000, 1.000000000000000000 ) ) ;
#4378 = ORIENTED_EDGE ( 'NONE', *, *, #12138, .T. ) ;
#4379 = DIRECTION ( 'NONE',  ( -1.000000000000000000, -0.000000000000000000, -0.000000000000000000 ) ) ;
#4380 = ORIENTED_EDGE ( 'NONE', *, *, #6997, .F. ) ;
#4381 = CARTESIAN_POINT ( 'NONE',  ( 18.98349970772705575, 0.6064054911885139454, 53.01976939537531308 ) ) ;
#4382 = ORIENTED_EDGE ( 'NONE', *, *, #3586, .F. ) ;
#4383 = CARTESIAN_POINT ( 'NONE',  ( 18.30493425049302658, -29.11952570223744630, -45.18626946647881937 ) ) ;
#4384 = VERTEX_POINT ( 'NONE', #3664 ) ;
#4385 = VECTOR ( 'NONE', #1247, 1000.000000000000114 ) ;
#4386 = VECTOR ( 'NONE', #8045, 1000.000000000000114 ) ;
#4387 = ORIENTED_EDGE ( 'NONE', *, *, #7641, .F. ) ;
#4388 = AXIS2_PLACEMENT_3D ( 'NONE', #2866, #1713, #4739 ) ;
#4389 = CIRCLE ( 'NONE', #9946, 140.0000000000000000 ) ;
#4390 = CIRCLE ( 'NONE', #7874, 140.0000000000000000 ) ;
#4391 = EDGE_CURVE ( 'NONE', #602, #2260, #2887, .T. ) ;
#4392 = DIRECTION ( 'NONE',  ( 0.000000000000000000, 0.5000000000000008882, 0.8660254037844381525 ) ) ;
#4393 = CARTESIAN_POINT ( 'NONE',  ( 16.47631106735622808, -4.452287472324269579, 54.59812488030168254 ) ) ;
#4394 = VECTOR ( 'NONE', #338, 1000.000000000000000 ) ;
#4395 = AXIS2_PLACEMENT_3D ( 'NONE', #10436, #9406, #5535 ) ;
#4396 = AXIS2_PLACEMENT_3D ( 'NONE', #12250, #3419, #12439 ) ;
#4397 = ORIENTED_EDGE ( 'NONE', *, *, #10697, .T. ) ;
#4398 = CIRCLE ( 'NONE', #12010, 100.0000000000000000 ) ;
#4399 = PLANE ( 'NONE',  #1673 ) ;
#4400 = ORIENTED_EDGE ( 'NONE', *, *, #5899, .T. ) ;
#4401 = LINE ( 'NONE', #10134, #3933 ) ;
#4402 = CARTESIAN_POINT ( 'NONE',  ( 16.34528060255536985, -35.75109119339858665, -41.55749394227607496 ) ) ;
#4403 = VERTEX_POINT ( 'NONE', #11513 ) ;
#4404 = ORIENTED_EDGE ( 'NONE', *, *, #6002, .T. ) ;
#4405 = CARTESIAN_POINT ( 'NONE',  ( -4.999999999999993783, -137.9341937727409118, -24.32230672642538138 ) ) ;
#4406 = VECTOR ( 'NONE', #5890, 1000.000000000000114 ) ;
#4407 = DIRECTION ( 'NONE',  ( 0.000000000000000000, 0.000000000000000000, -1.000000000000000000 ) ) ;
#4408 = AXIS2_PLACEMENT_3D ( 'NONE', #7572, #4742, #10614 ) ;
#4409 = VECTOR ( 'NONE', #2936, 1000.000000000000000 ) ;
#4410 = DIRECTION ( 'NONE',  ( -1.000000000000000000, -0.000000000000000000, -0.000000000000000000 ) ) ;
#4411 = DIRECTION ( 'NONE',  ( 0.000000000000000000, 0.000000000000000000, 1.000000000000000000 ) ) ;
#4412 = EDGE_CURVE ( 'NONE', #797, #10937, #1207, .T. ) ;
#4413 = CARTESIAN_POINT ( 'NONE',  ( -5.000000000000004441, 81.69950008505448125, -113.6890130393090601 ) ) ;
#4414 = VECTOR ( 'NONE', #6947, 1000.000000000000114 ) ;
#4415 = EDGE_LOOP ( 'NONE', ( #7824, #8579, #7339 ) ) ;
#4416 = CARTESIAN_POINT ( 'NONE',  ( 5.000000000000006217, 61.24334482836764693, 51.47089191217038007 ) ) ;
#4417 = DIRECTION ( 'NONE',  ( 0.000000000000000000, 0.000000000000000000, 1.000000000000000000 ) ) ;
#4418 = APPLICATION_PROTOCOL_DEFINITION ( 'international standard', 'config_control_design', 1994, #2481 ) ;
#4419 = ORIENTED_EDGE ( 'NONE', *, *, #9410, .F. ) ;
#4420 = ORIENTED_EDGE ( 'NONE', *, *, #6683, .F. ) ;
#4421 = CARTESIAN_POINT ( 'NONE',  ( -87.20833333333341386, 0.000000000000000000, 0.000000000000000000 ) ) ;
#4422 = ORIENTED_EDGE ( 'NONE', *, *, #731, .F. ) ;
#4423 = PLANE ( 'NONE',  #896 ) ;
#4424 = CIRCLE ( 'NONE', #9985, 100.0000000000001990 ) ;
#4425 = DIRECTION ( 'NONE',  ( 0.000000000000000000, 0.000000000000000000, -1.000000000000000000 ) ) ;
#4426 = DIRECTION ( 'NONE',  ( -1.000000000000000000, -0.000000000000000000, -0.000000000000000000 ) ) ;
#4427 = EDGE_CURVE ( 'NONE', #9145, #12704, #3268, .T. ) ;
#4428 = DIRECTION ( 'NONE',  ( 0.000000000000000000, 0.000000000000000000, 1.000000000000000000 ) ) ;
#4429 = DIRECTION ( 'NONE',  ( 0.000000000000000000, -0.8660254037844328234, 0.5000000000000101030 ) ) ;
#4430 = DIRECTION ( 'NONE',  ( -1.000000000000000000, -0.000000000000000000, -0.000000000000000000 ) ) ;
#4431 = DIRECTION ( 'NONE',  ( 0.000000000000000000, 0.000000000000000000, 1.000000000000000000 ) ) ;
#4432 = AXIS2_PLACEMENT_3D ( 'NONE', #1329, #11377, #4428 ) ;
#4433 = CARTESIAN_POINT ( 'NONE',  ( 5.000000000000006217, 90.03083239009245631, -107.2933624945058710 ) ) ;
#4434 = ORIENTED_EDGE ( 'NONE', *, *, #7740, .T. ) ;
#4435 = ORIENTED_EDGE ( 'NONE', *, *, #5094, .T. ) ;
#4436 = CARTESIAN_POINT ( 'NONE',  ( 5.000000000000005329, 139.3073234657493344, 13.90933603048998002 ) ) ;
#4437 = ORIENTED_EDGE ( 'NONE', *, *, #12042, .T. ) ;
#4438 = CARTESIAN_POINT ( 'NONE',  ( 5.000000000000006217, -47.90481762191804194, 131.6151391931837509 ) ) ;
#4439 = CARTESIAN_POINT ( 'NONE',  ( 5.000000000000006217, 154.0402834560579777, 74.37371037525610973 ) ) ;
#4440 = AXIS2_PLACEMENT_3D ( 'NONE', #12280, #3391, #11256 ) ;
#4441 = B_SPLINE_CURVE_WITH_KNOTS ( 'NONE', 3,
 ( #8310, #4194, #4381, #8120, #11028, #2435, #9215, #12048, #11218, #1401, #376, #2191, #9348, #5414, #10299, #5347, #4306, #3222, #8230, #11083, #6124, #1464 ),
 .UNSPECIFIED., .F., .F.,
 ( 4, 2, 2, 2, 2, 2, 2, 2, 2, 2, 4 ),
 ( 0.007248226597717291435, 0.008154606267850948026, 0.009060985937984607219, 0.009967365608118262943, 0.01087374527825192214, 0.01132693511331875000, 0.01178012494838557786, 0.01223331478345240572, 0.01268650461851923532, 0.01359288428865289972, 0.01449926395878656585 ),
 .UNSPECIFIED. ) ;
#4442 = EDGE_CURVE ( 'NONE', #9617, #7223, #4299, .T. ) ;
#4443 = PLANE ( 'NONE',  #106 ) ;
#4444 = CARTESIAN_POINT ( 'NONE',  ( -4.999999999999997335, 57.06339097770900537, 11.54101966249747946 ) ) ;
#4445 = EDGE_LOOP ( 'NONE', ( #5371, #9228, #6086, #9808 ) ) ;
#4446 = CARTESIAN_POINT ( 'NONE',  ( -4.999999999999993783, 90.02964525296327736, 107.2943586208331226 ) ) ;
#4447 = ORIENTED_EDGE ( 'NONE', *, *, #5985, .F. ) ;
#4448 = PLANE ( 'NONE',  #7230 ) ;
#4449 = ORIENTED_EDGE ( 'NONE', *, *, #2797, .F. ) ;
#4450 = CARTESIAN_POINT ( 'NONE',  ( 18.87754380973433044, -30.09267152996681105, -43.81993652177629883 ) ) ;
#4451 = CIRCLE ( 'NONE', #11649, 100.0000000000001990 ) ;
#4452 = ORIENTED_EDGE ( 'NONE', *, *, #7552, .T. ) ;
#4453 = EDGE_CURVE ( 'NONE', #12105, #2763, #7655, .T. ) ;
#4454 = ORIENTED_EDGE ( 'NONE', *, *, #5749, .T. ) ;
#4455 = EDGE_CURVE ( 'NONE', #7898, #3276, #11707, .T. ) ;
#4456 = ORIENTED_EDGE ( 'NONE', *, *, #6990, .T. ) ;
#4457 = CARTESIAN_POINT ( 'NONE',  ( 5.000000000000004441, -24.31074487336887913, 137.8730854217093906 ) ) ;
#4458 = CARTESIAN_POINT ( 'NONE',  ( 15.30635321635663004, -4.686149805543987412, 54.79999999999998295 ) ) ;
#4459 = ORIENTED_EDGE ( 'NONE', *, *, #6715, .F. ) ;
#4460 = ORIENTED_EDGE ( 'NONE', *, *, #4960, .T. ) ;
#4461 = CARTESIAN_POINT ( 'NONE',  ( -4.999999999999993783, 51.37509422393662106, 61.32372863323224976 ) ) ;
#4462 = CARTESIAN_POINT ( 'NONE',  ( 17.03934354916296101, -35.38462481592436149, -41.54101966249704958 ) ) ;
#4463 = ORIENTED_EDGE ( 'NONE', *, *, #6736, .F. ) ;
#4464 = VERTEX_POINT ( 'NONE', #11966 ) ;
#4465 = EDGE_CURVE ( 'NONE', #4338, #3688, #10070, .T. ) ;
#4466 = CARTESIAN_POINT ( 'NONE',  ( 5.000000000000006217, -97.87195845839738695, -100.3053633756253475 ) ) ;
#4467 = CARTESIAN_POINT ( 'NONE',  ( -4.999999999999993783, -96.21594349147476066, -141.4296642867064975 ) ) ;
#4468 = DIRECTION ( 'NONE',  ( -1.000000000000000000, -0.000000000000000000, -0.000000000000000000 ) ) ;
#4469 = DIRECTION ( 'NONE',  ( 0.000000000000000000, -0.4999999999999888978, 0.8660254037844450359 ) ) ;
#4470 = DIRECTION ( 'NONE',  ( -1.000000000000000000, -0.000000000000000000, -0.000000000000000000 ) ) ;
#4471 = ORIENTED_EDGE ( 'NONE', *, *, #8524, .F. ) ;
#4472 = PLANE ( 'NONE',  #1863 ) ;
#4473 = DIRECTION ( 'NONE',  ( 0.000000000000000000, -0.7660444431189706860, 0.6427876096865481337 ) ) ;
#4474 = CALENDAR_DATE ( 2026, 23, 9 ) ;
#4475 = VERTEX_POINT ( 'NONE', #7971 ) ;
#4476 = EDGE_LOOP ( 'NONE', ( #4573, #9374, #7279 ) ) ;
#4477 = DIRECTION ( 'NONE',  ( 0.000000000000000000, 0.4739787468447061447, -0.8805362840562118709 ) ) ;
#4478 = VERTEX_POINT ( 'NONE', #5144 ) ;
#4479 = CARTESIAN_POINT ( 'NONE',  ( 5.000000000000006217, -122.5733066456629672, 119.3132105852216256 ) ) ;
#4480 = EDGE_CURVE ( 'NONE', #9414, #12275, #2440, .T. ) ;
#4481 = PLANE ( 'NONE',  #1894 ) ;
#4482 = DIRECTION ( 'NONE',  ( -1.000000000000000000, -0.000000000000000000, -0.000000000000000000 ) ) ;
#4483 = DIRECTION ( 'NONE',  ( -1.000000000000000000, -0.000000000000000000, -0.000000000000000000 ) ) ;
#4484 = CARTESIAN_POINT ( 'NONE',  ( 5.000000000000006217, 121.2978000584466969, -70.03042279760595079 ) ) ;
#4485 = DIRECTION ( 'NONE',  ( -1.000000000000000000, -0.000000000000000000, -0.000000000000000000 ) ) ;
#4486 = DIRECTION ( 'NONE',  ( -1.000000000000000000, -0.000000000000000000, -0.000000000000000000 ) ) ;
#4487 = LINE ( 'NONE', #8410, #9347 ) ;
#4488 = EDGE_CURVE ( 'NONE', #8267, #1554, #3682, .T. ) ;
#4489 = ORIENTED_EDGE ( 'NONE', *, *, #3893, .T. ) ;
#4490 = CARTESIAN_POINT ( 'NONE',  ( 18.62543074948976241, 51.50629372802686134, 14.27519341359748140 ) ) ;
#4491 = PLANE ( 'NONE',  #8475 ) ;
#4492 = EDGE_CURVE ( 'NONE', #9309, #3021, #3204, .T. ) ;
#4493 = DIRECTION ( 'NONE',  ( 0.000000000000000000, 0.1736481776669307198, 0.9848077530122080203 ) ) ;
#4494 = CARTESIAN_POINT ( 'NONE',  ( 40.00000000000000711, -57.06339097770928248, 18.54101966249669786 ) ) ;
#4495 = DIRECTION ( 'NONE',  ( -1.000000000000000000, 0.000000000000000000, 0.000000000000000000 ) ) ;
#4496 = ORIENTED_EDGE ( 'NONE', *, *, #2400, .T. ) ;
#4497 = CARTESIAN_POINT ( 'NONE',  ( 5.000000000000006217, -107.2933624945061553, -90.03083239009208683 ) ) ;
#4498 = EDGE_LOOP ( 'NONE', ( #2590, #1814 ) ) ;
#4499 = DIRECTION ( 'NONE',  ( -0.000000000000000000, 0.6055552987958173761, 0.7958032295111074905 ) ) ;
#4500 = ORIENTED_EDGE ( 'NONE', *, *, #5626, .F. ) ;
#4501 = EDGE_LOOP ( 'NONE', ( #816, #9169, #2136, #4642 ) ) ;
#4502 = DIRECTION ( 'NONE',  ( -1.000000000000000000, -0.000000000000000000, -0.000000000000000000 ) ) ;
#4503 = ORIENTED_EDGE ( 'NONE', *, *, #11569, .F. ) ;
#4504 = ORIENTED_EDGE ( 'NONE', *, *, #4556, .F. ) ;
#4505 = EDGE_CURVE ( 'NONE', #4464, #6909, #1004, .T. ) ;
#4506 = AXIS2_PLACEMENT_3D ( 'NONE', #3399, #10101, #2234 ) ;
#4507 = ORIENTED_EDGE ( 'NONE', *, *, #8703, .F. ) ;
#4508 = CARTESIAN_POINT ( 'NONE',  ( -4.999999999999993783, -127.7303910488290768, 57.66310238715666969 ) ) ;
#4509 = CARTESIAN_POINT ( 'NONE',  ( 18.98377200807676957, -0.6034062810803865196, 53.01945421001729386 ) ) ;
#4510 = EDGE_CURVE ( 'NONE', #4657, #7223, #10895, .T. ) ;
#4511 = ORIENTED_EDGE ( 'NONE', *, *, #5775, .T. ) ;
#4512 = EDGE_LOOP ( 'NONE', ( #1792, #11835, #4606, #1906 ) ) ;
#4513 = DIRECTION ( 'NONE',  ( -1.000000000000000000, -0.000000000000000000, -0.000000000000000000 ) ) ;
#4514 = CIRCLE ( 'NONE', #9663, 140.0000000000000000 ) ;
#4515 = FACE_OUTER_BOUND ( 'NONE', #7887, .T. ) ;
#4516 = ORIENTED_EDGE ( 'NONE', *, *, #7595, .F. ) ;
#4517 = ORIENTED_EDGE ( 'NONE', *, *, #10107, .F. ) ;
#4518 = EDGE_CURVE ( 'NONE', #6922, #8639, #10474, .T. ) ;
#4519 = ADVANCED_FACE ( 'NONE', ( #2181 ), #4955, .F. ) ;
#4520 = FACE_OUTER_BOUND ( 'NONE', #9470, .T. ) ;
#4521 = EDGE_CURVE ( 'NONE', #11947, #10651, #177, .T. ) ;
#4522 = DIRECTION ( 'NONE',  ( -1.000000000000000000, -0.000000000000000000, -0.000000000000000000 ) ) ;
#4523 = VECTOR ( 'NONE', #3794, 1000.000000000000000 ) ;
#4524 = DIRECTION ( 'NONE',  ( -1.000000000000000000, -0.000000000000000000, -0.000000000000000000 ) ) ;
#4525 = EDGE_CURVE ( 'NONE', #462, #6839, #4112, .T. ) ;
#4526 = B_SPLINE_CURVE_WITH_KNOTS ( 'NONE', 3,
 ( #7171, #11049, #9888, #6142, #10076, #7054, #5903, #5181, #9117, #5067, #9832, #4933, #6088, #8856, #3052, #21, #8930, #3964, #7889, #11826, #8005, #2998, #2155, #8995, #5955, #95, #4033, #152, #7950, #6981, #10021, #11936, #3111, #10913, #2081, #11102, #12123, #9424, #2454, #12320, #12199, #10327 ),
 .UNSPECIFIED., .F., .F.,
 ( 4, 2, 2, 2, 2, 2, 2, 2, 2, 2, 2, 2, 2, 2, 2, 2, 2, 2, 2, 2, 4 ),
 ( 1.971579220165129926E-07, 0.0009063888329760597063, 0.001359484670503081439, 0.001812580508030102846, 0.002265676345557124469, 0.002718772183084146310, 0.003624963858138175246, 0.004531155533192205050, 0.005437347208246233986, 0.006343538883300264657, 0.007249730558354290123, 0.008155922233408314723, 0.009062113908462340189, 0.009968305583516365656, 0.01087449725857039112, 0.01132759309609740472, 0.01178068893362442006, 0.01223378477115143192, 0.01268688060867844553, 0.01359307228373248314, 0.01449926395878652248 ),
 .UNSPECIFIED. ) ;
#4527 = DIRECTION ( 'NONE',  ( -1.000000000000000000, -0.000000000000000000, 0.000000000000000000 ) ) ;
#4528 = VERTEX_POINT ( 'NONE', #10361 ) ;
#4529 = CARTESIAN_POINT ( 'NONE',  ( -4.999999999999993783, -99.99262110727715935, 138.7852061507337851 ) ) ;
#4530 = DIRECTION ( 'NONE',  ( 1.000000000000000000, 0.000000000000000000, 0.000000000000000000 ) ) ;
#4531 = COORDINATED_UNIVERSAL_TIME_OFFSET ( 5, 30, .AHEAD. ) ;
#4532 = VERTEX_POINT ( 'NONE', #7269 ) ;
#4533 = AXIS2_PLACEMENT_3D ( 'NONE', #1712, #1774, #9640 ) ;
#4534 = VERTEX_POINT ( 'NONE', #9148 ) ;
#4535 = DIRECTION ( 'NONE',  ( -0.000000000000000000, 1.000000000000000000, 1.224646799147353207E-16 ) ) ;
#4536 = ORIENTED_EDGE ( 'NONE', *, *, #345, .T. ) ;
#4537 = TOROIDAL_SURFACE ( 'NONE', #6596, 45.00000000000000000, 4.999999999999997335 ) ;
#4538 = CYLINDRICAL_SURFACE ( 'NONE', #11799, 100.0000000000000000 ) ;
#4539 = DIRECTION ( 'NONE',  ( 0.000000000000000000, 0.8507457776495355173, -0.5255774175242760027 ) ) ;
#4540 = DIRECTION ( 'NONE',  ( 0.000000000000000000, 0.000000000000000000, 1.000000000000000000 ) ) ;
#4541 = ADVANCED_FACE ( 'NONE', ( #1449 ), #1264, .F. ) ;
#4542 = AXIS2_PLACEMENT_3D ( 'NONE', #1616, #10652, #9684 ) ;
#4543 = VERTEX_POINT ( 'NONE', #10289 ) ;
#4544 = CIRCLE ( 'NONE', #11747, 140.0000000000000000 ) ;
#4545 = DIRECTION ( 'NONE',  ( -1.000000000000000000, -0.000000000000000000, -0.000000000000000000 ) ) ;
#4546 = DIRECTION ( 'NONE',  ( 0.000000000000000000, 0.9791975930924242677, -0.2029090280938803392 ) ) ;
#4547 = DIRECTION ( 'NONE',  ( -1.000000000000000000, 0.000000000000000000, 0.000000000000000000 ) ) ;
#4548 = FACE_OUTER_BOUND ( 'NONE', #8729, .T. ) ;
#4549 = CARTESIAN_POINT ( 'NONE',  ( -5.379187886613751246, 50.81191139531522083, 15.38436998128048394 ) ) ;
#4550 = ORIENTED_EDGE ( 'NONE', *, *, #10900, .T. ) ;
#4551 = DIRECTION ( 'NONE',  ( -1.000000000000000000, -0.000000000000000000, -0.000000000000000000 ) ) ;
#4552 = DIRECTION ( 'NONE',  ( 0.000000000000000000, -0.1736481776669373256, -0.9848077530122067991 ) ) ;
#4553 = CIRCLE ( 'NONE', #8249, 100.0000000000002132 ) ;
#4554 = AXIS2_PLACEMENT_3D ( 'NONE', #7374, #6296, #3254 ) ;
#4555 = DIRECTION ( 'NONE',  ( 0.000000000000000000, -0.9791975930924242677, 0.2029090280938803392 ) ) ;
#4556 = EDGE_CURVE ( 'NONE', #8597, #6479, #8627, .T. ) ;
#4557 = DIRECTION ( 'NONE',  ( 0.000000000000000000, 0.000000000000000000, 1.000000000000000000 ) ) ;
#4558 = AXIS2_PLACEMENT_3D ( 'NONE', #11165, #11287, #391 ) ;
#4559 = CIRCLE ( 'NONE', #11764, 140.0000000000000000 ) ;
#4560 = CIRCLE ( 'NONE', #5817, 140.0000000000000000 ) ;
#4561 = DIRECTION ( 'NONE',  ( 0.000000000000000000, 0.8507457776495355173, -0.5255774175242760027 ) ) ;
#4562 = EDGE_CURVE ( 'NONE', #9613, #6317, #554, .T. ) ;
#4563 = EDGE_LOOP ( 'NONE', ( #1047, #104, #10854, #5101, #7649, #2906 ) ) ;
#4564 = LINE ( 'NONE', #12354, #3563 ) ;
#4565 = AXIS2_PLACEMENT_3D ( 'NONE', #7701, #740, #11374 ) ;
#4566 = CARTESIAN_POINT ( 'NONE',  ( -35.00000000000000000, 0.000000000000000000, 75.00000000000000000 ) ) ;
#4567 = ORIENTED_EDGE ( 'NONE', *, *, #2238, .F. ) ;
#4568 = DIRECTION ( 'NONE',  ( -1.000000000000000000, 0.000000000000000000, 0.000000000000000000 ) ) ;
#4569 = EDGE_LOOP ( 'NONE', ( #10305, #8624, #11720, #8000, #10475, #12241 ) ) ;
#4570 = ORIENTED_EDGE ( 'NONE', *, *, #9332, .T. ) ;
#4571 = DIRECTION ( 'NONE',  ( 0.000000000000000000, 0.5000000000000008882, 0.8660254037844381525 ) ) ;
#4572 = ORIENTED_EDGE ( 'NONE', *, *, #2618, .F. ) ;
#4573 = ORIENTED_EDGE ( 'NONE', *, *, #4128, .F. ) ;
#4574 = CIRCLE ( 'NONE', #3961, 54.99999999999999289 ) ;
#4575 = AXIS2_PLACEMENT_3D ( 'NONE', #12282, #4430, #1331 ) ;
#4576 = CIRCLE ( 'NONE', #655, 140.0000000000000000 ) ;
#4577 = ORIENTED_EDGE ( 'NONE', *, *, #11275, .T. ) ;
#4578 = VECTOR ( 'NONE', #8803, 1000.000000000000000 ) ;
#4579 = CARTESIAN_POINT ( 'NONE',  ( -4.999999999999993783, 113.8029070527157245, 81.78621229002759208 ) ) ;
#4580 = DIRECTION ( 'NONE',  ( 0.000000000000000000, 0.000000000000000000, 1.000000000000000000 ) ) ;
#4581 = VERTEX_POINT ( 'NONE', #1338 ) ;
#4582 = EDGE_CURVE ( 'NONE', #11032, #11847, #5336, .T. ) ;
#4583 = DIRECTION ( 'NONE',  ( 0.000000000000000000, -0.9848077530122063550, 0.1736481776669404620 ) ) ;
#4584 = VECTOR ( 'NONE', #1553, 1000.000000000000000 ) ;
#4585 = CIRCLE ( 'NONE', #11791, 140.0000000000000000 ) ;
#4586 = EDGE_LOOP ( 'NONE', ( #6859, #3566, #3091, #7018, #11019, #7560 ) ) ;
#4587 = DIRECTION ( 'NONE',  ( 0.000000000000000000, 0.6196814657516496183, -0.7848534137046784265 ) ) ;
#4588 = DIRECTION ( 'NONE',  ( 0.000000000000000000, -0.8805362840562135363, -0.4739787468447031471 ) ) ;
#4589 = AXIS2_PLACEMENT_3D ( 'NONE', #11587, #5668, #1536 ) ;
#4590 = AXIS2_PLACEMENT_3D ( 'NONE', #4094, #3008, #11762 ) ;
#4591 = ORIENTED_EDGE ( 'NONE', *, *, #7940, .T. ) ;
#4592 = ORIENTED_EDGE ( 'NONE', *, *, #6598, .F. ) ;
#4593 = PLANE ( 'NONE',  #5031 ) ;
#4594 = VECTOR ( 'NONE', #3692, 1000.000000000000000 ) ;
#4595 = DIRECTION ( 'NONE',  ( -1.000000000000000000, -0.000000000000000000, -0.000000000000000000 ) ) ;
#4596 = CIRCLE ( 'NONE', #9540, 140.0000000000000000 ) ;
#4597 = AXIS2_PLACEMENT_3D ( 'NONE', #3281, #4313, #5298 ) ;
#4598 = CARTESIAN_POINT ( 'NONE',  ( -4.999999999999993783, -149.6241146709416228, 80.37303019083788058 ) ) ;
#4599 = AXIS2_PLACEMENT_3D ( 'NONE', #9265, #8174, #4190 ) ;
#4600 = EDGE_CURVE ( 'NONE', #7178, #5348, #9393, .T. ) ;
#4601 = FACE_OUTER_BOUND ( 'NONE', #8479, .T. ) ;
#4602 = VERTEX_POINT ( 'NONE', #6423 ) ;
#4603 = DIRECTION ( 'NONE',  ( -1.000000000000000000, -0.000000000000000000, -0.000000000000000000 ) ) ;
#4604 = DIRECTION ( 'NONE',  ( -1.000000000000000000, -0.000000000000000000, -0.000000000000000000 ) ) ;
#4605 = DIRECTION ( 'NONE',  ( -1.000000000000000000, -0.000000000000000000, -0.000000000000000000 ) ) ;
#4606 = ORIENTED_EDGE ( 'NONE', *, *, #1936, .T. ) ;
#4607 = ORIENTED_EDGE ( 'NONE', *, *, #3330, .T. ) ;
#4608 = CARTESIAN_POINT ( 'NONE',  ( 5.000000000000006217, -90.03083239009171734, 107.2933624945064821 ) ) ;
#4609 = ORIENTED_EDGE ( 'NONE', *, *, #2545, .F. ) ;
#4610 = CIRCLE ( 'NONE', #11598, 100.0000000000001990 ) ;
#4611 = ADVANCED_FACE ( 'NONE', ( #7330 ), #12229, .T. ) ;
#4612 = DIRECTION ( 'NONE',  ( 0.000000000000000000, -0.7660444431189835646, -0.6427876096865327016 ) ) ;
#4613 = EDGE_CURVE ( 'NONE', #515, #1467, #6166, .T. ) ;
#4614 = DIRECTION ( 'NONE',  ( 0.000000000000000000, 0.3864081637724074980, -0.9223278869090082432 ) ) ;
#4615 = CIRCLE ( 'NONE', #6059, 140.0000000000000000 ) ;
#4616 = CARTESIAN_POINT ( 'NONE',  ( 35.00000000000000000, 0.000000000000000000, 0.000000000000000000 ) ) ;
#4617 = AXIS2_PLACEMENT_3D ( 'NONE', #1318, #7123, #12074 ) ;
#4618 = VERTEX_POINT ( 'NONE', #5399 ) ;
#4619 = CARTESIAN_POINT ( 'NONE',  ( 4.999999999999997335, -35.26711513754810312, -48.54101966249704958 ) ) ;
#4620 = DIRECTION ( 'NONE',  ( 0.000000000000000000, -0.5000000000000069944, -0.8660254037844345998 ) ) ;
#4621 = FACE_OUTER_BOUND ( 'NONE', #5429, .T. ) ;
#4622 = CARTESIAN_POINT ( 'NONE',  ( 5.000000000000006217, 5.206971411072333744, -169.7647994192103056 ) ) ;
#4623 = CARTESIAN_POINT ( 'NONE',  ( -4.999999999999993783, 97.87195845839806907, 100.3053633756247081 ) ) ;
#4624 = VERTEX_POINT ( 'NONE', #4436 ) ;
#4625 = DIRECTION ( 'NONE',  ( 0.000000000000000000, 0.000000000000000000, 1.000000000000000000 ) ) ;
#4626 = AXIS2_PLACEMENT_3D ( 'NONE', #8036, #63, #127 ) ;
#4627 = FACE_OUTER_BOUND ( 'NONE', #10908, .T. ) ;
#4628 = EDGE_CURVE ( 'NONE', #1243, #5108, #12726, .T. ) ;
#4629 = APPROVAL_PERSON_ORGANIZATION ( #9568, #2862, #11628 ) ;
#4630 = CARTESIAN_POINT ( 'NONE',  ( 5.000000000000006217, 126.2760119032861610, 60.78202852981828386 ) ) ;
#4631 = CARTESIAN_POINT ( 'NONE',  ( -18.00000000000004263, 0.000000000000000000, 0.000000000000000000 ) ) ;
#4632 = VECTOR ( 'NONE', #7257, 999.9999999999998863 ) ;
#4633 = DIRECTION ( 'NONE',  ( 0.000000000000000000, 0.000000000000000000, 1.000000000000000000 ) ) ;
#4634 = CARTESIAN_POINT ( 'NONE',  ( 34.99999999999996447, 0.000000000000000000, 0.000000000000000000 ) ) ;
#4635 = VERTEX_POINT ( 'NONE', #9331 ) ;
#4636 = CARTESIAN_POINT ( 'NONE',  ( -4.999999999999993783, 157.7458401751238739, 62.95593364064023945 ) ) ;
#4637 = CARTESIAN_POINT ( 'NONE',  ( 5.000000000000006217, -74.37371037525457496, 154.0402834560586882 ) ) ;
#4638 = ORIENTED_EDGE ( 'NONE', *, *, #5442, .T. ) ;
#4639 = DIRECTION ( 'NONE',  ( 0.000000000000000000, -0.8507457776495317425, 0.5255774175242818869 ) ) ;
#4640 = ORIENTED_EDGE ( 'NONE', *, *, #12756, .T. ) ;
#4641 = PLANE ( 'NONE',  #7998 ) ;
#4642 = ORIENTED_EDGE ( 'NONE', *, *, #5876, .T. ) ;
#4643 = ORIENTED_EDGE ( 'NONE', *, *, #12316, .T. ) ;
#4644 = CIRCLE ( 'NONE', #11840, 100.0000000000000284 ) ;
#4645 = APPLICATION_CONTEXT ( 'configuration controlled 3d designs of mechanical parts and assemblies' ) ;
#4646 = EDGE_CURVE ( 'NONE', #6134, #10557, #1406, .T. ) ;
#4647 = EDGE_CURVE ( 'NONE', #4776, #9218, #9039, .T. ) ;
#4648 = EDGE_LOOP ( 'NONE', ( #6823, #294, #6896, #823 ) ) ;
#4649 = CARTESIAN_POINT ( 'NONE',  ( -4.999999999999992895, 121.2435565298213618, -70.00000000000015632 ) ) ;
#4650 = LINE ( 'NONE', #8707, #9166 ) ;
#4651 = ORIENTED_EDGE ( 'NONE', *, *, #10121, .T. ) ;
#4652 = DIRECTION ( 'NONE',  ( 0.000000000000000000, 0.4739787468447061447, -0.8805362840562118709 ) ) ;
#4653 = CIRCLE ( 'NONE', #4040, 100.0000000000000284 ) ;
#4654 = EDGE_LOOP ( 'NONE', ( #3157, #10088, #6384 ) ) ;
#4655 = CARTESIAN_POINT ( 'NONE',  ( 5.000000000000004441, 0.000000000000000000, 0.000000000000000000 ) ) ;
#4656 = DIRECTION ( 'NONE',  ( 0.000000000000000000, 0.000000000000000000, -1.000000000000000000 ) ) ;
#4657 = VERTEX_POINT ( 'NONE', #6549 ) ;
#4658 = ORIENTED_EDGE ( 'NONE', *, *, #6363, .T. ) ;
#4659 = DIRECTION ( 'NONE',  ( 0.000000000000000000, 0.000000000000000000, 1.000000000000000000 ) ) ;
#4660 = EDGE_CURVE ( 'NONE', #6342, #2893, #9444, .T. ) ;
#4661 = DIRECTION ( 'NONE',  ( 0.000000000000000000, 0.8507457776495336299, -0.5255774175242790003 ) ) ;
#4662 = DIRECTION ( 'NONE',  ( 1.000000000000000000, 0.000000000000000000, 0.000000000000000000 ) ) ;
#4663 = DIRECTION ( 'NONE',  ( -1.000000000000000000, -0.000000000000000000, -0.000000000000000000 ) ) ;
#4664 = ORIENTED_EDGE ( 'NONE', *, *, #3417, .T. ) ;
#4665 = CARTESIAN_POINT ( 'NONE',  ( -4.999999999999993783, -137.9341937727409118, -24.32230672642538138 ) ) ;
#4666 = DIRECTION ( 'NONE',  ( -1.000000000000000000, -0.000000000000000000, -0.000000000000000000 ) ) ;
#4667 = VERTEX_POINT ( 'NONE', #10616 ) ;
#4668 = VERTEX_POINT ( 'NONE', #11387 ) ;
#4669 = DIRECTION ( 'NONE',  ( 0.000000000000000000, 0.000000000000000000, 1.000000000000000000 ) ) ;
#4670 = VERTEX_POINT ( 'NONE', #12478 ) ;
#4671 = ADVANCED_FACE ( 'NONE', ( #12416 ), #12680, .F. ) ;
#4672 = DIRECTION ( 'NONE',  ( 0.000000000000000000, 0.8412165803726492364, 0.5406983122834269073 ) ) ;
#4673 = EDGE_CURVE ( 'NONE', #4340, #2041, #7636, .T. ) ;
#4674 = CARTESIAN_POINT ( 'NONE',  ( -40.00000000000000000, 57.06339097770900537, 18.54101966249749367 ) ) ;
#4675 = LINE ( 'NONE', #7509, #2509 ) ;
#4676 = VERTEX_POINT ( 'NONE', #2675 ) ;
#4677 = DIRECTION ( 'NONE',  ( 0.000000000000000000, 0.000000000000000000, 1.000000000000000000 ) ) ;
#4678 = DIRECTION ( 'NONE',  ( -1.000000000000000000, 0.000000000000000000, 0.000000000000000000 ) ) ;
#4679 = EDGE_CURVE ( 'NONE', #3276, #5758, #6356, .T. ) ;
#4680 = EDGE_CURVE ( 'NONE', #473, #515, #5132, .T. ) ;
#4681 = CARTESIAN_POINT ( 'NONE',  ( 40.00000000000000711, 35.26711513754881366, -48.54101966249653799 ) ) ;
#4682 = CARTESIAN_POINT ( 'NONE',  ( 4.999999999999999112, -51.47089191217059323, 61.24334482836746929 ) ) ;
#4683 = DIRECTION ( 'NONE',  ( 0.000000000000000000, 0.6427876096865354771, -0.7660444431189813441 ) ) ;
#4684 = DIRECTION ( 'NONE',  ( 0.000000000000000000, -0.9549225324549481808, 0.2968551111398091136 ) ) ;
#4685 = ORIENTED_EDGE ( 'NONE', *, *, #7584, .F. ) ;
#4686 = DIRECTION ( 'NONE',  ( 0.000000000000000000, 0.9494645049895570343, 0.3138744235597024645 ) ) ;
#4687 = CARTESIAN_POINT ( 'NONE',  ( -5.000000000000004441, 0.000000000000000000, 0.000000000000000000 ) ) ;
#4688 = CARTESIAN_POINT ( 'NONE',  ( 5.000000000000006217, 42.04161805105322003, 165.8082026736148578 ) ) ;
#4689 = CARTESIAN_POINT ( 'NONE',  ( 5.000000000000006217, -61.32372863323242029, 51.37509422393639369 ) ) ;
#4690 = ADVANCED_FACE ( 'NONE', ( #7520 ), #12609, .F. ) ;
#4691 = CARTESIAN_POINT ( 'NONE',  ( 5.000000000000004441, 0.000000000000000000, 0.000000000000000000 ) ) ;
#4692 = FACE_OUTER_BOUND ( 'NONE', #2502, .T. ) ;
#4693 = VERTEX_POINT ( 'NONE', #1779 ) ;
#4694 = CARTESIAN_POINT ( 'NONE',  ( 5.000000000000006217, 141.4296642867068385, -96.21594349147424907 ) ) ;
#4695 = DIRECTION ( 'NONE',  ( -1.000000000000000000, -0.000000000000000000, -0.000000000000000000 ) ) ;
#4696 = VERTEX_POINT ( 'NONE', #7711 ) ;
#4697 = DIRECTION ( 'NONE',  ( -1.000000000000000000, 0.000000000000000000, -0.000000000000000000 ) ) ;
#4698 = ORIENTED_EDGE ( 'NONE', *, *, #7976, .F. ) ;
#4699 = CARTESIAN_POINT ( 'NONE',  ( 20.00000000000000355, 0.000000000000000000, 0.000000000000000000 ) ) ;
#4700 = ORIENTED_EDGE ( 'NONE', *, *, #77, .T. ) ;
#4701 = EDGE_LOOP ( 'NONE', ( #3495, #5878, #1505, #10054 ) ) ;
#4702 = CARTESIAN_POINT ( 'NONE',  ( 5.000000000000006217, -42.04161805105204053, -165.8082026736150567 ) ) ;
#4703 = ORIENTED_EDGE ( 'NONE', *, *, #974, .T. ) ;
#4704 = CARTESIAN_POINT ( 'NONE',  ( 5.000000000000006217, 122.5733066456637772, -119.3132105852207872 ) ) ;
#4705 = FACE_OUTER_BOUND ( 'NONE', #2917, .T. ) ;
#4706 = EDGE_CURVE ( 'NONE', #1448, #9913, #6568, .T. ) ;
#4707 = ORIENTED_EDGE ( 'NONE', *, *, #2664, .F. ) ;
#4708 = CARTESIAN_POINT ( 'NONE',  ( 5.000000000000004441, 28.40726393314325549, 137.0876630329394175 ) ) ;
#4709 = VERTEX_POINT ( 'NONE', #1718 ) ;
#4710 = CARTESIAN_POINT ( 'NONE',  ( 5.000000000000006217, 138.7852061507327335, 99.99262110727862307 ) ) ;
#4711 = EDGE_CURVE ( 'NONE', #12688, #9090, #6778, .T. ) ;
#4712 = CARTESIAN_POINT ( 'NONE',  ( 5.000000000000006217, -127.7303910488290768, 57.66310238715666969 ) ) ;
#4713 = ORIENTED_EDGE ( 'NONE', *, *, #7433, .T. ) ;
#4714 = EDGE_LOOP ( 'NONE', ( #10438, #11394, #6954, #5672, #1223 ) ) ;
#4715 = AXIS2_PLACEMENT_3D ( 'NONE', #7195, #4362, #11127 ) ;
#4716 = CARTESIAN_POINT ( 'NONE',  ( 5.000000000000006217, 12.61061916935282667, 170.5896538667299183 ) ) ;
#4717 = DIRECTION ( 'NONE',  ( -1.000000000000000000, -0.000000000000000000, -0.000000000000000000 ) ) ;
#4718 = DIRECTION ( 'NONE',  ( -1.000000000000000000, 0.000000000000000000, 0.000000000000000000 ) ) ;
#4719 = VECTOR ( 'NONE', #2243, 1000.000000000000000 ) ;
#4720 = PLANE ( 'NONE',  #11852 ) ;
#4721 = ADVANCED_FACE ( 'NONE', ( #1637 ), #9645, .F. ) ;
#4722 = ORIENTED_EDGE ( 'NONE', *, *, #513, .T. ) ;
#4723 = FACE_OUTER_BOUND ( 'NONE', #1834, .T. ) ;
#4724 = DIRECTION ( 'NONE',  ( 0.000000000000000000, 0.000000000000000000, 1.000000000000000000 ) ) ;
#4725 = EDGE_CURVE ( 'NONE', #11531, #3226, #3897, .T. ) ;
#4726 = VERTEX_POINT ( 'NONE', #12535 ) ;
#4727 = ORIENTED_EDGE ( 'NONE', *, *, #8704, .F. ) ;
#4728 = CARTESIAN_POINT ( 'NONE',  ( -4.999999999999993783, -170.5896538667299467, 12.61061916935229910 ) ) ;
#4729 = ORIENTED_EDGE ( 'NONE', *, *, #6334, .F. ) ;
#4730 = PLANE ( 'NONE',  #8923 ) ;
#4731 = VECTOR ( 'NONE', #5136, 1000.000000000000000 ) ;
#4732 = DIRECTION ( 'NONE',  ( -1.000000000000000000, -0.000000000000000000, -0.000000000000000000 ) ) ;
#4733 = DIRECTION ( 'NONE',  ( 0.000000000000000000, 0.000000000000000000, 1.000000000000000000 ) ) ;
#4734 = ORIENTED_EDGE ( 'NONE', *, *, #10051, .F. ) ;
#4735 = FACE_OUTER_BOUND ( 'NONE', #892, .T. ) ;
#4736 = CARTESIAN_POINT ( 'NONE',  ( -4.999999999999990230, -53.56599702107443761, 12.47733798284909668 ) ) ;
#4737 = CARTESIAN_POINT ( 'NONE',  ( -4.999999999999993783, 56.15474879678081521, 56.97933123133726241 ) ) ;
#4738 = AXIS2_PLACEMENT_3D ( 'NONE', #3656, #6698, #7647 ) ;
#4739 = DIRECTION ( 'NONE',  ( 0.000000000000000000, 0.9396926207859068736, -0.3420201433256726542 ) ) ;
#4740 = ADVANCED_FACE ( 'NONE', ( #5522, #9446 ), #611, .F. ) ;
#4741 = DIRECTION ( 'NONE',  ( 0.000000000000000000, 0.000000000000000000, -1.000000000000000000 ) ) ;
#4742 = DIRECTION ( 'NONE',  ( 1.000000000000000000, 0.000000000000000000, 0.000000000000000000 ) ) ;
#4743 = EDGE_LOOP ( 'NONE', ( #4192, #2522, #1339, #10522 ) ) ;
#4744 = CARTESIAN_POINT ( 'NONE',  ( 5.000000000000006217, 169.7647994192102772, 5.206971411072930600 ) ) ;
#4745 = DIRECTION ( 'NONE',  ( 0.000000000000000000, 0.000000000000000000, 1.000000000000000000 ) ) ;
#4746 = AXIS2_PLACEMENT_3D ( 'NONE', #7568, #5652, #11493 ) ;
#4747 = DIRECTION ( 'NONE',  ( 1.000000000000000000, 0.000000000000000000, 0.000000000000000000 ) ) ;
#4748 = CIRCLE ( 'NONE', #11944, 140.0000000000000000 ) ;
#4749 = CARTESIAN_POINT ( 'NONE',  ( -4.999999999999774403, -50.66979716487418273, 21.39092460064475532 ) ) ;
#4750 = CARTESIAN_POINT ( 'NONE',  ( -4.999999999999993783, -12.61061916935168981, -170.5896538667299751 ) ) ;
#4751 = DIRECTION ( 'NONE',  ( 0.000000000000000000, 0.000000000000000000, 1.000000000000000000 ) ) ;
#4753 = ORIENTED_EDGE ( 'NONE', *, *, #11891, .F. ) ;
#4752 = EDGE_CURVE ( 'NONE', #2494, #3348, #7182, .T. ) ;
#4754 = CARTESIAN_POINT ( 'NONE',  ( 5.000000000000006217, -96.21594349147476066, -141.4296642867064975 ) ) ;
#4755 = CC_DESIGN_PERSON_AND_ORGANIZATION_ASSIGNMENT ( #401, #2407, ( #10323 ) ) ;
#4756 = DIRECTION ( 'NONE',  ( 0.000000000000000000, 0.9919634625682268725, -0.1265246573978923150 ) ) ;
#4757 = ORIENTED_EDGE ( 'NONE', *, *, #8934, .T. ) ;
#4758 = TOROIDAL_SURFACE ( 'NONE', #11745, 85.00000000000000000, 5.000000000000000888 ) ;
#4759 = ORIENTED_EDGE ( 'NONE', *, *, #642, .T. ) ;
#4760 = CARTESIAN_POINT ( 'NONE',  ( 5.000000000000006217, 80.37303019083840638, 149.6241146709413385 ) ) ;
#4761 = CIRCLE ( 'NONE', #6397, 49.99999999999996447 ) ;
#4762 = EDGE_CURVE ( 'NONE', #2411, #236, #9517, .T. ) ;
#4763 = ORIENTED_EDGE ( 'NONE', *, *, #12067, .T. ) ;
#4764 = AXIS2_PLACEMENT_3D ( 'NONE', #6594, #10523, #10599 ) ;
#4765 = ORIENTED_EDGE ( 'NONE', *, *, #10582, .T. ) ;
#4766 = DIRECTION ( 'NONE',  ( -1.000000000000000000, -0.000000000000000000, -0.000000000000000000 ) ) ;
#4767 = EDGE_CURVE ( 'NONE', #10937, #2014, #3540, .T. ) ;
#4768 = EDGE_CURVE ( 'NONE', #11183, #4061, #6425, .T. ) ;
#4769 = ORIENTED_EDGE ( 'NONE', *, *, #1808, .F. ) ;
#4770 = CIRCLE ( 'NONE', #11136, 140.0000000000000000 ) ;
#4771 = CIRCLE ( 'NONE', #6613, 99.99999999999998579 ) ;
#4772 = FACE_OUTER_BOUND ( 'NONE', #7510, .T. ) ;
#4773 = CIRCLE ( 'NONE', #12166, 140.0000000000000000 ) ;
#4774 = DIRECTION ( 'NONE',  ( 1.000000000000000000, 0.000000000000000000, 0.000000000000000000 ) ) ;
#4775 = ORIENTED_EDGE ( 'NONE', *, *, #544, .T. ) ;
#4776 = VERTEX_POINT ( 'NONE', #5965 ) ;
#4777 = DIRECTION ( 'NONE',  ( -1.000000000000000000, -0.000000000000000000, -0.000000000000000000 ) ) ;
#4778 = ORIENTED_EDGE ( 'NONE', *, *, #4767, .F. ) ;
#4779 = DIRECTION ( 'NONE',  ( 0.000000000000000000, 0.000000000000000000, 1.000000000000000000 ) ) ;
#4780 = CARTESIAN_POINT ( 'NONE',  ( 4.999999999999999112, -78.79545396313065453, 13.83027240313179007 ) ) ;
#4781 = ORIENTED_EDGE ( 'NONE', *, *, #6634, .F. ) ;
#4782 = AXIS2_PLACEMENT_3D ( 'NONE', #12555, #8770, #5735 ) ;
#4783 = ORIENTED_EDGE ( 'NONE', *, *, #223, .T. ) ;
#4784 = CIRCLE ( 'NONE', #3322, 100.0000000000000426 ) ;
#4785 = AXIS2_PLACEMENT_3D ( 'NONE', #9788, #11501, #6695 ) ;
#4786 = CIRCLE ( 'NONE', #11973, 100.0000000000000000 ) ;
#4787 = VECTOR ( 'NONE', #6692, 1000.000000000000114 ) ;
#4788 = DIRECTION ( 'NONE',  ( -1.000000000000000000, -0.000000000000000000, -0.000000000000000000 ) ) ;
#4789 = EDGE_CURVE ( 'NONE', #8123, #6513, #2944, .T. ) ;
#4790 = DIRECTION ( 'NONE',  ( 0.000000000000000000, 0.000000000000000000, 1.000000000000000000 ) ) ;
#4791 = CARTESIAN_POINT ( 'NONE',  ( 5.000000000000004441, 0.000000000000000000, 0.000000000000000000 ) ) ;
#4792 = AXIS2_PLACEMENT_3D ( 'NONE', #1014, #10827, #10882 ) ;
#4793 = CIRCLE ( 'NONE', #11158, 4.999999999999997335 ) ;
#4794 = AXIS2_PLACEMENT_3D ( 'NONE', #40, #1066, #11115 ) ;
#4795 = AXIS2_PLACEMENT_3D ( 'NONE', #5684, #3737, #11608 ) ;
#4796 = AXIS2_PLACEMENT_3D ( 'NONE', #10338, #1506, #5452 ) ;
#4797 = CARTESIAN_POINT ( 'NONE',  ( 5.000000000000005329, 13.90933603049139577, -139.3073234657491923 ) ) ;
#4798 = EDGE_LOOP ( 'NONE', ( #1595, #7208, #8103, #11870, #10412, #2653 ) ) ;
#4799 = DIRECTION ( 'NONE',  ( -1.000000000000000000, 0.000000000000000000, -0.000000000000000000 ) ) ;
#4800 = FACE_OUTER_BOUND ( 'NONE', #10271, .T. ) ;
#4801 = ORIENTED_EDGE ( 'NONE', *, *, #10440, .T. ) ;
#4802 = DIRECTION ( 'NONE',  ( -1.000000000000000000, 0.000000000000000000, 0.000000000000000000 ) ) ;
#4803 = ORIENTED_EDGE ( 'NONE', *, *, #1155, .F. ) ;
#4804 = CIRCLE ( 'NONE', #9522, 100.0000000000000142 ) ;
#4805 = AXIS2_PLACEMENT_3D ( 'NONE', #2132, #10841, #2978 ) ;
#4806 = DIRECTION ( 'NONE',  ( 0.000000000000000000, 0.000000000000000000, 1.000000000000000000 ) ) ;
#4807 = EDGE_CURVE ( 'NONE', #10842, #6034, #8015, .T. ) ;
#4808 = AXIS2_PLACEMENT_3D ( 'NONE', #4329, #8254, #9184 ) ;
#4809 = EDGE_CURVE ( 'NONE', #8175, #2163, #7253, .T. ) ;
#4810 = CIRCLE ( 'NONE', #8093, 5.000000000000004441 ) ;
#4811 = EDGE_CURVE ( 'NONE', #2384, #6450, #1910, .T. ) ;
#4812 = DIRECTION ( 'NONE',  ( -1.000000000000000000, -0.000000000000000000, -0.000000000000000000 ) ) ;
#4813 = CARTESIAN_POINT ( 'NONE',  ( 5.000000000000004441, -132.9250306985378529, -43.94241929835876448 ) ) ;
#4814 = DIRECTION ( 'NONE',  ( 0.000000000000000000, 0.000000000000000000, 1.000000000000000000 ) ) ;
#4815 = AXIS2_PLACEMENT_3D ( 'NONE', #3367, #2451, #12008 ) ;
#4816 = DIRECTION ( 'NONE',  ( 0.000000000000000000, 0.000000000000000000, 1.000000000000000000 ) ) ;
#4817 = CIRCLE ( 'NONE', #3986, 6.999999999999999112 ) ;
#4818 = DIRECTION ( 'NONE',  ( -1.000000000000000000, -0.000000000000000000, -0.000000000000000000 ) ) ;
#4819 = PLANE ( 'NONE',  #4388 ) ;
#4820 = DIRECTION ( 'NONE',  ( -1.000000000000000000, -0.000000000000000000, -0.000000000000000000 ) ) ;
#4821 = CIRCLE ( 'NONE', #6246, 100.0000000000000284 ) ;
#4822 = DIRECTION ( 'NONE',  ( 0.000000000000000000, 0.2029090280938773416, 0.9791975930924249338 ) ) ;
#4823 = ORIENTED_EDGE ( 'NONE', *, *, #8581, .F. ) ;
#4824 = ORIENTED_EDGE ( 'NONE', *, *, #2632, .F. ) ;
#4825 = CARTESIAN_POINT ( 'NONE',  ( 40.00000000000000711, 0.000000000000000000, 60.00000000000000000 ) ) ;
#4826 = DIRECTION ( 'NONE',  ( 0.000000000000000000, 0.7660444431189749048, -0.6427876096865431377 ) ) ;
#4827 = AXIS2_PLACEMENT_3D ( 'NONE', #11734, #4975, #976 ) ;
#4828 = EDGE_CURVE ( 'NONE', #6542, #4667, #12384, .T. ) ;
#4829 = AXIS2_PLACEMENT_3D ( 'NONE', #802, #5848, #4741 ) ;
#4830 = DIRECTION ( 'NONE',  ( 0.000000000000000000, 0.000000000000000000, 1.000000000000000000 ) ) ;
#4831 = CARTESIAN_POINT ( 'NONE',  ( -5.029354912468185113, -50.35696948574570087, 20.59210135103060324 ) ) ;
#4832 = CARTESIAN_POINT ( 'NONE',  ( -4.999999999999993783, -99.99262110727715935, 138.7852061507337851 ) ) ;
#4833 = DIRECTION ( 'NONE',  ( 1.000000000000000000, 0.000000000000000000, 0.000000000000000000 ) ) ;
#4834 = ORIENTED_EDGE ( 'NONE', *, *, #10504, .F. ) ;
#4835 = CARTESIAN_POINT ( 'NONE',  ( 4.999999999999999112, -77.42292273537658787, 20.14177338547682794 ) ) ;
#4836 = VECTOR ( 'NONE', #8981, 1000.000000000000000 ) ;
#4837 = CARTESIAN_POINT ( 'NONE',  ( -24.99999999999999645, 0.000000000000000000, 39.99999999999999289 ) ) ;
#4838 = EDGE_LOOP ( 'NONE', ( #5376, #1402 ) ) ;
#4839 = ORIENTED_EDGE ( 'NONE', *, *, #10802, .T. ) ;
#4840 = DIRECTION ( 'NONE',  ( -1.000000000000000000, -0.000000000000000000, -0.000000000000000000 ) ) ;
#4841 = LOCAL_TIME ( 10, 11, 16.00000000000000000, #2991 ) ;
#4842 = VERTEX_POINT ( 'NONE', #11948 ) ;
#4843 = ORIENTED_EDGE ( 'NONE', *, *, #3064, .T. ) ;
#4844 = DIRECTION ( 'NONE',  ( 0.000000000000000000, 0.000000000000000000, 1.000000000000000000 ) ) ;
#4845 = ADVANCED_FACE ( 'NONE', ( #10867 ), #220, .F. ) ;
#4846 = ORIENTED_EDGE ( 'NONE', *, *, #8001, .T. ) ;
#4847 = AXIS2_PLACEMENT_3D ( 'NONE', #5354, #576, #8434 ) ;
#4848 = LINE ( 'NONE', #3870, #7893 ) ;
#4849 = CARTESIAN_POINT ( 'NONE',  ( -4.999999999999993783, 12.61061916935282667, 170.5896538667299183 ) ) ;
#4850 = VERTEX_POINT ( 'NONE', #1059 ) ;
#4851 = ORIENTED_EDGE ( 'NONE', *, *, #10582, .F. ) ;
#4852 = DIRECTION ( 'NONE',  ( 0.000000000000000000, 0.5406983122834184696, -0.8412165803726545654 ) ) ;
#4853 = EDGE_CURVE ( 'NONE', #12101, #2499, #7066, .T. ) ;
#4854 = VERTEX_POINT ( 'NONE', #5912 ) ;
#4855 = ADVANCED_FACE ( 'NONE', ( #5853 ), #11888, .F. ) ;
#4856 = LINE ( 'NONE', #10776, #3525 ) ;
#4857 = EDGE_LOOP ( 'NONE', ( #6911, #7985, #6006, #2036, #10314, #959 ) ) ;
#4858 = DIRECTION ( 'NONE',  ( 0.000000000000000000, -0.02979050640668165842, -0.9995561643689830911 ) ) ;
#4859 = AXIS2_PLACEMENT_3D ( 'NONE', #8556, #3793, #8812 ) ;
#4860 = VERTEX_POINT ( 'NONE', #9004 ) ;
#4861 = ORIENTED_EDGE ( 'NONE', *, *, #4809, .F. ) ;
#4862 = DIRECTION ( 'NONE',  ( 0.000000000000000000, -0.3138744235596992449, 0.9494645049895580335 ) ) ;
#4863 = CARTESIAN_POINT ( 'NONE',  ( 5.000000000000006217, -138.7852061507327335, 0.007378892721385255093 ) ) ;
#4864 = CARTESIAN_POINT ( 'NONE',  ( 5.000000000000004441, 0.000000000000000000, 0.000000000000000000 ) ) ;
#4865 = ADVANCED_FACE ( 'NONE', ( #1133 ), #5129, .F. ) ;
#4866 = AXIS2_PLACEMENT_3D ( 'NONE', #7761, #1707, #2742 ) ;
#4867 = CARTESIAN_POINT ( 'NONE',  ( 5.000000000000006217, 51.37509422393662106, 61.32372863323224976 ) ) ;
#4868 = VERTEX_POINT ( 'NONE', #9898 ) ;
#4869 = EDGE_CURVE ( 'NONE', #5046, #10308, #2874, .T. ) ;
#4870 = LINE ( 'NONE', #11873, #213 ) ;
#4871 = CARTESIAN_POINT ( 'NONE',  ( -5.000000000000004441, -139.3073234657492492, -13.90933603049090905 ) ) ;
#4872 = ORIENTED_EDGE ( 'NONE', *, *, #4050, .F. ) ;
#4873 = DIRECTION ( 'NONE',  ( -1.000000000000000000, -0.000000000000000000, -0.000000000000000000 ) ) ;
#4874 = CIRCLE ( 'NONE', #6511, 100.0000000000000000 ) ;
#4875 = LINE ( 'NONE', #11933, #11389 ) ;
#4876 = VERTEX_POINT ( 'NONE', #11002 ) ;
#4877 = CARTESIAN_POINT ( 'NONE',  ( 5.000000000000004441, 0.000000000000000000, 0.000000000000000000 ) ) ;
#4878 = PLANE ( 'NONE',  #1141 ) ;
#4879 = CARTESIAN_POINT ( 'NONE',  ( 5.000000000000006217, 39.94583737856329719, 69.31327489107731310 ) ) ;
#4880 = DIRECTION ( 'NONE',  ( -1.000000000000000000, -0.000000000000000000, -0.000000000000000000 ) ) ;
#4881 = DIRECTION ( 'NONE',  ( 0.000000000000000000, 0.000000000000000000, 1.000000000000000000 ) ) ;
#4882 = FACE_BOUND ( 'NONE', #1793, .T. ) ;
#4883 = VERTEX_POINT ( 'NONE', #8942 ) ;
#4884 = EDGE_CURVE ( 'NONE', #4384, #7927, #10765, .T. ) ;
#4885 = ORIENTED_EDGE ( 'NONE', *, *, #8952, .T. ) ;
#4886 = CARTESIAN_POINT ( 'NONE',  ( 5.000000000000005329, -134.7756013461976465, -37.88848481756456010 ) ) ;
#4887 = DIRECTION ( 'NONE',  ( 0.000000000000000000, -1.224646799147352468E-16, 1.000000000000000000 ) ) ;
#4888 = DIRECTION ( 'NONE',  ( 0.000000000000000000, -0.8660254037844328234, 0.5000000000000101030 ) ) ;
#4889 = DIRECTION ( 'NONE',  ( 0.000000000000000000, 0.5406983122834184696, -0.8412165803726545654 ) ) ;
#4890 = EDGE_CURVE ( 'NONE', #4854, #602, #2521, .T. ) ;
#4891 = DIRECTION ( 'NONE',  ( 0.000000000000000000, 0.000000000000000000, 1.000000000000000000 ) ) ;
#4892 = CARTESIAN_POINT ( 'NONE',  ( 5.000000000000006217, -170.5896538667299467, 12.61061916935229910 ) ) ;
#4893 = ORIENTED_EDGE ( 'NONE', *, *, #7276, .F. ) ;
#4894 = CARTESIAN_POINT ( 'NONE',  ( 5.000000000000006217, -113.8029070527151276, -81.78621229002838788 ) ) ;
#4895 = DIRECTION ( 'NONE',  ( -1.000000000000000000, -0.000000000000000000, -0.000000000000000000 ) ) ;
#4896 = ORIENTED_EDGE ( 'NONE', *, *, #7117, .F. ) ;
#4897 = EDGE_CURVE ( 'NONE', #8527, #4668, #8490, .T. ) ;
#4898 = ORIENTED_EDGE ( 'NONE', *, *, #7033, .T. ) ;
#4899 = CARTESIAN_POINT ( 'NONE',  ( 16.04687263017081023, 50.61003994259195338, 21.25315167739325517 ) ) ;
#4900 = VERTEX_POINT ( 'NONE', #10734 ) ;
#4901 = ORIENTED_EDGE ( 'NONE', *, *, #6750, .T. ) ;
#4902 = LINE ( 'NONE', #6709, #9714 ) ;
#4903 = ORIENTED_EDGE ( 'NONE', *, *, #827, .F. ) ;
#4904 = CARTESIAN_POINT ( 'NONE',  ( 5.000000000000006217, 13.83027240313206896, 78.79545396313061190 ) ) ;
#4905 = EDGE_LOOP ( 'NONE', ( #9771, #249, #53, #8634 ) ) ;
#4906 = ORIENTED_EDGE ( 'NONE', *, *, #8206, .F. ) ;
#4907 = LINE ( 'NONE', #8970, #9751 ) ;
#4908 = ORIENTED_EDGE ( 'NONE', *, *, #3885, .F. ) ;
#4909 = CARTESIAN_POINT ( 'NONE',  ( 5.000000000000004441, 0.000000000000000000, 0.000000000000000000 ) ) ;
#4910 = ORIENTED_EDGE ( 'NONE', *, *, #11208, .T. ) ;
#4911 = EDGE_CURVE ( 'NONE', #7128, #10693, #945, .T. ) ;
#4912 = DIRECTION ( 'NONE',  ( 0.000000000000000000, -0.9223278869090041354, -0.3864081637724169904 ) ) ;
#4913 = EDGE_LOOP ( 'NONE', ( #10456, #7488, #11142 ) ) ;
#4914 = VERTEX_POINT ( 'NONE', #12737 ) ;
#4915 = DIRECTION ( 'NONE',  ( 0.000000000000000000, -0.1736481776669172306, 0.9848077530122103518 ) ) ;
#4916 = DIRECTION ( 'NONE',  ( 0.000000000000000000, 0.000000000000000000, -1.000000000000000000 ) ) ;
#4917 = EDGE_CURVE ( 'NONE', #3927, #5155, #10924, .T. ) ;
#4918 = FACE_OUTER_BOUND ( 'NONE', #11128, .T. ) ;
#4919 = LINE ( 'NONE', #7941, #7849 ) ;
#4920 = VERTEX_POINT ( 'NONE', #4886 ) ;
#4921 = DIRECTION ( 'NONE',  ( 0.000000000000000000, -0.8507457776495317425, 0.5255774175242818869 ) ) ;
#4922 = DIRECTION ( 'NONE',  ( 0.000000000000000000, -0.3138744235596992449, 0.9494645049895580335 ) ) ;
#4923 = ADVANCED_FACE ( 'NONE', ( #9975 ), #1912, .F. ) ;
#4924 = ADVANCED_FACE ( 'NONE', ( #295 ), #8089, .F. ) ;
#4925 = ORIENTED_EDGE ( 'NONE', *, *, #11451, .F. ) ;
#4926 = LINE ( 'NONE', #3107, #35 ) ;
#4927 = ADVANCED_FACE ( 'NONE', ( #3443 ), #8153, .F. ) ;
#4928 = DIRECTION ( 'NONE',  ( 0.000000000000000000, -0.7660444431189835646, -0.6427876096865328126 ) ) ;
#4929 = ORIENTED_EDGE ( 'NONE', *, *, #1035, .T. ) ;
#4930 = EDGE_CURVE ( 'NONE', #5729, #11947, #9119, .T. ) ;
#4931 = EDGE_CURVE ( 'NONE', #12094, #4543, #3554, .T. ) ;
#4932 = VECTOR ( 'NONE', #310, 1000.000000000000114 ) ;
#4933 = CARTESIAN_POINT ( 'NONE',  ( 17.70626686302527730, -52.59326450822749877, 13.15023807078247486 ) ) ;
#4934 = DIRECTION ( 'NONE',  ( 0.000000000000000000, 0.000000000000000000, 1.000000000000000000 ) ) ;
#4935 = DIRECTION ( 'NONE',  ( 0.000000000000000000, -0.9754147273220610259, -0.2203771987371407892 ) ) ;
#4936 = LINE ( 'NONE', #9835, #5 ) ;
#4937 = DIRECTION ( 'NONE',  ( -1.000000000000000000, -0.000000000000000000, -0.000000000000000000 ) ) ;
#4938 = CARTESIAN_POINT ( 'NONE',  ( -40.00000000000000000, -35.26711513754810312, -41.54101966249704958 ) ) ;
#4939 = VERTEX_POINT ( 'NONE', #9192 ) ;
#4940 = CIRCLE ( 'NONE', #1624, 6.999999999999999112 ) ;
#4941 = VERTEX_POINT ( 'NONE', #10159 ) ;
#4942 = CARTESIAN_POINT ( 'NONE',  ( -4.999999999999993783, -27.42035973919416847, 75.15400103636433471 ) ) ;
#4943 = CARTESIAN_POINT ( 'NONE',  ( -5.999999989902971009E-06, 50.66979716487423957, 21.39092460064564705 ) ) ;
#4944 = ADVANCED_FACE ( 'NONE', ( #12023 ), #4281, .T. ) ;
#4945 = CARTESIAN_POINT ( 'NONE',  ( -4.999999999999993783, 47.90336138264957100, 131.6156692209314372 ) ) ;
#4946 = AXIS2_PLACEMENT_3D ( 'NONE', #7579, #1644, #11505 ) ;
#4947 = CARTESIAN_POINT ( 'NONE',  ( 15.51232629526676732, 28.42491068857159675, -47.06212723254130736 ) ) ;
#4948 = CARTESIAN_POINT ( 'NONE',  ( -4.999999999999990230, -28.41945699475529707, -47.08858103747932233 ) ) ;
#4949 = FACE_OUTER_BOUND ( 'NONE', #912, .T. ) ;
#4950 = ORIENTED_EDGE ( 'NONE', *, *, #1362, .T. ) ;
#4951 = DIRECTION ( 'NONE',  ( 0.000000000000000000, 0.6427876096865404731, 0.7660444431189770143 ) ) ;
#4952 = LINE ( 'NONE', #8819, #5240 ) ;
#4953 = VERTEX_POINT ( 'NONE', #2281 ) ;
#4954 = VERTEX_POINT ( 'NONE', #8202 ) ;
#4955 = CYLINDRICAL_SURFACE ( 'NONE', #8205, 100.0000000000000284 ) ;
#4956 = ORIENTED_EDGE ( 'NONE', *, *, #2648, .F. ) ;
#4957 = LINE ( 'NONE', #4001, #11984 ) ;
#4958 = AXIS2_PLACEMENT_3D ( 'NONE', #6091, #4880, #5124 ) ;
#4959 = AXIS2_PLACEMENT_3D ( 'NONE', #12326, #8198, #3493 ) ;
#4960 = EDGE_CURVE ( 'NONE', #5348, #640, #12133, .T. ) ;
#4961 = ORIENTED_EDGE ( 'NONE', *, *, #476, .F. ) ;
#4962 = ADVANCED_FACE ( 'NONE', ( #10087 ), #1433, .T. ) ;
#4963 = CARTESIAN_POINT ( 'NONE',  ( 4.999999999999999112, 20.14177338547709084, 77.42292273537655944 ) ) ;
#4964 = CARTESIAN_POINT ( 'NONE',  ( -4.999999999999997335, -35.26711513754810312, -48.54101966249704958 ) ) ;
#4965 = ORIENTED_EDGE ( 'NONE', *, *, #7840, .T. ) ;
#4966 = DIRECTION ( 'NONE',  ( 0.000000000000000000, 0.000000000000000000, 1.000000000000000000 ) ) ;
#4967 = AXIS2_PLACEMENT_3D ( 'NONE', #7409, #3478, #10069 ) ;
#4968 = ORIENTED_EDGE ( 'NONE', *, *, #5783, .T. ) ;
#4969 = DIRECTION ( 'NONE',  ( 0.000000000000000000, 0.000000000000000000, 1.000000000000000000 ) ) ;
#4970 = VERTEX_POINT ( 'NONE', #7246 ) ;
#4971 = LINE ( 'NONE', #6067, #4386 ) ;
#4972 = EDGE_LOOP ( 'NONE', ( #1424, #6963, #6215 ) ) ;
#4973 = ORIENTED_EDGE ( 'NONE', *, *, #10440, .F. ) ;
#4974 = CIRCLE ( 'NONE', #2698, 54.99999999999999289 ) ;
#4975 = DIRECTION ( 'NONE',  ( -1.000000000000000000, -0.000000000000000000, -0.000000000000000000 ) ) ;
#4976 = AXIS2_PLACEMENT_3D ( 'NONE', #12194, #8389, #6202 ) ;
#4977 = VECTOR ( 'NONE', #1023, 1000.000000000000000 ) ;
#4978 = EDGE_CURVE ( 'NONE', #6829, #8294, #8268, .T. ) ;
#4979 = DIRECTION ( 'NONE',  ( 0.000000000000000000, 0.04765018403449350348, -0.9988640848291018282 ) ) ;
#4980 = ORIENTED_EDGE ( 'NONE', *, *, #3418, .T. ) ;
#4981 = DIRECTION ( 'NONE',  ( -1.000000000000000000, 0.000000000000000000, 0.000000000000000000 ) ) ;
#4982 = VECTOR ( 'NONE', #2890, 1000.000000000000000 ) ;
#4983 = AXIS2_PLACEMENT_3D ( 'NONE', #3423, #2392, #10201 ) ;
#4984 = ORIENTED_EDGE ( 'NONE', *, *, #8550, .T. ) ;
#4985 = DIRECTION ( 'NONE',  ( -1.000000000000000000, 0.000000000000000000, 0.000000000000000000 ) ) ;
#4986 = AXIS2_PLACEMENT_3D ( 'NONE', #9261, #3597, #6361 ) ;
#4987 = DIRECTION ( 'NONE',  ( -1.000000000000000000, -0.000000000000000000, -0.000000000000000000 ) ) ;
#4988 = AXIS2_PLACEMENT_3D ( 'NONE', #10606, #9634, #11635 ) ;
#4989 = VERTEX_POINT ( 'NONE', #11057 ) ;
#4990 = LINE ( 'NONE', #3836, #6405 ) ;
#4991 = PLANE ( 'NONE',  #7883 ) ;
#4992 = ORIENTED_EDGE ( 'NONE', *, *, #11399, .T. ) ;
#4993 = AXIS2_PLACEMENT_3D ( 'NONE', #612, #11316, #12095 ) ;
#4994 = CIRCLE ( 'NONE', #12420, 140.0000000000000000 ) ;
#4995 = CIRCLE ( 'NONE', #6854, 140.0000000000000000 ) ;
#4996 = AXIS2_PLACEMENT_3D ( 'NONE', #11008, #8948, #1251 ) ;
#4997 = ADVANCED_FACE ( 'NONE', ( #2220 ), #6216, .T. ) ;
#4998 = DIRECTION ( 'NONE',  ( 0.000000000000000000, 0.000000000000000000, 1.000000000000000000 ) ) ;
#4999 = VECTOR ( 'NONE', #2703, 1000.000000000000227 ) ;
#5000 = VECTOR ( 'NONE', #6097, 1000.000000000000000 ) ;
#5001 = CARTESIAN_POINT ( 'NONE',  ( -4.999999999999993783, -80.37303019083736899, -49.62411467094168671 ) ) ;
#5002 = DIRECTION ( 'NONE',  ( -1.000000000000000000, 0.000000000000000000, 0.000000000000000000 ) ) ;
#5003 = CARTESIAN_POINT ( 'NONE',  ( 5.000000000000006217, -144.4171432598692491, -89.39176922837376082 ) ) ;
#5004 = DIRECTION ( 'NONE',  ( 0.000000000000000000, 0.000000000000000000, 1.000000000000000000 ) ) ;
#5005 = AXIS2_PLACEMENT_3D ( 'NONE', #6694, #3851, #10617 ) ;
#5006 = EDGE_CURVE ( 'NONE', #2823, #4464, #1077, .T. ) ;
#5007 = VECTOR ( 'NONE', #9865, 1000.000000000000227 ) ;
#5008 = ORIENTED_EDGE ( 'NONE', *, *, #2117, .T. ) ;
#5009 = VECTOR ( 'NONE', #7569, 1000.000000000000000 ) ;
#5010 = ADVANCED_FACE ( 'NONE', ( #6344 ), #7370, .F. ) ;
#5011 = AXIS2_PLACEMENT_3D ( 'NONE', #3434, #3562, #533 ) ;
#5012 = ORIENTED_EDGE ( 'NONE', *, *, #9839, .T. ) ;
#5013 = CARTESIAN_POINT ( 'NONE',  ( 5.000000000000006217, -61.32372863323242029, 51.37509422393639369 ) ) ;
#5014 = AXIS2_PLACEMENT_3D ( 'NONE', #9158, #8118, #436 ) ;
#5015 = FACE_OUTER_BOUND ( 'NONE', #4798, .T. ) ;
#5016 = DIRECTION ( 'NONE',  ( 1.000000000000000000, 0.000000000000000000, -0.000000000000000000 ) ) ;
#5017 = AXIS2_PLACEMENT_3D ( 'NONE', #1418, #8191, #4407 ) ;
#5018 = VECTOR ( 'NONE', #1026, 1000.000000000000000 ) ;
#5019 = AXIS2_PLACEMENT_3D ( 'NONE', #10383, #1547, #11337 ) ;
#5020 = CIRCLE ( 'NONE', #2966, 99.99999999999998579 ) ;
#5021 = DIRECTION ( 'NONE',  ( 0.000000000000000000, 0.1736481776669307198, 0.9848077530122080203 ) ) ;
#5022 = DIRECTION ( 'NONE',  ( 0.000000000000000000, -0.5255774175242788893, -0.8507457776495336299 ) ) ;
#5023 = PLANE ( 'NONE',  #3334 ) ;
#5024 = ORIENTED_EDGE ( 'NONE', *, *, #2834, .T. ) ;
#5025 = DIRECTION ( 'NONE',  ( 0.000000000000000000, 0.000000000000000000, 1.000000000000000000 ) ) ;
#5026 = DIRECTION ( 'NONE',  ( 0.000000000000000000, 0.000000000000000000, 1.000000000000000000 ) ) ;
#5027 = ORIENTED_EDGE ( 'NONE', *, *, #6299, .T. ) ;
#5028 = EDGE_CURVE ( 'NONE', #8513, #819, #3142, .T. ) ;
#5029 = EDGE_LOOP ( 'NONE', ( #2110, #10953, #8824 ) ) ;
#5030 = DIRECTION ( 'NONE',  ( -1.000000000000000000, -0.000000000000000000, -0.000000000000000000 ) ) ;
#5031 = AXIS2_PLACEMENT_3D ( 'NONE', #7549, #3679, #11617 ) ;
#5032 = EDGE_LOOP ( 'NONE', ( #1114, #11334, #6355, #7702, #583 ) ) ;
#5033 = LINE ( 'NONE', #8963, #6218 ) ;
#5034 = CIRCLE ( 'NONE', #4408, 100.0000000000002132 ) ;
#5035 = AXIS2_PLACEMENT_3D ( 'NONE', #12283, #12412, #9325 ) ;
#5036 = VERTEX_POINT ( 'NONE', #10273 ) ;
#5037 = CARTESIAN_POINT ( 'NONE',  ( -5.025828699911925490, 35.26711513754879945, -41.54101966249653799 ) ) ;
#5038 = CIRCLE ( 'NONE', #7903, 140.0000000000000000 ) ;
#5039 = FACE_OUTER_BOUND ( 'NONE', #4104, .T. ) ;
#5040 = ORIENTED_EDGE ( 'NONE', *, *, #4455, .F. ) ;
#5041 = PLANE ( 'NONE',  #4374 ) ;
#5042 = ORIENTED_EDGE ( 'NONE', *, *, #1705, .F. ) ;
#5043 = LINE ( 'NONE', #7857, #4150 ) ;
#5044 = ORIENTED_EDGE ( 'NONE', *, *, #6552, .T. ) ;
#5045 = CARTESIAN_POINT ( 'NONE',  ( -4.999999999999992895, -24.31074487337075851, -137.8730854217090496 ) ) ;
#5046 = VERTEX_POINT ( 'NONE', #5378 ) ;
#5047 = ORIENTED_EDGE ( 'NONE', *, *, #4930, .T. ) ;
#5048 = ADVANCED_FACE ( 'NONE', ( #480 ), #8343, .F. ) ;
#5049 = VECTOR ( 'NONE', #1741, 1000.000000000000000 ) ;
#5050 = CARTESIAN_POINT ( 'NONE',  ( 5.000000000000004441, 0.000000000000000000, 0.000000000000000000 ) ) ;
#5051 = CARTESIAN_POINT ( 'NONE',  ( -4.999999999999990230, -4.686149805544027380, 54.80000000000003268 ) ) ;
#5052 = DIRECTION ( 'NONE',  ( -1.000000000000000000, -0.000000000000000000, -0.000000000000000000 ) ) ;
#5053 = ORIENTED_EDGE ( 'NONE', *, *, #8813, .T. ) ;
#5054 = CARTESIAN_POINT ( 'NONE',  ( -4.999999999999993783, -20.14177338547656504, -77.42292273537671576 ) ) ;
#5055 = AXIS2_PLACEMENT_3D ( 'NONE', #4062, #9857, #4005 ) ;
#5056 = VERTEX_POINT ( 'NONE', #12519 ) ;
#5057 = DIRECTION ( 'NONE',  ( -1.000000000000000000, -0.000000000000000000, -0.000000000000000000 ) ) ;
#5058 = DIRECTION ( 'NONE',  ( 0.000000000000000000, 0.000000000000000000, 1.000000000000000000 ) ) ;
#5059 = CARTESIAN_POINT ( 'NONE',  ( 5.000000000000004441, 0.000000000000000000, 0.000000000000000000 ) ) ;
#5060 = EDGE_CURVE ( 'NONE', #9935, #3805, #461, .T. ) ;
#5061 = ORIENTED_EDGE ( 'NONE', *, *, #8540, .T. ) ;
#5062 = EDGE_CURVE ( 'NONE', #3635, #1210, #7665, .T. ) ;
#5063 = DIRECTION ( 'NONE',  ( -1.000000000000000000, -0.000000000000000000, -0.000000000000000000 ) ) ;
#5064 = DIRECTION ( 'NONE',  ( -1.000000000000000000, -0.000000000000000000, -0.000000000000000000 ) ) ;
#5065 = ORIENTED_EDGE ( 'NONE', *, *, #1755, .T. ) ;
#5066 = AXIS2_PLACEMENT_3D ( 'NONE', #9581, #3699, #7629 ) ;
#5067 = CARTESIAN_POINT ( 'NONE',  ( 17.25322645288552792, -52.91554694476126741, 12.90157802583916791 ) ) ;
#5068 = CARTESIAN_POINT ( 'NONE',  ( 5.000000000000005329, -81.69950008505374228, 113.6890130393096143 ) ) ;
#5069 = CARTESIAN_POINT ( 'NONE',  ( -4.999999999999993783, -107.2933624945061553, -90.03083239009208683 ) ) ;
#5070 = CARTESIAN_POINT ( 'NONE',  ( 5.000000000000004441, 0.000000000000000000, 0.000000000000000000 ) ) ;
#5071 = FACE_OUTER_BOUND ( 'NONE', #1965, .T. ) ;
#5072 = PLANE ( 'NONE',  #488 ) ;
#5073 = AXIS2_PLACEMENT_3D ( 'NONE', #6143, #3297, #10212 ) ;
#5074 = ORIENTED_EDGE ( 'NONE', *, *, #12721, .T. ) ;
#5075 = EDGE_CURVE ( 'NONE', #11716, #1539, #2603, .T. ) ;
#5076 = ORIENTED_EDGE ( 'NONE', *, *, #8605, .T. ) ;
#5077 = DIRECTION ( 'NONE',  ( -1.000000000000000000, 0.000000000000000000, -0.000000000000000000 ) ) ;
#5078 = PLANE ( 'NONE',  #10759 ) ;
#5079 = CARTESIAN_POINT ( 'NONE',  ( 5.000000000000006217, 27.30284647801143549, 75.19677236556640310 ) ) ;
#5080 = EDGE_CURVE ( 'NONE', #102, #4117, #8534, .T. ) ;
#5081 = EDGE_CURVE ( 'NONE', #276, #7966, #6434, .T. ) ;
#5082 = CARTESIAN_POINT ( 'NONE',  ( 17.58636313942873031, 34.93812319719530279, -41.54617524361965053 ) ) ;
#5083 = CARTESIAN_POINT ( 'NONE',  ( -40.00000000000000000, 0.000000000000000000, 60.00000000000000000 ) ) ;
#5084 = DIRECTION ( 'NONE',  ( -1.000000000000000000, 0.000000000000000000, 0.000000000000000000 ) ) ;
#5085 = EDGE_LOOP ( 'NONE', ( #1145, #5040, #5742, #9420 ) ) ;
#5086 = DIRECTION ( 'NONE',  ( -1.000000000000000000, 0.000000000000000000, 0.000000000000000000 ) ) ;
#5087 = LINE ( 'NONE', #7002, #9774 ) ;
#5088 = ORIENTED_EDGE ( 'NONE', *, *, #4768, .T. ) ;
#5089 = EDGE_LOOP ( 'NONE', ( #5088, #8229, #12559, #10469, #3774, #9070 ) ) ;
#5090 = CARTESIAN_POINT ( 'NONE',  ( -4.999999999999993783, -5.206971411071154243, 169.7647994192103056 ) ) ;
#5091 = ORIENTED_EDGE ( 'NONE', *, *, #12352, .T. ) ;
#5092 = FACE_OUTER_BOUND ( 'NONE', #3759, .T. ) ;
#5093 = EDGE_CURVE ( 'NONE', #4403, #7328, #8077, .T. ) ;
#5094 = EDGE_CURVE ( 'NONE', #3272, #2165, #11953, .T. ) ;
#5095 = DIRECTION ( 'NONE',  ( 0.000000000000000000, 0.000000000000000000, 1.000000000000000000 ) ) ;
#5096 = DIRECTION ( 'NONE',  ( -1.000000000000000000, -0.000000000000000000, -0.000000000000000000 ) ) ;
#5097 = ORIENTED_EDGE ( 'NONE', *, *, #6891, .F. ) ;
#5098 = PLANE ( 'NONE',  #8091 ) ;
#5099 = EDGE_LOOP ( 'NONE', ( #632, #136, #11455, #11801, #1762, #7194 ) ) ;
#5100 = DIRECTION ( 'NONE',  ( 0.000000000000000000, -0.9549225324549460714, 0.2968551111398158304 ) ) ;
#5101 = ORIENTED_EDGE ( 'NONE', *, *, #12352, .F. ) ;
#5102 = CARTESIAN_POINT ( 'NONE',  ( -4.999999999999993783, -75.19677236556650257, 27.30284647801117259 ) ) ;
#5103 = EDGE_LOOP ( 'NONE', ( #965, #440, #7915, #4419 ) ) ;
#5104 = VERTEX_POINT ( 'NONE', #5760 ) ;
#5105 = EDGE_CURVE ( 'NONE', #2351, #1450, #4810, .T. ) ;
#5106 = CARTESIAN_POINT ( 'NONE',  ( -4.999999999999993783, 90.02964525296327736, 107.2943586208331226 ) ) ;
#5107 = DIRECTION ( 'NONE',  ( -1.000000000000000000, 0.000000000000000000, 0.000000000000000000 ) ) ;
#5109 = EDGE_CURVE ( 'NONE', #3471, #10838, #8291, .T. ) ;
#5108 = VERTEX_POINT ( 'NONE', #9431 ) ;
#5110 = FACE_OUTER_BOUND ( 'NONE', #2078, .T. ) ;
#5111 = ORIENTED_EDGE ( 'NONE', *, *, #11066, .T. ) ;
#5112 = CARTESIAN_POINT ( 'NONE',  ( -5.169816347291575021, 2.907673367189520519, 53.61824779143515940 ) ) ;
#5113 = CARTESIAN_POINT ( 'NONE',  ( -4.999999999999774403, -36.00180665649904199, -41.57968154601502420 ) ) ;
#5114 = CARTESIAN_POINT ( 'NONE',  ( 5.000000000000006217, 137.9341937727411391, 24.32230672642442215 ) ) ;
#5115 = VERTEX_POINT ( 'NONE', #8460 ) ;
#5116 = CARTESIAN_POINT ( 'NONE',  ( 5.000000000000006217, 141.4296642867068385, -96.21594349147424907 ) ) ;
#5117 = DIRECTION ( 'NONE',  ( 0.000000000000000000, -0.9791975930924262661, 0.2029090280938706248 ) ) ;
#5118 = VERTEX_POINT ( 'NONE', #10462 ) ;
#5119 = EDGE_CURVE ( 'NONE', #10651, #3593, #7878, .T. ) ;
#5120 = DIRECTION ( 'NONE',  ( 0.000000000000000000, 0.000000000000000000, -1.000000000000000000 ) ) ;
#5121 = EDGE_CURVE ( 'NONE', #271, #734, #1763, .T. ) ;
#5122 = CARTESIAN_POINT ( 'NONE',  ( 5.000000000000004441, -86.75540520523057353, 109.8794779186552972 ) ) ;
#5123 = CARTESIAN_POINT ( 'NONE',  ( 4.999999999999997335, 57.06339097770900537, 18.54101966249749367 ) ) ;
#5124 = DIRECTION ( 'NONE',  ( 0.000000000000000000, 0.000000000000000000, 1.000000000000000000 ) ) ;
#5125 = CARTESIAN_POINT ( 'NONE',  ( 5.000000000000006217, -80.37303019083736899, -149.6241146709418786 ) ) ;
#5126 = CARTESIAN_POINT ( 'NONE',  ( 5.000000000000006217, 155.9887531452615690, -70.19520364235592069 ) ) ;
#5127 = EDGE_LOOP ( 'NONE', ( #2959, #8014 ) ) ;
#5128 = ORIENTED_EDGE ( 'NONE', *, *, #5798, .T. ) ;
#5129 = PLANE ( 'NONE',  #5407 ) ;
#5130 = ORIENTED_EDGE ( 'NONE', *, *, #6170, .F. ) ;
#5131 = PLANE ( 'NONE',  #2733 ) ;
#5132 = CIRCLE ( 'NONE', #794, 100.0000000000000142 ) ;
#5133 = PLANE ( 'NONE',  #6847 ) ;
#5134 = EDGE_CURVE ( 'NONE', #12245, #2730, #6417, .T. ) ;
#5135 = DIRECTION ( 'NONE',  ( -1.000000000000000000, -0.000000000000000000, -0.000000000000000000 ) ) ;
#5136 = DIRECTION ( 'NONE',  ( -1.000000000000000000, -0.000000000000000000, -0.000000000000000000 ) ) ;
#5137 = CLOSED_SHELL ( 'NONE', ( #8828, #6659, #12530, #1584, #9045, #5717, #7090, #1440, #7044, #8138, #2726, #1573, #2032, #6476, #12146, #8264, #10119, #10198, #1205, #4027, #11913, #2503, #3486, #8393, #1234, #12724, #103, #8943, #9870, #5245, #4923, #6764, #3048, #9728, #750, #2783, #2271, #3940, #4924, #4690, #4740, #7491, #10589, #1469, #109, #2623, #11385, #2790, #11479, #1017, #9940, #12504, #1104, #7426, #12546, #10224, #11927, #11048, #8210, #11843, #1106, #6169, #11361, #11096, #8348, #10306, #5858, #10264, #12335, #6902, #12481, #9787, #4277, #1685, #7362, #8376, #12314, #723, #2471, #10417, #6528, #8113, #8538, #9443, #9468, #8927, #6901, #6780, #5497, #12197, #7290, #8425, #3738, #12091, #8706, #11371, #12349, #3501, #6335, #2942, #11336, #7103, #11621, #3368, #2507, #2950, #7906, #11227, #508, #1953, #5747, #11681, #303, #9479, #4360, #8751, #2253, #12660, #4369, #6183, #10972, #8450, #9146, #12040, #5381, #8508, #6420, #12054, #8611, #5447, #5730, #844, #8181, #2455, #5244, #3345, #7576, #3385, #10028, #12647, #2139, #7922, #1137, #408, #651, #8412, #11688, #7935, #11690, #6318, #3037, #2040, #6013, #884, #10227, #11981, #2444, #3227, #7127, #6574, #6809, #10949, #9591, #8606, #6186, #10604, #3857, #11063, #2372, #492, #4962, #1136, #1046, #1167, #8110, #5388, #10855, #2752, #450, #6328, #5872, #12511, #5474, #6917, #12012, #5660, #9822, #3011, #7662, #6272, #10843, #9755, #3372, #7813, #11262, #8532, #6808, #9019, #7473, #8590, #1005, #12692, #12678, #9275, #4944, #11406, #3944, #12370, #4319, #4364, #6266, #5910, #9650, #12075, #8381, #12007, #7899, #8791, #6137, #11107, #9306, #1964, #7990, #8297, #3713, #1463, #8604, #9562, #2985, #8695, #7623, #2403, #7671, #6261, #3634, #5309, #3683, #5618, #5941, #1639, #1679, #10990, #9681, #7754, #1142, #9195, #6567, #6815, #12201, #3449, #930, #10901, #12527, #591, #4855, #10062, #4098, #6614, #5339, #1635, #5409, #11060, #11719, #7202, #3424, #4865, #4997, #2832, #10266, #11597, #2612, #8844, #4671, #11150, #1531, #1886, #4611, #8886, #3959, #6668, #9879, #11697, #5710, #339, #381, #7418, #11291, #626, #4047, #979, #8951, #8211, #6658, #7134, #1929, #6726, #805, #9607, #8734, #1173, #10502, #4519, #9878, #10982, #5510, #5579, #9290, #672, #5220, #3770, #10661, #7021, #5461, #2162, #3301, #6813, #9059, #8989, #6797, #11079, #6029, #11021, #3830, #5048, #2389, #2706, #10950, #12543, #1369, #2121, #2218, #4721, #12321, #2804, #12483, #4350, #12552, #11636, #3184, #12151, #1766, #6072, #859, #393, #762, #2908, #7256, #4927, #8629, #6491, #10423, #8811, #3784, #10093, #6131, #11217, #4541, #4845, #3487, #5511, #6375, #6390, #3841, #5010, #3214 ) ) ;
#5138 = DIRECTION ( 'NONE',  ( -1.000000000000000000, -0.000000000000000000, -0.000000000000000000 ) ) ;
#5139 = ORIENTED_EDGE ( 'NONE', *, *, #3910, .T. ) ;
#5140 = DIRECTION ( 'NONE',  ( 0.000000000000000000, 0.1736481776669242250, -0.9848077530122091305 ) ) ;
#5141 = DIRECTION ( 'NONE',  ( -1.000000000000000000, 0.000000000000000000, -0.000000000000000000 ) ) ;
#5142 = ORIENTED_EDGE ( 'NONE', *, *, #5081, .T. ) ;
#5143 = ORIENTED_EDGE ( 'NONE', *, *, #12177, .T. ) ;
#5144 = CARTESIAN_POINT ( 'NONE',  ( -4.999999999999993783, -56.15474879678041731, -56.97933123133765321 ) ) ;
#5145 = ORIENTED_EDGE ( 'NONE', *, *, #8169, .T. ) ;
#5146 = DIRECTION ( 'NONE',  ( -1.000000000000000000, -0.000000000000000000, -0.000000000000000000 ) ) ;
#5147 = AXIS2_PLACEMENT_3D ( 'NONE', #4352, #2417, #4288 ) ;
#5148 = DIRECTION ( 'NONE',  ( -1.000000000000000000, -0.000000000000000000, 0.000000000000000000 ) ) ;
#5149 = EDGE_CURVE ( 'NONE', #8507, #6899, #6677, .T. ) ;
#5150 = CARTESIAN_POINT ( 'NONE',  ( 18.00000000000004263, 0.000000000000000000, 0.000000000000000000 ) ) ;
#5151 = DIRECTION ( 'NONE',  ( 0.000000000000000000, 0.000000000000000000, -1.000000000000000000 ) ) ;
#5152 = VERTEX_POINT ( 'NONE', #7429 ) ;
#5153 = CARTESIAN_POINT ( 'NONE',  ( -5.000000000000004441, 0.000000000000000000, 0.000000000000000000 ) ) ;
#5154 = EDGE_CURVE ( 'NONE', #8535, #2027, #541, .T. ) ;
#5155 = VERTEX_POINT ( 'NONE', #5507 ) ;
#5156 = DIRECTION ( 'NONE',  ( 0.000000000000000000, 0.6785596161822498029, -0.7345453337178026176 ) ) ;
#5157 = CIRCLE ( 'NONE', #5769, 140.0000000000000000 ) ;
#5158 = ORIENTED_EDGE ( 'NONE', *, *, #7757, .F. ) ;
#5159 = DIRECTION ( 'NONE',  ( 0.000000000000000000, 0.9494645049895549249, 0.3138744235597087373 ) ) ;
#5160 = AXIS2_PLACEMENT_3D ( 'NONE', #851, #660, #12388 ) ;
#5161 = ORIENTED_EDGE ( 'NONE', *, *, #7388, .F. ) ;
#5162 = EDGE_CURVE ( 'NONE', #3024, #1079, #8679, .T. ) ;
#5163 = ORIENTED_EDGE ( 'NONE', *, *, #980, .T. ) ;
#5164 = EDGE_CURVE ( 'NONE', #839, #10313, #2541, .T. ) ;
#5165 = AXIS2_PLACEMENT_3D ( 'NONE', #3760, #5560, #10401 ) ;
#5166 = CARTESIAN_POINT ( 'NONE',  ( 5.000000000000006217, 24.32078057235056789, 137.9344628748810351 ) ) ;
#5167 = TOROIDAL_SURFACE ( 'NONE', #9482, 85.00000000000000000, 5.000000000000000888 ) ;
#5168 = DIRECTION ( 'NONE',  ( -1.000000000000000000, -0.000000000000000000, -0.000000000000000000 ) ) ;
#5169 = VERTEX_POINT ( 'NONE', #12461 ) ;
#5170 = DIRECTION ( 'NONE',  ( 1.000000000000000000, 0.000000000000000000, 0.000000000000000000 ) ) ;
#5171 = ORIENTED_EDGE ( 'NONE', *, *, #2324, .T. ) ;
#5172 = LINE ( 'NONE', #2518, #6189 ) ;
#5173 = DIRECTION ( 'NONE',  ( -1.000000000000000000, 0.000000000000000000, 0.000000000000000000 ) ) ;
#5174 = ORIENTED_EDGE ( 'NONE', *, *, #2235, .T. ) ;
#5175 = EDGE_CURVE ( 'NONE', #2105, #4989, #597, .T. ) ;
#5176 = AXIS2_PLACEMENT_3D ( 'NONE', #10261, #12066, #4216 ) ;
#5177 = CARTESIAN_POINT ( 'NONE',  ( -4.999999999999993783, -155.9887531452610574, 70.19520364235701493 ) ) ;
#5178 = VECTOR ( 'NONE', #6441, 1000.000000000000000 ) ;
#5179 = LINE ( 'NONE', #2265, #6662 ) ;
#5180 = DIRECTION ( 'NONE',  ( -1.000000000000000000, -0.000000000000000000, -0.000000000000000000 ) ) ;
#5181 = CARTESIAN_POINT ( 'NONE',  ( 16.87860305459171073, -53.12675576247196574, 12.75239653731497924 ) ) ;
#5182 = AXIS2_PLACEMENT_3D ( 'NONE', #9954, #4802, #1042 ) ;
#5183 = CIRCLE ( 'NONE', #4785, 100.0000000000000000 ) ;
#5184 = CIRCLE ( 'NONE', #9094, 140.0000000000000000 ) ;
#5185 = DIRECTION ( 'NONE',  ( -1.000000000000000000, -0.000000000000000000, -0.000000000000000000 ) ) ;
#5186 = DIRECTION ( 'NONE',  ( -1.000000000000000000, -0.000000000000000000, -0.000000000000000000 ) ) ;
#5187 = DIRECTION ( 'NONE',  ( -0.000000000000000000, 0.2203771987371510310, -0.9754147273220588055 ) ) ;
#5188 = DIRECTION ( 'NONE',  ( 1.000000000000000000, 0.000000000000000000, 0.000000000000000000 ) ) ;
#5189 = CARTESIAN_POINT ( 'NONE',  ( -24.99999999999996803, 0.000000000000000000, 49.99999999999999289 ) ) ;
#5190 = EDGE_LOOP ( 'NONE', ( #856, #10391, #10790 ) ) ;
#5191 = EDGE_CURVE ( 'NONE', #12036, #6462, #8049, .T. ) ;
#5192 = ORIENTED_EDGE ( 'NONE', *, *, #8576, .T. ) ;
#5193 = DIRECTION ( 'NONE',  ( 0.000000000000000000, 0.000000000000000000, 1.000000000000000000 ) ) ;
#5194 = EDGE_LOOP ( 'NONE', ( #10084, #9932 ) ) ;
#5195 = AXIS2_PLACEMENT_3D ( 'NONE', #3728, #12631, #6828 ) ;
#5196 = AXIS2_PLACEMENT_3D ( 'NONE', #6784, #8792, #5946 ) ;
#5197 = DIRECTION ( 'NONE',  ( 0.000000000000000000, 0.000000000000000000, 1.000000000000000000 ) ) ;
#5198 = VECTOR ( 'NONE', #10222, 1000.000000000000000 ) ;
#5199 = EDGE_CURVE ( 'NONE', #7166, #10118, #8592, .T. ) ;
#5200 = AXIS2_PLACEMENT_3D ( 'NONE', #6227, #4426, #7133 ) ;
#5201 = VECTOR ( 'NONE', #999, 1000.000000000000000 ) ;
#5202 = FACE_OUTER_BOUND ( 'NONE', #5683, .T. ) ;
#5203 = CYLINDRICAL_SURFACE ( 'NONE', #10125, 100.0000000000001990 ) ;
#5204 = DIRECTION ( 'NONE',  ( 0.000000000000000000, -0.4581657725456767527, -0.8888667644071428509 ) ) ;
#5205 = AXIS2_PLACEMENT_3D ( 'NONE', #3708, #1638, #3787 ) ;
#5206 = AXIS2_PLACEMENT_3D ( 'NONE', #11675, #837, #10643 ) ;
#5207 = AXIS2_PLACEMENT_3D ( 'NONE', #418, #606, #491 ) ;
#5208 = VECTOR ( 'NONE', #7748, 1000.000000000000114 ) ;
#5209 = DIRECTION ( 'NONE',  ( 0.000000000000000000, 0.000000000000000000, 1.000000000000000000 ) ) ;
#5210 = DIRECTION ( 'NONE',  ( 0.000000000000000000, 0.1736481776669241694, -0.9848077530122092416 ) ) ;
#5211 = DIRECTION ( 'NONE',  ( -1.000000000000000000, 0.000000000000000000, -0.000000000000000000 ) ) ;
#5212 = CIRCLE ( 'NONE', #6856, 140.0000000000000000 ) ;
#5213 = AXIS2_PLACEMENT_3D ( 'NONE', #5013, #2028, #3123 ) ;
#5214 = CARTESIAN_POINT ( 'NONE',  ( 5.000000000000006217, -40.05413818588553454, 69.25074739081635755 ) ) ;
#5215 = ORIENTED_EDGE ( 'NONE', *, *, #810, .F. ) ;
#5216 = ORIENTED_EDGE ( 'NONE', *, *, #5486, .T. ) ;
#5217 = CARTESIAN_POINT ( 'NONE',  ( 5.000000000000006217, 40.05413818588598929, -69.25074739081610176 ) ) ;
#5218 = ORIENTED_EDGE ( 'NONE', *, *, #8378, .T. ) ;
#5219 = CARTESIAN_POINT ( 'NONE',  ( -4.999999999999992895, 89.99026535611675115, 107.2462220366559222 ) ) ;
#5220 = ADVANCED_FACE ( 'NONE', ( #6977 ), #987, .T. ) ;
#5221 = AXIS2_PLACEMENT_3D ( 'NONE', #10720, #8003, #1890 ) ;
#5222 = CIRCLE ( 'NONE', #6664, 99.99999999999998579 ) ;
#5223 = AXIS2_PLACEMENT_3D ( 'NONE', #11991, #3041, #7 ) ;
#5224 = VECTOR ( 'NONE', #4379, 1000.000000000000000 ) ;
#5225 = DIRECTION ( 'NONE',  ( -1.000000000000000000, 0.000000000000000000, -0.000000000000000000 ) ) ;
#5226 = CARTESIAN_POINT ( 'NONE',  ( -4.999999999999985789, 35.75641801856220070, -41.55378351490023192 ) ) ;
#5227 = CARTESIAN_POINT ( 'NONE',  ( 15.00000000000000711, 0.000000000000000000, 0.000000000000000000 ) ) ;
#5228 = ORIENTED_EDGE ( 'NONE', *, *, #11133, .F. ) ;
#5229 = LINE ( 'NONE', #12046, #5224 ) ;
#5230 = AXIS2_PLACEMENT_3D ( 'NONE', #4716, #5750, #2591 ) ;
#5231 = EDGE_LOOP ( 'NONE', ( #10248, #9041, #9404 ) ) ;
#5232 = AXIS2_PLACEMENT_3D ( 'NONE', #4704, #11410, #3733 ) ;
#5233 = CARTESIAN_POINT ( 'NONE',  ( 5.000000000000004441, 0.000000000000000000, 0.000000000000000000 ) ) ;
#5234 = ORIENTED_EDGE ( 'NONE', *, *, #3696, .T. ) ;
#5235 = CARTESIAN_POINT ( 'NONE',  ( -4.999999999999992895, -131.5569669100268300, 47.88282006559461479 ) ) ;
#5236 = AXIS2_PLACEMENT_3D ( 'NONE', #1146, #5086, #231 ) ;
#5237 = ORIENTED_EDGE ( 'NONE', *, *, #10590, .T. ) ;
#5238 = ORIENTED_EDGE ( 'NONE', *, *, #12084, .F. ) ;
#5239 = EDGE_CURVE ( 'NONE', #271, #12286, #11970, .T. ) ;
#5240 = VECTOR ( 'NONE', #11898, 1000.000000000000000 ) ;
#5241 = CYLINDRICAL_SURFACE ( 'NONE', #1934, 7.000000000000006217 ) ;
#5242 = AXIS2_PLACEMENT_3D ( 'NONE', #2672, #9585, #6416 ) ;
#5243 = DIRECTION ( 'NONE',  ( -1.000000000000000000, -0.000000000000000000, -0.000000000000000000 ) ) ;
#5244 = ADVANCED_FACE ( 'NONE', ( #2151 ), #11876, .F. ) ;
#5245 = ADVANCED_FACE ( 'NONE', ( #2015 ), #10795, .F. ) ;
#5246 = VERTEX_POINT ( 'NONE', #11746 ) ;
#5247 = CYLINDRICAL_SURFACE ( 'NONE', #1261, 7.000000000000013323 ) ;
#5248 = ORIENTED_EDGE ( 'NONE', *, *, #12248, .F. ) ;
#5249 = CARTESIAN_POINT ( 'NONE',  ( -4.999999999999993783, -107.2943586208334068, 90.02964525296296472 ) ) ;
#5250 = PLANE ( 'NONE',  #667 ) ;
#5251 = CIRCLE ( 'NONE', #1326, 100.0000000000001990 ) ;
#5252 = EDGE_LOOP ( 'NONE', ( #916, #2881, #1731, #8370 ) ) ;
#5253 = DIRECTION ( 'NONE',  ( 1.000000000000000000, 0.000000000000000000, 0.000000000000000000 ) ) ;
#5254 = CC_DESIGN_SECURITY_CLASSIFICATION ( #9559, ( #8117 ) ) ;
#5255 = CYLINDRICAL_SURFACE ( 'NONE', #5855, 100.0000000000001990 ) ;
#5256 = EDGE_CURVE ( 'NONE', #6066, #2845, #4990, .T. ) ;
#5257 = DIRECTION ( 'NONE',  ( -1.000000000000000000, -0.000000000000000000, -0.000000000000000000 ) ) ;
#5258 = CARTESIAN_POINT ( 'NONE',  ( -12.99999999999999822, 0.000000000000000000, 0.000000000000000000 ) ) ;
#5259 = AXIS2_PLACEMENT_3D ( 'NONE', #11504, #2681, #8678 ) ;
#5260 = EDGE_CURVE ( 'NONE', #12459, #12063, #7032, .T. ) ;
#5261 = DIRECTION ( 'NONE',  ( -1.000000000000000000, 0.000000000000000000, -0.000000000000000000 ) ) ;
#5262 = CARTESIAN_POINT ( 'NONE',  ( 5.000000000000004441, -107.2462220366561780, 89.99026535611642430 ) ) ;
#5263 = LINE ( 'NONE', #12268, #11523 ) ;
#5264 = PLANE ( 'NONE',  #8 ) ;
#5265 = DIRECTION ( 'NONE',  ( 0.000000000000000000, 0.000000000000000000, 1.000000000000000000 ) ) ;
#5266 = ORIENTED_EDGE ( 'NONE', *, *, #11832, .T. ) ;
#5267 = ORIENTED_EDGE ( 'NONE', *, *, #8738, .F. ) ;
#5268 = DIRECTION ( 'NONE',  ( 0.000000000000000000, 0.000000000000000000, 1.000000000000000000 ) ) ;
#5269 = EDGE_LOOP ( 'NONE', ( #6393, #10392, #5986, #11784, #3307, #4226, #4266, #9044, #12204, #3416, #11980, #10922, #4651, #3019, #11041, #3246, #6471, #11252 ) ) ;
#5270 = AXIS2_PLACEMENT_3D ( 'NONE', #4631, #6752, #2620 ) ;
#5271 = DIRECTION ( 'NONE',  ( -1.000000000000000000, -0.000000000000000000, -0.000000000000000000 ) ) ;
#5272 = PLANE ( 'NONE',  #6432 ) ;
#5273 = FACE_OUTER_BOUND ( 'NONE', #3523, .T. ) ;
#5274 = CARTESIAN_POINT ( 'NONE',  ( 5.000000000000006217, -126.7004045252647870, -13.11148114251990648 ) ) ;
#5275 = CIRCLE ( 'NONE', #1342, 100.0000000000000000 ) ;
#5276 = FACE_OUTER_BOUND ( 'NONE', #6957, .T. ) ;
#5277 = EDGE_CURVE ( 'NONE', #5036, #1416, #10980, .T. ) ;
#5278 = DIRECTION ( 'NONE',  ( 1.000000000000000000, 0.000000000000000000, 0.000000000000000000 ) ) ;
#5279 = DIRECTION ( 'NONE',  ( 0.000000000000000000, -0.4999999999999888423, 0.8660254037844449249 ) ) ;
#5280 = DIRECTION ( 'NONE',  ( 0.000000000000000000, -1.224646799147352468E-16, 1.000000000000000000 ) ) ;
#5281 = VERTEX_POINT ( 'NONE', #3892 ) ;
#5282 = VERTEX_POINT ( 'NONE', #855 ) ;
#5283 = CARTESIAN_POINT ( 'NONE',  ( 18.86303012730944317, 51.01731563575528128, 15.00119867224377224 ) ) ;
#5284 = EDGE_LOOP ( 'NONE', ( #2352, #10301, #11420, #1164, #5696, #9130 ) ) ;
#5285 = DIRECTION ( 'NONE',  ( 0.000000000000000000, 0.000000000000000000, 1.000000000000000000 ) ) ;
#5286 = DIRECTION ( 'NONE',  ( 0.000000000000000000, 0.000000000000000000, 1.000000000000000000 ) ) ;
#5287 = CARTESIAN_POINT ( 'NONE',  ( -5.356139353889169286, 30.13392927865903914, -43.77760306302193527 ) ) ;
#5288 = CARTESIAN_POINT ( 'NONE',  ( -4.999999999999993783, -79.99997556444868962, -0.06252750026119330284 ) ) ;
#5289 = EDGE_CURVE ( 'NONE', #9494, #10933, #6830, .T. ) ;
#5290 = ORIENTED_EDGE ( 'NONE', *, *, #9825, .T. ) ;
#5291 = CARTESIAN_POINT ( 'NONE',  ( -24.99999999999996803, 4.286263797015735707E-15, -34.99999999999999289 ) ) ;
#5292 = ORIENTED_EDGE ( 'NONE', *, *, #4007, .T. ) ;
#5293 = DIRECTION ( 'NONE',  ( -1.000000000000000000, -0.000000000000000000, -0.000000000000000000 ) ) ;
#5294 = VERTEX_POINT ( 'NONE', #148 ) ;
#5295 = CARTESIAN_POINT ( 'NONE',  ( 5.000000000000006217, 46.49499208839421271, -164.6149246967155477 ) ) ;
#5296 = ORIENTED_EDGE ( 'NONE', *, *, #7759, .F. ) ;
#5297 = ORIENTED_EDGE ( 'NONE', *, *, #6400, .T. ) ;
#5298 = DIRECTION ( 'NONE',  ( 0.000000000000000000, -0.3420201433256758183, -0.9396926207859058744 ) ) ;
#5299 = CARTESIAN_POINT ( 'NONE',  ( 5.000000000000006217, -99.99262110727715935, 138.7852061507337851 ) ) ;
#5300 = EDGE_LOOP ( 'NONE', ( #5484, #9570, #4703, #5565 ) ) ;
#5301 = EDGE_CURVE ( 'NONE', #7966, #3274, #3125, .T. ) ;
#5302 = CARTESIAN_POINT ( 'NONE',  ( 5.000000000000004441, 137.0876630329397301, -28.40726393314190190 ) ) ;
#5303 = ORIENTED_EDGE ( 'NONE', *, *, #9887, .T. ) ;
#5304 = DIRECTION ( 'NONE',  ( 0.000000000000000000, -0.6427876096865300370, 0.7660444431189857850 ) ) ;
#5305 = DIRECTION ( 'NONE',  ( 0.000000000000000000, 0.000000000000000000, -1.000000000000000000 ) ) ;
#5306 = ORIENTED_EDGE ( 'NONE', *, *, #12685, .T. ) ;
#5307 = CARTESIAN_POINT ( 'NONE',  ( -4.999999999999993783, 6.391425146787057088, 79.74427681403236079 ) ) ;
#5308 = FACE_OUTER_BOUND ( 'NONE', #1891, .T. ) ;
#5309 = ADVANCED_FACE ( 'NONE', ( #6012 ), #2856, .F. ) ;
#5310 = CARTESIAN_POINT ( 'NONE',  ( -4.999999999999993783, 164.6149246967153488, 46.49499208839476694 ) ) ;
#5311 = LINE ( 'NONE', #9370, #3769 ) ;
#5312 = EDGE_CURVE ( 'NONE', #1888, #6271, #9829, .T. ) ;
#5313 = DIRECTION ( 'NONE',  ( 0.000000000000000000, -0.9494645049895549249, -0.3138744235597087373 ) ) ;
#5314 = EDGE_CURVE ( 'NONE', #9815, #276, #11763, .T. ) ;
#5315 = PLANE ( 'NONE',  #11781 ) ;
#5316 = FACE_OUTER_BOUND ( 'NONE', #9580, .T. ) ;
#5317 = CARTESIAN_POINT ( 'NONE',  ( -4.999999999999997335, 57.06339097770900537, 18.54101966249749367 ) ) ;
#5318 = CARTESIAN_POINT ( 'NONE',  ( -4.999999999999993783, -141.4296642867061848, 96.21594349147515857 ) ) ;
#5319 = EDGE_CURVE ( 'NONE', #3476, #5758, #4355, .T. ) ;
#5320 = ORIENTED_EDGE ( 'NONE', *, *, #1504, .T. ) ;
#5321 = ORIENTED_EDGE ( 'NONE', *, *, #3712, .T. ) ;
#5322 = DIRECTION ( 'NONE',  ( -1.000000000000000000, 0.000000000000000000, 0.000000000000000000 ) ) ;
#5323 = ORIENTED_EDGE ( 'NONE', *, *, #12306, .F. ) ;
#5324 = EDGE_CURVE ( 'NONE', #4528, #640, #4926, .T. ) ;
#5325 = CARTESIAN_POINT ( 'NONE',  ( 5.000000000000006217, 74.37371037525558393, -154.0402834560582050 ) ) ;
#5326 = EDGE_CURVE ( 'NONE', #7223, #9617, #12589, .T. ) ;
#5327 = DIRECTION ( 'NONE',  ( 0.000000000000000000, 0.8805362840562102056, 0.4739787468447093088 ) ) ;
#5328 = FACE_OUTER_BOUND ( 'NONE', #7880, .T. ) ;
#5329 = LINE ( 'NONE', #2361, #325 ) ;
#5330 = CARTESIAN_POINT ( 'NONE',  ( 5.000000000000006217, 154.0402834560579777, 74.37371037525610973 ) ) ;
#5331 = DIRECTION ( 'NONE',  ( 1.000000000000000000, 0.000000000000000000, 0.000000000000000000 ) ) ;
#5332 = DIRECTION ( 'NONE',  ( -1.000000000000000000, -0.000000000000000000, -0.000000000000000000 ) ) ;
#5333 = CARTESIAN_POINT ( 'NONE',  ( 5.000000000000006217, 131.6156692209318919, -47.90336138264822097 ) ) ;
#5334 = ORIENTED_EDGE ( 'NONE', *, *, #7581, .T. ) ;
#5335 = ORIENTED_EDGE ( 'NONE', *, *, #3712, .F. ) ;
#5336 = LINE ( 'NONE', #6239, #7382 ) ;
#5337 = ORIENTED_EDGE ( 'NONE', *, *, #3078, .F. ) ;
#5338 = CARTESIAN_POINT ( 'NONE',  ( -4.999999999999993783, -157.7458401751243571, -62.95593364063918784 ) ) ;
#5339 = ADVANCED_FACE ( 'NONE', ( #3049 ), #4082, .T. ) ;
#5340 = DIRECTION ( 'NONE',  ( 0.000000000000000000, -0.9848077530122096857, -0.1736481776669206722 ) ) ;
#5341 = VECTOR ( 'NONE', #8500, 1000.000000000000000 ) ;
#5342 = CARTESIAN_POINT ( 'NONE',  ( -5.051926176097515153, 34.87193431544333322, -41.54101966249653799 ) ) ;
#5343 = LINE ( 'NONE', #8365, #6577 ) ;
#5344 = ORIENTED_EDGE ( 'NONE', *, *, #10659, .F. ) ;
#5345 = CARTESIAN_POINT ( 'NONE',  ( -4.999999999999993783, 79.74427681403243184, -6.391425146786241740 ) ) ;
#5346 = ORIENTED_EDGE ( 'NONE', *, *, #11275, .F. ) ;
#5347 = CARTESIAN_POINT ( 'NONE',  ( 17.01451371669705281, 4.220634772398986989, 54.41482774848040549 ) ) ;
#5348 = VERTEX_POINT ( 'NONE', #7043 ) ;
#5349 = CARTESIAN_POINT ( 'NONE',  ( 18.41936571624198038, -29.23082214032874759, -44.98879669110740309 ) ) ;
#5350 = EDGE_LOOP ( 'NONE', ( #11676, #5719, #8382 ) ) ;
#5351 = ORIENTED_EDGE ( 'NONE', *, *, #4628, .T. ) ;
#5352 = EDGE_CURVE ( 'NONE', #4534, #9657, #8255, .T. ) ;
#5353 = DIRECTION ( 'NONE',  ( -1.000000000000000000, -0.000000000000000000, -0.000000000000000000 ) ) ;
#5354 = CARTESIAN_POINT ( 'NONE',  ( 5.000000000000006217, -69.25074739081624386, -40.05413818588575481 ) ) ;
#5355 = VECTOR ( 'NONE', #12338, 1000.000000000000000 ) ;
#5356 = ORIENTED_EDGE ( 'NONE', *, *, #1664, .F. ) ;
#5357 = DIRECTION ( 'NONE',  ( 0.000000000000000000, 0.000000000000000000, 1.000000000000000000 ) ) ;
#5358 = ORIENTED_EDGE ( 'NONE', *, *, #7523, .T. ) ;
#5359 = LINE ( 'NONE', #5430, #8041 ) ;
#5360 = CARTESIAN_POINT ( 'NONE',  ( 5.000000000000006217, 34.60721386647485076, -166.2815095599041513 ) ) ;
#5361 = ORIENTED_EDGE ( 'NONE', *, *, #9010, .F. ) ;
#5362 = VERTEX_POINT ( 'NONE', #12261 ) ;
#5363 = CARTESIAN_POINT ( 'NONE',  ( 5.000000000000004441, 0.000000000000000000, 0.000000000000000000 ) ) ;
#5364 = DIRECTION ( 'NONE',  ( -1.000000000000000000, -0.000000000000000000, -0.000000000000000000 ) ) ;
#5365 = VECTOR ( 'NONE', #474, 1000.000000000000000 ) ;
#5366 = EDGE_CURVE ( 'NONE', #7620, #10937, #9499, .T. ) ;
#5367 = CIRCLE ( 'NONE', #4132, 100.0000000000002132 ) ;
#5368 = FACE_OUTER_BOUND ( 'NONE', #12271, .T. ) ;
#5369 = DIRECTION ( 'NONE',  ( 0.000000000000000000, 0.9290865984476447403, -0.3698622616393634210 ) ) ;
#5370 = DIRECTION ( 'NONE',  ( 0.000000000000000000, -0.6653231695327214146, -0.7465554768956782494 ) ) ;
#5371 = ORIENTED_EDGE ( 'NONE', *, *, #3697, .T. ) ;
#5372 = DIRECTION ( 'NONE',  ( 0.000000000000000000, 0.000000000000000000, 1.000000000000000000 ) ) ;
#5373 = AXIS2_PLACEMENT_3D ( 'NONE', #11, #7751, #11684 ) ;
#5374 = DIRECTION ( 'NONE',  ( 0.000000000000000000, -0.9919634625682259843, 0.1265246573978990874 ) ) ;
#5375 = VECTOR ( 'NONE', #4587, 1000.000000000000000 ) ;
#5376 = ORIENTED_EDGE ( 'NONE', *, *, #4455, .T. ) ;
#5377 = EDGE_LOOP ( 'NONE', ( #5536, #10428, #11729 ) ) ;
#5378 = CARTESIAN_POINT ( 'NONE',  ( 40.00000000000000711, -57.06339097770928248, 25.54101966249669786 ) ) ;
#5379 = ORIENTED_EDGE ( 'NONE', *, *, #8144, .T. ) ;
#5380 = DIRECTION ( 'NONE',  ( -1.000000000000000000, -0.000000000000000000, -0.000000000000000000 ) ) ;
#5381 = ADVANCED_FACE ( 'NONE', ( #12006 ), #3365, .T. ) ;
#5382 = AXIS2_PLACEMENT_3D ( 'NONE', #6301, #5331, #8285 ) ;
#5383 = AXIS2_PLACEMENT_3D ( 'NONE', #2788, #6663, #5498 ) ;
#5384 = DIRECTION ( 'NONE',  ( -1.000000000000000000, -0.000000000000000000, -0.000000000000000000 ) ) ;
#5385 = CIRCLE ( 'NONE', #1050, 140.0000000000000000 ) ;
#5386 = CARTESIAN_POINT ( 'NONE',  ( 5.000000000000006217, -170.1878247496343022, -17.20354699452759917 ) ) ;
#5387 = CARTESIAN_POINT ( 'NONE',  ( 5.000000000000006217, -80.37303019083736899, -149.6241146709418786 ) ) ;
#5388 = ADVANCED_FACE ( 'NONE', ( #6331 ), #9042, .T. ) ;
#5389 = EDGE_CURVE ( 'NONE', #3471, #11683, #10735, .T. ) ;
#5390 = DIRECTION ( 'NONE',  ( 0.000000000000000000, -0.8660254037844329345, 0.5000000000000101030 ) ) ;
#5391 = DIRECTION ( 'NONE',  ( 0.000000000000000000, 0.000000000000000000, 1.000000000000000000 ) ) ;
#5392 = DIRECTION ( 'NONE',  ( 0.000000000000000000, -0.4739787468447000385, 0.8805362840562152016 ) ) ;
#5394 = DIRECTION ( 'NONE',  ( 1.000000000000000000, 0.000000000000000000, 0.000000000000000000 ) ) ;
#5393 = AXIS2_PLACEMENT_3D ( 'NONE', #3636, #7561, #4669 ) ;
#5395 = ORIENTED_EDGE ( 'NONE', *, *, #285, .T. ) ;
#5396 = CIRCLE ( 'NONE', #12381, 100.0000000000001990 ) ;
#5397 = VECTOR ( 'NONE', #299, 1000.000000000000000 ) ;
#5398 = ORIENTED_EDGE ( 'NONE', *, *, #8406, .F. ) ;
#5399 = CARTESIAN_POINT ( 'NONE',  ( 5.000000000000004441, -43.94241929835835236, 132.9250306985379950 ) ) ;
#5400 = ORIENTED_EDGE ( 'NONE', *, *, #6541, .F. ) ;
#5401 = DIRECTION ( 'NONE',  ( 0.000000000000000000, 0.000000000000000000, 1.000000000000000000 ) ) ;
#5402 = LINE ( 'NONE', #8302, #6207 ) ;
#5403 = AXIS2_PLACEMENT_3D ( 'NONE', #12284, #5394, #7381 ) ;
#5404 = CIRCLE ( 'NONE', #12606, 140.0000000000000000 ) ;
#5405 = VECTOR ( 'NONE', #4539, 1000.000000000000000 ) ;
#5406 = CIRCLE ( 'NONE', #10764, 100.0000000000002132 ) ;
#5407 = AXIS2_PLACEMENT_3D ( 'NONE', #8866, #5077, #6035 ) ;
#5408 = CARTESIAN_POINT ( 'NONE',  ( -5.243296520300765096, 33.30762112283674981, -41.80925297750519576 ) ) ;
#5409 = ADVANCED_FACE ( 'NONE', ( #7168 ), #10258, .T. ) ;
#5410 = CARTESIAN_POINT ( 'NONE',  ( 5.000000000000006217, 78.96721993192269906, 115.7767867520163207 ) ) ;
#5411 = VERTEX_POINT ( 'NONE', #2209 ) ;
#5412 = CARTESIAN_POINT ( 'NONE',  ( -4.999999999999990230, 123.2750797678701815, 66.35702455825803270 ) ) ;
#5413 = ORIENTED_EDGE ( 'NONE', *, *, #4505, .F. ) ;
#5414 = CARTESIAN_POINT ( 'NONE',  ( 17.37628383858325876, 3.999169716399955110, 54.25394390665032773 ) ) ;
#5415 = ORIENTED_EDGE ( 'NONE', *, *, #10006, .F. ) ;
#5416 = CARTESIAN_POINT ( 'NONE',  ( -4.999999999999997335, -57.06339097770928248, 18.54101966249669786 ) ) ;
#5417 = ORIENTED_EDGE ( 'NONE', *, *, #8945, .T. ) ;
#5418 = CIRCLE ( 'NONE', #11789, 100.0000000000001847 ) ;
#5419 = AXIS2_PLACEMENT_3D ( 'NONE', #11236, #12257, #8441 ) ;
#5420 = ORIENTED_EDGE ( 'NONE', *, *, #5775, .F. ) ;
#5421 = AXIS2_PLACEMENT_3D ( 'NONE', #6468, #6725, #3751 ) ;
#5422 = AXIS2_PLACEMENT_3D ( 'NONE', #5153, #9213, #3220 ) ;
#5423 = ORIENTED_EDGE ( 'NONE', *, *, #11527, .F. ) ;
#5424 = DIRECTION ( 'NONE',  ( -1.000000000000000000, -0.000000000000000000, -0.000000000000000000 ) ) ;
#5425 = CARTESIAN_POINT ( 'NONE',  ( 17.37182566976643372, -4.002349352053934162, 54.25614838939367246 ) ) ;
#5426 = VECTOR ( 'NONE', #7158, 1000.000000000000114 ) ;
#5427 = VERTEX_POINT ( 'NONE', #12119 ) ;
#5428 = AXIS2_PLACEMENT_3D ( 'NONE', #11013, #2176, #1387 ) ;
#5429 = EDGE_LOOP ( 'NONE', ( #8821, #11668, #8311 ) ) ;
#5430 = CARTESIAN_POINT ( 'NONE',  ( 5.000000000000006217, 107.2943586208340463, -90.02964525296222575 ) ) ;
#5431 = EDGE_CURVE ( 'NONE', #12727, #12548, #2710, .T. ) ;
#5432 = CARTESIAN_POINT ( 'NONE',  ( 34.99999999999996447, 9.797174393178826052E-15, -80.00000000000000000 ) ) ;
#5433 = ORIENTED_EDGE ( 'NONE', *, *, #5927, .T. ) ;
#5434 = ORIENTED_EDGE ( 'NONE', *, *, #5759, .T. ) ;
#5435 = CARTESIAN_POINT ( 'NONE',  ( -4.999999999999993783, -0.06252750026095044156, 79.99997556444867541 ) ) ;
#5436 = AXIS2_PLACEMENT_3D ( 'NONE', #9939, #6849, #10782 ) ;
#5437 = FACE_OUTER_BOUND ( 'NONE', #12021, .T. ) ;
#5438 = VECTOR ( 'NONE', #11071, 1000.000000000000000 ) ;
#5439 = AXIS2_PLACEMENT_3D ( 'NONE', #7765, #6689, #8938 ) ;
#5440 = CARTESIAN_POINT ( 'NONE',  ( -30.00000000000000000, 0.000000000000000000, 0.000000000000000000 ) ) ;
#5441 = CARTESIAN_POINT ( 'NONE',  ( 5.000000000000006217, -131.6156692209316077, 47.90336138264910204 ) ) ;
#5442 = EDGE_CURVE ( 'NONE', #523, #1161, #9178, .T. ) ;
#5443 = DIRECTION ( 'NONE',  ( 0.000000000000000000, -0.7660444431189706860, 0.6427876096865479116 ) ) ;
#5444 = ORIENTED_EDGE ( 'NONE', *, *, #7157, .T. ) ;
#5445 = DIRECTION ( 'NONE',  ( 0.000000000000000000, 0.9754147273220610259, 0.2203771987371407892 ) ) ;
#5446 = CARTESIAN_POINT ( 'NONE',  ( -5.000000000000004441, 0.000000000000000000, 0.000000000000000000 ) ) ;
#5447 = ADVANCED_FACE ( 'NONE', ( #3291 ), #11238, .F. ) ;
#5448 = CARTESIAN_POINT ( 'NONE',  ( 4.999999999999999112, -75.19677236556653099, 27.30284647801116549 ) ) ;
#5449 = LOCAL_TIME ( 10, 11, 16.00000000000000000, #594 ) ;
#5450 = ORIENTED_EDGE ( 'NONE', *, *, #218, .T. ) ;
#5451 = VERTEX_POINT ( 'NONE', #5307 ) ;
#5452 = DIRECTION ( 'NONE',  ( 0.000000000000000000, -0.6427876096865299260, 0.7660444431189857850 ) ) ;
#5453 = ORIENTED_EDGE ( 'NONE', *, *, #7753, .T. ) ;
#5454 = DIRECTION ( 'NONE',  ( 0.000000000000000000, -0.3420201433256757073, -0.9396926207859057634 ) ) ;
#5455 = AXIS2_PLACEMENT_3D ( 'NONE', #4849, #8827, #5609 ) ;
#5456 = DIRECTION ( 'NONE',  ( 0.000000000000000000, 0.000000000000000000, 1.000000000000000000 ) ) ;
#5457 = CARTESIAN_POINT ( 'NONE',  ( 5.000000000000006217, -53.17002841738392505, -61.30761839173914751 ) ) ;
#5458 = FACE_BOUND ( 'NONE', #5127, .T. ) ;
#5459 = FACE_OUTER_BOUND ( 'NONE', #10297, .T. ) ;
#5460 = CARTESIAN_POINT ( 'NONE',  ( 5.000000000000004441, 0.000000000000000000, 0.000000000000000000 ) ) ;
#5461 = ADVANCED_FACE ( 'NONE', ( #4143 ), #1230, .F. ) ;
#5462 = CARTESIAN_POINT ( 'NONE',  ( 5.000000000000006217, -131.6151391931836372, -47.90481762191844695 ) ) ;
#5463 = AXIS2_PLACEMENT_3D ( 'NONE', #2878, #1783, #1643 ) ;
#5464 = CARTESIAN_POINT ( 'NONE',  ( 4.999999999999999112, 39.94583737856329719, 69.31327489107731310 ) ) ;
#5465 = ORIENTED_EDGE ( 'NONE', *, *, #9085, .F. ) ;
#5466 = CARTESIAN_POINT ( 'NONE',  ( 59.79898987322338400, 35.26711513754881366, -48.54101966249653799 ) ) ;
#5467 = ORIENTED_EDGE ( 'NONE', *, *, #1320, .T. ) ;
#5468 = LINE ( 'NONE', #9395, #453 ) ;
#5469 = EDGE_CURVE ( 'NONE', #8597, #3194, #1258, .T. ) ;
#5470 = CARTESIAN_POINT ( 'NONE',  ( 5.000000000000006217, 131.6151391931839214, 47.90481762191758719 ) ) ;
#5471 = AXIS2_PLACEMENT_3D ( 'NONE', #743, #5650, #2668 ) ;
#5472 = CARTESIAN_POINT ( 'NONE',  ( -4.999999999999990230, -109.8794779186549846, -86.75540520523095722 ) ) ;
#5473 = DIRECTION ( 'NONE',  ( -1.000000000000000000, -0.000000000000000000, 0.000000000000000000 ) ) ;
#5475 = ORIENTED_EDGE ( 'NONE', *, *, #3097, .F. ) ;
#5474 = ADVANCED_FACE ( 'NONE', ( #4324 ), #277, .F. ) ;
#5476 = DIRECTION ( 'NONE',  ( 0.000000000000000000, 0.9396926207859092051, 0.3420201433256662704 ) ) ;
#5477 = EDGE_CURVE ( 'NONE', #230, #12275, #6199, .T. ) ;
#5478 = ORIENTED_EDGE ( 'NONE', *, *, #11576, .F. ) ;
#5479 = DIRECTION ( 'NONE',  ( 0.000000000000000000, 0.000000000000000000, 1.000000000000000000 ) ) ;
#5480 = ORIENTED_EDGE ( 'NONE', *, *, #354, .F. ) ;
#5481 = ORIENTED_EDGE ( 'NONE', *, *, #110, .T. ) ;
#5482 = CARTESIAN_POINT ( 'NONE',  ( 16.71626973669920346, -28.51803308442457308, -46.68073775273708748 ) ) ;
#5483 = CIRCLE ( 'NONE', #7736, 100.0000000000000000 ) ;
#5484 = ORIENTED_EDGE ( 'NONE', *, *, #8851, .F. ) ;
#5485 = VERTEX_POINT ( 'NONE', #10207 ) ;
#5486 = EDGE_CURVE ( 'NONE', #5937, #3219, #1470, .T. ) ;
#5487 = EDGE_LOOP ( 'NONE', ( #10655, #9664, #10193, #4242, #10844, #2296 ) ) ;
#5488 = DIRECTION ( 'NONE',  ( -1.000000000000000000, -0.000000000000000000, -0.000000000000000000 ) ) ;
#5489 = CARTESIAN_POINT ( 'NONE',  ( 18.71813745280793029, -2.066478857852783069, 53.30552208707474193 ) ) ;
#5490 = ORIENTED_EDGE ( 'NONE', *, *, #4917, .F. ) ;
#5491 = VERTEX_POINT ( 'NONE', #1365 ) ;
#5492 = DIRECTION ( 'NONE',  ( -1.000000000000000000, -0.000000000000000000, -0.000000000000000000 ) ) ;
#5493 = CARTESIAN_POINT ( 'NONE',  ( 5.000000000000006217, 47.90481762191890169, -131.6151391931834382 ) ) ;
#5494 = ORIENTED_EDGE ( 'NONE', *, *, #10684, .T. ) ;
#5495 = ORIENTED_EDGE ( 'NONE', *, *, #578, .F. ) ;
#5496 = LINE ( 'NONE', #5623, #79 ) ;
#5497 = ADVANCED_FACE ( 'NONE', ( #2398 ), #9229, .F. ) ;
#5498 = DIRECTION ( 'NONE',  ( 0.000000000000000000, 0.000000000000000000, 1.000000000000000000 ) ) ;
#5499 = DIRECTION ( 'NONE',  ( 0.000000000000000000, -0.3698622616393665297, -0.9290865984476435191 ) ) ;
#5500 = DIRECTION ( 'NONE',  ( 0.000000000000000000, 0.000000000000000000, 1.000000000000000000 ) ) ;
#5501 = ORIENTED_EDGE ( 'NONE', *, *, #3572, .F. ) ;
#5502 = DIRECTION ( 'NONE',  ( -1.000000000000000000, -0.000000000000000000, -0.000000000000000000 ) ) ;
#5503 = DIRECTION ( 'NONE',  ( -1.000000000000000000, -0.000000000000000000, 0.000000000000000000 ) ) ;
#5504 = DATE_AND_TIME ( #3494, #6474 ) ;
#5505 = ORIENTED_EDGE ( 'NONE', *, *, #2079, .F. ) ;
#5506 = ORIENTED_EDGE ( 'NONE', *, *, #10828, .T. ) ;
#5507 = CARTESIAN_POINT ( 'NONE',  ( 4.999999999999999112, -78.77373839018171964, -13.95342753719973317 ) ) ;
#5508 = ORIENTED_EDGE ( 'NONE', *, *, #5260, .T. ) ;
#5509 = CYLINDRICAL_SURFACE ( 'NONE', #67, 100.0000000000001990 ) ;
#5510 = ADVANCED_FACE ( 'NONE', ( #1794 ), #7658, .F. ) ;
#5511 = ADVANCED_FACE ( 'NONE', ( #10321 ), #12697, .F. ) ;
#5512 = DIRECTION ( 'NONE',  ( 0.000000000000000000, -0.9848077530122097967, -0.1736481776669206445 ) ) ;
#5513 = LINE ( 'NONE', #9436, #6010 ) ;
#5514 = ORIENTED_EDGE ( 'NONE', *, *, #5939, .F. ) ;
#5515 = CARTESIAN_POINT ( 'NONE',  ( -4.999999999999992895, -4.996003610813204432E-13, -140.0000000000000284 ) ) ;
#5516 = B_SPLINE_CURVE_WITH_KNOTS ( 'NONE', 3,
 ( #7459, #3598, #3337, #12292, #11211, #4300, #2375, #5287, #617, #2564, #12236, #12423, #1454, #4376, #2310, #7335, #6364, #5408, #11135, #6311, #5342, #11392 ),
 .UNSPECIFIED., .F., .F.,
 ( 4, 2, 2, 2, 2, 2, 2, 2, 2, 2, 4 ),
 ( 0.008246777936065360914, 0.009440248725038341907, 0.01063371951401132290, 0.01182719030298430389, 0.01242392569747080219, 0.01302066109195730050, 0.01421413188093028496, 0.01481086727541677459, 0.01540760266990326768, 0.01660107345887625041, 0.01779454424784923314 ),
 .UNSPECIFIED. ) ;
#5517 = DIRECTION ( 'NONE',  ( 0.000000000000000000, 0.3420201433256629397, -0.9396926207859104263 ) ) ;
#5518 = CARTESIAN_POINT ( 'NONE',  ( -5.000000000000004441, 78.88985188874697485, 115.6563498860809034 ) ) ;
#5519 = CARTESIAN_POINT ( 'NONE',  ( -4.999999999999993783, -90.03083239009171734, 107.2933624945064821 ) ) ;
#5520 = DIRECTION ( 'NONE',  ( -1.000000000000000000, -0.000000000000000000, 0.000000000000000000 ) ) ;
#5521 = ORIENTED_EDGE ( 'NONE', *, *, #4427, .F. ) ;
#5522 = FACE_BOUND ( 'NONE', #5269, .T. ) ;
#5523 = LINE ( 'NONE', #9334, #11773 ) ;
#5524 = EDGE_CURVE ( 'NONE', #7214, #4212, #3319, .T. ) ;
#5525 = DIRECTION ( 'NONE',  ( 0.000000000000000000, 0.000000000000000000, 1.000000000000000000 ) ) ;
#5526 = DIRECTION ( 'NONE',  ( 0.000000000000000000, 0.5255774175242728941, 0.8507457776495372936 ) ) ;
#5527 = DIRECTION ( 'NONE',  ( -1.000000000000000000, -0.000000000000000000, -0.000000000000000000 ) ) ;
#5528 = ORIENTED_EDGE ( 'NONE', *, *, #11503, .F. ) ;
#5529 = CARTESIAN_POINT ( 'NONE',  ( -4.999999999999993783, 155.9887531452615690, -70.19520364235592069 ) ) ;
#5530 = LINE ( 'NONE', #891, #12652 ) ;
#5531 = ORIENTED_EDGE ( 'NONE', *, *, #4007, .F. ) ;
#5532 = LINE ( 'NONE', #2498, #7027 ) ;
#5533 = VERTEX_POINT ( 'NONE', #8694 ) ;
#5534 = ORIENTED_EDGE ( 'NONE', *, *, #5705, .F. ) ;
#5535 = DIRECTION ( 'NONE',  ( 0.000000000000000000, 0.000000000000000000, 1.000000000000000000 ) ) ;
#5536 = ORIENTED_EDGE ( 'NONE', *, *, #5944, .F. ) ;
#5537 = ORIENTED_EDGE ( 'NONE', *, *, #8142, .F. ) ;
#5538 = AXIS2_PLACEMENT_3D ( 'NONE', #8608, #5720, #807 ) ;
#5539 = EDGE_CURVE ( 'NONE', #8290, #567, #1490, .T. ) ;
#5540 = ORIENTED_EDGE ( 'NONE', *, *, #2678, .T. ) ;
#5541 = CC_DESIGN_PERSON_AND_ORGANIZATION_ASSIGNMENT ( #10714, #9626, ( #8117 ) ) ;
#5542 = LINE ( 'NONE', #8630, #1513 ) ;
#5543 = EDGE_CURVE ( 'NONE', #12164, #2065, #8825, .T. ) ;
#5544 = DIRECTION ( 'NONE',  ( -1.000000000000000000, -0.000000000000000000, -0.000000000000000000 ) ) ;
#5545 = VERTEX_POINT ( 'NONE', #3867 ) ;
#5546 = DIRECTION ( 'NONE',  ( 0.000000000000000000, -0.4999999999999888423, 0.8660254037844449249 ) ) ;
#5547 = EDGE_CURVE ( 'NONE', #4876, #819, #653, .T. ) ;
#5548 = ORIENTED_EDGE ( 'NONE', *, *, #7594, .F. ) ;
#5549 = EDGE_CURVE ( 'NONE', #6951, #11900, #11352, .T. ) ;
#5550 = DIRECTION ( 'NONE',  ( 0.000000000000000000, -0.6055552987958090494, -0.7958032295111138188 ) ) ;
#5551 = AXIS2_PLACEMENT_3D ( 'NONE', #6956, #8114, #5151 ) ;
#5552 = CARTESIAN_POINT ( 'NONE',  ( 5.000000000000006217, 139.4493146771849013, 13.92748399611295085 ) ) ;
#5553 = EDGE_LOOP ( 'NONE', ( #3530, #456, #11039 ) ) ;
#5554 = EDGE_LOOP ( 'NONE', ( #1990, #296, #7078, #8400, #8086, #10444 ) ) ;
#5555 = FACE_OUTER_BOUND ( 'NONE', #6937, .T. ) ;
#5556 = DIRECTION ( 'NONE',  ( -1.000000000000000000, -0.000000000000000000, -0.000000000000000000 ) ) ;
#5557 = CARTESIAN_POINT ( 'NONE',  ( -4.999999999999993783, 47.90336138264957100, 131.6156692209314372 ) ) ;
#5558 = CARTESIAN_POINT ( 'NONE',  ( -4.999999999999993783, 133.3943579393234984, -105.1339381126573471 ) ) ;
#5559 = VERTEX_POINT ( 'NONE', #3806 ) ;
#5560 = DIRECTION ( 'NONE',  ( -1.000000000000000000, -0.000000000000000000, -0.000000000000000000 ) ) ;
#5561 = DIRECTION ( 'NONE',  ( 0.000000000000000000, 0.3420201433256629397, -0.9396926207859104263 ) ) ;
#5562 = COORDINATED_UNIVERSAL_TIME_OFFSET ( 5, 30, .AHEAD. ) ;
#5563 = ORIENTED_EDGE ( 'NONE', *, *, #12138, .F. ) ;
#5564 = CIRCLE ( 'NONE', #4326, 100.0000000000001990 ) ;
#5565 = ORIENTED_EDGE ( 'NONE', *, *, #1084, .F. ) ;
#5566 = CARTESIAN_POINT ( 'NONE',  ( -4.999999999999993783, -140.0621876725833772, -0.0007748487318643802616 ) ) ;
#5567 = VERTEX_POINT ( 'NONE', #11595 ) ;
#5568 = CIRCLE ( 'NONE', #5981, 34.99999999999999289 ) ;
#5569 = LINE ( 'NONE', #9498, #266 ) ;
#5570 = DIRECTION ( 'NONE',  ( -1.000000000000000000, -0.000000000000000000, -0.000000000000000000 ) ) ;
#5571 = CARTESIAN_POINT ( 'NONE',  ( 5.000000000000006217, -141.4296642867061848, 96.21594349147515857 ) ) ;
#5572 = AXIS2_PLACEMENT_3D ( 'NONE', #8794, #8919, #7943 ) ;
#5573 = ORIENTED_EDGE ( 'NONE', *, *, #11921, .T. ) ;
#5574 = CARTESIAN_POINT ( 'NONE',  ( 5.000000000000004441, 0.000000000000000000, 0.000000000000000000 ) ) ;
#5575 = LINE ( 'NONE', #6742, #2677 ) ;
#5576 = DIRECTION ( 'NONE',  ( -1.000000000000000000, 0.000000000000000000, -0.000000000000000000 ) ) ;
#5577 = DIRECTION ( 'NONE',  ( -1.000000000000000000, -0.000000000000000000, -0.000000000000000000 ) ) ;
#5578 = CARTESIAN_POINT ( 'NONE',  ( -40.00000000000000000, 4.286263797015734919E-15, -34.99999999999999289 ) ) ;
#5579 = ADVANCED_FACE ( 'NONE', ( #10757 ), #9366, .F. ) ;
#5580 = EDGE_LOOP ( 'NONE', ( #12665, #8218, #11686, #8573, #11203, #11912 ) ) ;
#5581 = DIRECTION ( 'NONE',  ( 1.000000000000000000, 0.000000000000000000, 0.000000000000000000 ) ) ;
#5582 = AXIS2_PLACEMENT_3D ( 'NONE', #9584, #9778, #8747 ) ;
#5583 = DIRECTION ( 'NONE',  ( 0.000000000000000000, -0.9791975930924257110, 0.2029090280938740110 ) ) ;
#5584 = AXIS2_PLACEMENT_3D ( 'NONE', #7201, #9820, #5286 ) ;
#5585 = VECTOR ( 'NONE', #2315, 1000.000000000000000 ) ;
#5586 = PLANE ( 'NONE',  #2506 ) ;
#5587 = CARTESIAN_POINT ( 'NONE',  ( 5.000000000000006217, -97.87195845839738695, -100.3053633756253475 ) ) ;
#5588 = AXIS2_PLACEMENT_3D ( 'NONE', #9690, #2924, #8735 ) ;
#5589 = DIRECTION ( 'NONE',  ( -1.000000000000000000, -0.000000000000000000, -0.000000000000000000 ) ) ;
#5590 = FACE_OUTER_BOUND ( 'NONE', #10865, .T. ) ;
#5591 = VERTEX_POINT ( 'NONE', #528 ) ;
#5592 = DIRECTION ( 'NONE',  ( 0.000000000000000000, 0.000000000000000000, 1.000000000000000000 ) ) ;
#5593 = AXIS2_PLACEMENT_3D ( 'NONE', #4616, #5647, #3773 ) ;
#5594 = CYLINDRICAL_SURFACE ( 'NONE', #3999, 6.999999999999999112 ) ;
#5595 = ORIENTED_EDGE ( 'NONE', *, *, #6656, .T. ) ;
#5596 = LINE ( 'NONE', #8564, #12583 ) ;
#5597 = EDGE_CURVE ( 'NONE', #8028, #3808, #12495, .T. ) ;
#5598 = EDGE_LOOP ( 'NONE', ( #7063, #788, #10507, #1599, #12696, #5266 ) ) ;
#5599 = DIRECTION ( 'NONE',  ( 0.000000000000000000, 0.000000000000000000, 1.000000000000000000 ) ) ;
#5600 = ORIENTED_EDGE ( 'NONE', *, *, #1381, .T. ) ;
#5601 = VERTEX_POINT ( 'NONE', #1933 ) ;
#5602 = AXIS2_PLACEMENT_3D ( 'NONE', #4702, #9662, #2831 ) ;
#5603 = AXIS2_PLACEMENT_3D ( 'NONE', #10679, #9718, #8761 ) ;
#5604 = AXIS2_PLACEMENT_3D ( 'NONE', #6408, #410, #10347 ) ;
#5605 = EDGE_LOOP ( 'NONE', ( #173, #9036, #3727 ) ) ;
#5606 = CIRCLE ( 'NONE', #3141, 100.0000000000001990 ) ;
#5607 = AXIS2_PLACEMENT_3D ( 'NONE', #3764, #3575, #6732 ) ;
#5608 = DIRECTION ( 'NONE',  ( 0.000000000000000000, 0.9396926207859068736, -0.3420201433256728207 ) ) ;
#5609 = DIRECTION ( 'NONE',  ( 0.000000000000000000, -0.7660444431189706860, 0.6427876096865481337 ) ) ;
#5610 = ORIENTED_EDGE ( 'NONE', *, *, #5628, .F. ) ;
#5611 = DIRECTION ( 'NONE',  ( -1.000000000000000000, -0.000000000000000000, -0.000000000000000000 ) ) ;
#5612 = CIRCLE ( 'NONE', #2513, 100.0000000000001990 ) ;
#5613 = VECTOR ( 'NONE', #8578, 1000.000000000000000 ) ;
#5614 = AXIS2_PLACEMENT_3D ( 'NONE', #5770, #9510, #6606 ) ;
#5615 = VERTEX_POINT ( 'NONE', #5871 ) ;
#5616 = AXIS2_PLACEMENT_3D ( 'NONE', #4598, #2650, #9621 ) ;
#5617 = CARTESIAN_POINT ( 'NONE',  ( 5.000000000000006217, 56.15474879678081521, 56.97933123133726241 ) ) ;
#5618 = ADVANCED_FACE ( 'NONE', ( #9801 ), #7593, .F. ) ;
#5619 = DIRECTION ( 'NONE',  ( 0.000000000000000000, -1.000000000000000000, 0.000000000000000000 ) ) ;
#5620 = VECTOR ( 'NONE', #3464, 1000.000000000000114 ) ;
#5621 = VERTEX_POINT ( 'NONE', #6633 ) ;
#5622 = ORIENTED_EDGE ( 'NONE', *, *, #12418, .F. ) ;
#5623 = CARTESIAN_POINT ( 'NONE',  ( 5.000000000000006217, -131.6156692209316077, 47.90336138264910204 ) ) ;
#5624 = CIRCLE ( 'NONE', #2947, 140.0000000000000000 ) ;
#5625 = DIRECTION ( 'NONE',  ( 0.000000000000000000, 0.000000000000000000, 1.000000000000000000 ) ) ;
#5626 = EDGE_CURVE ( 'NONE', #217, #1656, #10569, .T. ) ;
#5627 = AXIS2_PLACEMENT_3D ( 'NONE', #188, #6964, #73 ) ;
#5628 = EDGE_CURVE ( 'NONE', #2041, #10489, #4902, .T. ) ;
#5629 = AXIS2_PLACEMENT_3D ( 'NONE', #2007, #3947, #7869 ) ;
#5630 = DIRECTION ( 'NONE',  ( 0.000000000000000000, 0.000000000000000000, 1.000000000000000000 ) ) ;
#5631 = CIRCLE ( 'NONE', #74, 54.99999999999999289 ) ;
#5632 = CARTESIAN_POINT ( 'NONE',  ( 5.000000000000006217, -166.2815095599042650, -34.60721386647430364 ) ) ;
#5633 = ORIENTED_EDGE ( 'NONE', *, *, #9464, .F. ) ;
#5634 = DIRECTION ( 'NONE',  ( -1.000000000000000000, 0.000000000000000000, 0.000000000000000000 ) ) ;
#5635 = DIRECTION ( 'NONE',  ( -1.000000000000000000, 0.000000000000000000, 0.000000000000000000 ) ) ;
#5636 = CIRCLE ( 'NONE', #7084, 140.0000000000000000 ) ;
#5637 = ORIENTED_EDGE ( 'NONE', *, *, #8985, .F. ) ;
#5638 = CIRCLE ( 'NONE', #10576, 100.0000000000000284 ) ;
#5639 = ORIENTED_EDGE ( 'NONE', *, *, #10397, .F. ) ;
#5640 = CARTESIAN_POINT ( 'NONE',  ( -40.00000000000000000, 0.000000000000000000, 0.000000000000000000 ) ) ;
#5641 = ORIENTED_EDGE ( 'NONE', *, *, #7746, .T. ) ;
#5642 = AXIS2_PLACEMENT_3D ( 'NONE', #12019, #8010, #5265 ) ;
#5643 = DIRECTION ( 'NONE',  ( -1.000000000000000000, -0.000000000000000000, -0.000000000000000000 ) ) ;
#5644 = EDGE_CURVE ( 'NONE', #9409, #10313, #12753, .T. ) ;
#5645 = DIRECTION ( 'NONE',  ( 0.000000000000000000, 0.000000000000000000, -1.000000000000000000 ) ) ;
#5646 = AXIS2_PLACEMENT_3D ( 'NONE', #6047, #9795, #1221 ) ;
#5647 = DIRECTION ( 'NONE',  ( -1.000000000000000000, -0.000000000000000000, -0.000000000000000000 ) ) ;
#5648 = AXIS2_PLACEMENT_3D ( 'NONE', #1618, #9304, #4336 ) ;
#5649 = ORIENTED_EDGE ( 'NONE', *, *, #5889, .F. ) ;
#5650 = DIRECTION ( 'NONE',  ( -1.000000000000000000, 0.000000000000000000, 0.000000000000000000 ) ) ;
#5651 = CARTESIAN_POINT ( 'NONE',  ( 5.000000000000004441, 0.000000000000000000, 0.000000000000000000 ) ) ;
#5652 = DIRECTION ( 'NONE',  ( -1.000000000000000000, 0.000000000000000000, 0.000000000000000000 ) ) ;
#5653 = DIRECTION ( 'NONE',  ( 0.000000000000000000, 0.000000000000000000, 1.000000000000000000 ) ) ;
#5654 = CARTESIAN_POINT ( 'NONE',  ( -5.000000000000004441, 0.000000000000000000, 0.000000000000000000 ) ) ;
#5655 = LINE ( 'NONE', #7445, #454 ) ;
#5656 = ORIENTED_EDGE ( 'NONE', *, *, #5075, .F. ) ;
#5657 = CARTESIAN_POINT ( 'NONE',  ( 5.000000000000006217, 70.19520364235756915, 155.9887531452608016 ) ) ;
#5658 = CIRCLE ( 'NONE', #4626, 140.0000000000000000 ) ;
#5659 = DIRECTION ( 'NONE',  ( 0.000000000000000000, 0.000000000000000000, 1.000000000000000000 ) ) ;
#5660 = ADVANCED_FACE ( 'NONE', ( #3923 ), #768, .F. ) ;
#5661 = DIRECTION ( 'NONE',  ( 0.000000000000000000, -0.1736481776669173416, 0.9848077530122103518 ) ) ;
#5662 = EDGE_CURVE ( 'NONE', #2837, #12303, #7444, .T. ) ;
#5663 = PLANE ( 'NONE',  #5463 ) ;
#5664 = CIRCLE ( 'NONE', #7306, 140.0000000000000000 ) ;
#5665 = CARTESIAN_POINT ( 'NONE',  ( 5.000000000000004441, 47.88282006559330028, -131.5569669100273416 ) ) ;
#5666 = DIRECTION ( 'NONE',  ( -1.000000000000000000, 0.000000000000000000, 0.000000000000000000 ) ) ;
#5667 = ORIENTED_EDGE ( 'NONE', *, *, #11005, .F. ) ;
#5668 = DIRECTION ( 'NONE',  ( -1.000000000000000000, 0.000000000000000000, -0.000000000000000000 ) ) ;
#5669 = FACE_OUTER_BOUND ( 'NONE', #2523, .T. ) ;
#5670 = ORIENTED_EDGE ( 'NONE', *, *, #5324, .T. ) ;
#5671 = CARTESIAN_POINT ( 'NONE',  ( 5.000000000000006217, -115.7767867520166050, 78.96721993192231537 ) ) ;
#5672 = ORIENTED_EDGE ( 'NONE', *, *, #609, .F. ) ;
#5673 = DIRECTION ( 'NONE',  ( 1.000000000000000000, 0.000000000000000000, 0.000000000000000000 ) ) ;
#5674 = ORIENTED_EDGE ( 'NONE', *, *, #9639, .F. ) ;
#5675 = ORIENTED_EDGE ( 'NONE', *, *, #12069, .F. ) ;
#5676 = DIRECTION ( 'NONE',  ( 0.000000000000000000, -0.3698622616393602569, -0.9290865984476459616 ) ) ;
#5677 = VECTOR ( 'NONE', #676, 1000.000000000000000 ) ;
#5678 = EDGE_CURVE ( 'NONE', #2463, #1376, #2305, .T. ) ;
#5679 = VERTEX_POINT ( 'NONE', #11076 ) ;
#5680 = EDGE_CURVE ( 'NONE', #9309, #12152, #3148, .T. ) ;
#5681 = DIRECTION ( 'NONE',  ( 0.000000000000000000, 0.000000000000000000, 1.000000000000000000 ) ) ;
#5682 = FACE_OUTER_BOUND ( 'NONE', #6383, .T. ) ;
#5683 = EDGE_LOOP ( 'NONE', ( #11281, #3110, #7710, #12106 ) ) ;
#5684 = CARTESIAN_POINT ( 'NONE',  ( 5.000000000000004441, 0.000000000000000000, 0.000000000000000000 ) ) ;
#5685 = AXIS2_PLACEMENT_3D ( 'NONE', #12657, #2595, #5500 ) ;
#5686 = ORIENTED_EDGE ( 'NONE', *, *, #6953, .F. ) ;
#5687 = CARTESIAN_POINT ( 'NONE',  ( 5.000000000000006217, -138.7852061507327335, 0.007378892721385255093 ) ) ;
#5688 = CARTESIAN_POINT ( 'NONE',  ( -4.999999999999993783, -121.2978000584462137, 70.03042279760680344 ) ) ;
#5689 = ORIENTED_EDGE ( 'NONE', *, *, #3653, .T. ) ;
#5690 = ORIENTED_EDGE ( 'NONE', *, *, #899, .F. ) ;
#5691 = DIRECTION ( 'NONE',  ( 0.000000000000000000, -0.6427876096865458022, -0.7660444431189726844 ) ) ;
#5692 = DIRECTION ( 'NONE',  ( 0.000000000000000000, 0.000000000000000000, -1.000000000000000000 ) ) ;
#5693 = EDGE_CURVE ( 'NONE', #330, #6315, #122, .T. ) ;
#5694 = DIRECTION ( 'NONE',  ( 0.000000000000000000, 1.000000000000000000, -3.608224830031750868E-15 ) ) ;
#5695 = CARTESIAN_POINT ( 'NONE',  ( -4.999999999999993783, 96.21594349147569858, 141.4296642867059006 ) ) ;
#5696 = ORIENTED_EDGE ( 'NONE', *, *, #4279, .F. ) ;
#5697 = CARTESIAN_POINT ( 'NONE',  ( -4.999999999999993783, 70.03176487497729852, -121.2970252097150876 ) ) ;
#5698 = CARTESIAN_POINT ( 'NONE',  ( -4.999999999999993783, -119.3132105852211708, -22.57330664566338640 ) ) ;
#5699 = ORIENTED_EDGE ( 'NONE', *, *, #10517, .T. ) ;
#5700 = EDGE_CURVE ( 'NONE', #12324, #9730, #10960, .T. ) ;
#5701 = EDGE_LOOP ( 'NONE', ( #2830, #5042, #12752 ) ) ;
#5702 = CARTESIAN_POINT ( 'NONE',  ( -4.999999999999993783, -121.2970252097153292, -70.03176487497685798 ) ) ;
#5703 = ORIENTED_EDGE ( 'NONE', *, *, #5352, .T. ) ;
#5704 = CYLINDRICAL_SURFACE ( 'NONE', #6453, 6.999999999999999112 ) ;
#5705 = EDGE_CURVE ( 'NONE', #1404, #10752, #4574, .T. ) ;
#5706 = DIRECTION ( 'NONE',  ( -1.000000000000000000, -0.000000000000000000, -0.000000000000000000 ) ) ;
#5707 = EDGE_CURVE ( 'NONE', #1745, #518, #10103, .T. ) ;
#5708 = DIRECTION ( 'NONE',  ( -1.000000000000000000, -0.000000000000000000, -0.000000000000000000 ) ) ;
#5709 = ORIENTED_EDGE ( 'NONE', *, *, #3788, .T. ) ;
#5710 = ADVANCED_FACE ( 'NONE', ( #240 ), #7008, .T. ) ;
#5711 = DIRECTION ( 'NONE',  ( 0.000000000000000000, 0.000000000000000000, 1.000000000000000000 ) ) ;
#5712 = CARTESIAN_POINT ( 'NONE',  ( -5.000000000000004441, 0.000000000000000000, 0.000000000000000000 ) ) ;
#5713 = DIRECTION ( 'NONE',  ( 0.000000000000000000, 0.6196814657516496183, -0.7848534137046784265 ) ) ;
#5714 = LINE ( 'NONE', #10471, #1455 ) ;
#5715 = DIRECTION ( 'NONE',  ( -1.000000000000000000, -0.000000000000000000, -0.000000000000000000 ) ) ;
#5716 = CARTESIAN_POINT ( 'NONE',  ( -5.397172532507211073, 50.17886317817612252, 17.20473261563716605 ) ) ;
#5717 = ADVANCED_FACE ( 'NONE', ( #8108 ), #56, .F. ) ;
#5718 = EDGE_CURVE ( 'NONE', #7245, #2494, #3332, .T. ) ;
#5719 = ORIENTED_EDGE ( 'NONE', *, *, #2871, .T. ) ;
#5720 = DIRECTION ( 'NONE',  ( -1.000000000000000000, -0.000000000000000000, 0.000000000000000000 ) ) ;
#5721 = DIRECTION ( 'NONE',  ( 1.000000000000000000, 0.000000000000000000, 0.000000000000000000 ) ) ;
#5722 = CARTESIAN_POINT ( 'NONE',  ( 5.000000000000004441, 0.000000000000000000, 0.000000000000000000 ) ) ;
#5723 = CARTESIAN_POINT ( 'NONE',  ( 5.000000000000006217, -107.2933624945061553, -90.03083239009208683 ) ) ;
#5724 = CARTESIAN_POINT ( 'NONE',  ( -87.20833333333341386, 0.000000000000000000, 29.99999999999999289 ) ) ;
#5725 = LINE ( 'NONE', #952, #8904 ) ;
#5726 = EDGE_LOOP ( 'NONE', ( #12005, #4823, #11887 ) ) ;
#5727 = CARTESIAN_POINT ( 'NONE',  ( -4.999999999999993783, 170.5896538667300604, -12.61061916935111960 ) ) ;
#5728 = LINE ( 'NONE', #7585, #1117 ) ;
#5729 = VERTEX_POINT ( 'NONE', #5219 ) ;
#5730 = ADVANCED_FACE ( 'NONE', ( #3077 ), #1152, .T. ) ;
#5731 = ORIENTED_EDGE ( 'NONE', *, *, #9686, .T. ) ;
#5732 = FACE_OUTER_BOUND ( 'NONE', #9549, .T. ) ;
#5733 = ORIENTED_EDGE ( 'NONE', *, *, #7049, .T. ) ;
#5734 = EDGE_LOOP ( 'NONE', ( #11732, #3036, #8056 ) ) ;
#5735 = DIRECTION ( 'NONE',  ( 0.000000000000000000, -0.3420201433256758183, -0.9396926207859058744 ) ) ;
#5736 = ORIENTED_EDGE ( 'NONE', *, *, #8317, .F. ) ;
#5737 = DIRECTION ( 'NONE',  ( -1.000000000000000000, -0.000000000000000000, -0.000000000000000000 ) ) ;
#5738 = FACE_OUTER_BOUND ( 'NONE', #8829, .T. ) ;
#5739 = EDGE_LOOP ( 'NONE', ( #4309, #3762, #10696, #11918 ) ) ;
#5740 = EDGE_LOOP ( 'NONE', ( #1807, #2779, #5935, #9240 ) ) ;
#5741 = CARTESIAN_POINT ( 'NONE',  ( 5.000000000000006217, -141.4296642867061848, 96.21594349147515857 ) ) ;
#5742 = ORIENTED_EDGE ( 'NONE', *, *, #1596, .T. ) ;
#5743 = EDGE_CURVE ( 'NONE', #5869, #6345, #4957, .T. ) ;
#5744 = CARTESIAN_POINT ( 'NONE',  ( -4.999999999999993783, -113.1114811425196791, 126.7004045252651849 ) ) ;
#5745 = DIRECTION ( 'NONE',  ( 0.000000000000000000, 0.000000000000000000, 1.000000000000000000 ) ) ;
#5746 = ORIENTED_EDGE ( 'NONE', *, *, #11669, .F. ) ;
#5747 = ADVANCED_FACE ( 'NONE', ( #5092 ), #2044, .F. ) ;
#5748 = VERTEX_POINT ( 'NONE', #9917 ) ;
#5749 = EDGE_CURVE ( 'NONE', #404, #4842, #9018, .T. ) ;
#5750 = DIRECTION ( 'NONE',  ( -1.000000000000000000, 0.000000000000000000, 0.000000000000000000 ) ) ;
#5751 = CARTESIAN_POINT ( 'NONE',  ( -4.999999999999993783, 107.2933624945068090, 90.03083239009136207 ) ) ;
#5752 = DIRECTION ( 'NONE',  ( 0.000000000000000000, 0.000000000000000000, 1.000000000000000000 ) ) ;
#5753 = CIRCLE ( 'NONE', #5551, 5.000000000000004441 ) ;
#5754 = DIRECTION ( 'NONE',  ( 0.000000000000000000, 0.000000000000000000, 1.000000000000000000 ) ) ;
#5755 = ORIENTED_EDGE ( 'NONE', *, *, #7823, .T. ) ;
#5756 = PLANE ( 'NONE',  #10104 ) ;
#5757 = LINE ( 'NONE', #12515, #2267 ) ;
#5758 = VERTEX_POINT ( 'NONE', #4058 ) ;
#5759 = EDGE_CURVE ( 'NONE', #7356, #2134, #5033, .T. ) ;
#5760 = CARTESIAN_POINT ( 'NONE',  ( -4.999999999999993783, -0.0007748487303973066202, 140.0621876725833772 ) ) ;
#5761 = VERTEX_POINT ( 'NONE', #11903 ) ;
#5762 = FACE_OUTER_BOUND ( 'NONE', #319, .T. ) ;
#5763 = VECTOR ( 'NONE', #8872, 1000.000000000000000 ) ;
#5764 = CARTESIAN_POINT ( 'NONE',  ( 5.000000000000004441, 0.000000000000000000, 0.000000000000000000 ) ) ;
#5765 = PLANE ( 'NONE',  #8468 ) ;
#5766 = DIRECTION ( 'NONE',  ( -1.000000000000000000, -0.000000000000000000, -0.000000000000000000 ) ) ;
#5767 = CARTESIAN_POINT ( 'NONE',  ( 5.000000000000004441, 0.000000000000000000, 0.000000000000000000 ) ) ;
#5768 = DIRECTION ( 'NONE',  ( 0.000000000000000000, -0.3864081637724140483, 0.9223278869090054677 ) ) ;
#5769 = AXIS2_PLACEMENT_3D ( 'NONE', #3118, #6876, #1899 ) ;
#5770 = CARTESIAN_POINT ( 'NONE',  ( -4.999999999999993783, -170.5896538667299467, 12.61061916935229910 ) ) ;
#5771 = CYLINDRICAL_SURFACE ( 'NONE', #4203, 6.999999999999999112 ) ;
#5772 = DIRECTION ( 'NONE',  ( 0.000000000000000000, -0.5000000000000069944, -0.8660254037844344888 ) ) ;
#5773 = ORIENTED_EDGE ( 'NONE', *, *, #4562, .F. ) ;
#5774 = EDGE_CURVE ( 'NONE', #5545, #2837, #11969, .T. ) ;
#5775 = EDGE_CURVE ( 'NONE', #10937, #1199, #6429, .T. ) ;
#5776 = ORIENTED_EDGE ( 'NONE', *, *, #2000, .F. ) ;
#5777 = DIRECTION ( 'NONE',  ( -1.000000000000000000, -0.000000000000000000, -0.000000000000000000 ) ) ;
#5778 = CARTESIAN_POINT ( 'NONE',  ( 5.000000000000006217, -75.19677236556650257, 27.30284647801117259 ) ) ;
#5779 = AXIS2_PLACEMENT_3D ( 'NONE', #2795, #7555, #3492 ) ;
#5780 = CARTESIAN_POINT ( 'NONE',  ( 5.000000000000006217, -119.3132105852211708, -122.5733066456633935 ) ) ;
#5781 = VECTOR ( 'NONE', #593, 999.9999999999998863 ) ;
#5782 = EDGE_CURVE ( 'NONE', #1864, #8793, #9151, .T. ) ;
#5783 = EDGE_CURVE ( 'NONE', #1580, #9072, #8058, .T. ) ;
#5784 = CARTESIAN_POINT ( 'NONE',  ( -5.029124634574087871, -52.84612219853839576, 12.93777926437372017 ) ) ;
#5785 = LINE ( 'NONE', #5724, #4523 ) ;
#5786 = CARTESIAN_POINT ( 'NONE',  ( 4.999999999999999112, 79.74427681403244605, -6.391425146786241740 ) ) ;
#5787 = ORIENTED_EDGE ( 'NONE', *, *, #8314, .T. ) ;
#5788 = CARTESIAN_POINT ( 'NONE',  ( 5.000000000000006217, -105.1339381126578445, -33.39435793932296548 ) ) ;
#5789 = CARTESIAN_POINT ( 'NONE',  ( -4.999999999999993783, 61.32372863323276846, -51.37509422393597447 ) ) ;
#5790 = EDGE_LOOP ( 'NONE', ( #7933, #8531, #4456 ) ) ;
#5791 = VECTOR ( 'NONE', #11423, 1000.000000000000000 ) ;
#5792 = ORIENTED_EDGE ( 'NONE', *, *, #458, .F. ) ;
#5793 = CARTESIAN_POINT ( 'NONE',  ( 5.000000000000006217, -135.8029720483194467, 34.60692065529506323 ) ) ;
#5794 = VECTOR ( 'NONE', #3740, 1000.000000000000000 ) ;
#5795 = ORIENTED_EDGE ( 'NONE', *, *, #10931, .F. ) ;
#5796 = ORIENTED_EDGE ( 'NONE', *, *, #11466, .T. ) ;
#5797 = DIRECTION ( 'NONE',  ( 0.000000000000000000, 0.000000000000000000, 1.000000000000000000 ) ) ;
#5798 = EDGE_CURVE ( 'NONE', #8499, #5056, #499, .T. ) ;
#5799 = VERTEX_POINT ( 'NONE', #9259 ) ;
#5800 = AXIS2_PLACEMENT_3D ( 'NONE', #5177, #8190, #205 ) ;
#5801 = EDGE_CURVE ( 'NONE', #9506, #5748, #7332, .T. ) ;
#5802 = CIRCLE ( 'NONE', #235, 29.99999999999999289 ) ;
#5803 = CARTESIAN_POINT ( 'NONE',  ( -4.999999999999993783, -62.95593364063868336, 157.7458401751244992 ) ) ;
#5804 = VECTOR ( 'NONE', #8780, 1000.000000000000000 ) ;
#5805 = DIRECTION ( 'NONE',  ( -1.000000000000000000, -0.000000000000000000, -0.000000000000000000 ) ) ;
#5806 = ORIENTED_EDGE ( 'NONE', *, *, #9673, .T. ) ;
#5807 = EDGE_LOOP ( 'NONE', ( #159, #5076, #7679 ) ) ;
#5808 = DIRECTION ( 'NONE',  ( -1.000000000000000000, 0.000000000000000000, -0.000000000000000000 ) ) ;
#5809 = ORIENTED_EDGE ( 'NONE', *, *, #4114, .T. ) ;
#5810 = DIRECTION ( 'NONE',  ( 0.000000000000000000, 0.000000000000000000, 1.000000000000000000 ) ) ;
#5811 = ORIENTED_EDGE ( 'NONE', *, *, #11445, .T. ) ;
#5812 = DIRECTION ( 'NONE',  ( 0.000000000000000000, 0.000000000000000000, 1.000000000000000000 ) ) ;
#5813 = VERTEX_POINT ( 'NONE', #12153 ) ;
#5814 = AXIS2_PLACEMENT_3D ( 'NONE', #8626, #2774, #10633 ) ;
#5815 = VERTEX_POINT ( 'NONE', #1451 ) ;
#5816 = AXIS2_PLACEMENT_3D ( 'NONE', #12059, #6133, #8322 ) ;
#5817 = AXIS2_PLACEMENT_3D ( 'NONE', #692, #1641, #5525 ) ;
#5818 = CIRCLE ( 'NONE', #6848, 100.0000000000002132 ) ;
#5819 = DIRECTION ( 'NONE',  ( 0.000000000000000000, -0.4999999999999888978, 0.8660254037844450359 ) ) ;
#5820 = CARTESIAN_POINT ( 'NONE',  ( -4.999999999999993783, 13.95342753719945783, -78.77373839018177648 ) ) ;
#5821 = FACE_OUTER_BOUND ( 'NONE', #6370, .T. ) ;
#5822 = CIRCLE ( 'NONE', #10968, 5.000000000000004441 ) ;
#5823 = AXIS2_PLACEMENT_3D ( 'NONE', #6720, #6774, #5745 ) ;
#5824 = AXIS2_PLACEMENT_3D ( 'NONE', #1983, #888, #1847 ) ;
#5825 = AXIS2_PLACEMENT_3D ( 'NONE', #11372, #5384, #7254 ) ;
#5826 = EDGE_CURVE ( 'NONE', #9379, #2494, #10743, .T. ) ;
#5827 = AXIS2_PLACEMENT_3D ( 'NONE', #346, #5186, #5958 ) ;
#5828 = DIRECTION ( 'NONE',  ( 0.000000000000000000, 0.000000000000000000, 1.000000000000000000 ) ) ;
#5829 = ORIENTED_EDGE ( 'NONE', *, *, #4453, .F. ) ;
#5830 = DIRECTION ( 'NONE',  ( 0.000000000000000000, 0.000000000000000000, 1.000000000000000000 ) ) ;
#5831 = DIRECTION ( 'NONE',  ( -1.000000000000000000, -0.000000000000000000, -0.000000000000000000 ) ) ;
#5832 = ORIENTED_EDGE ( 'NONE', *, *, #6515, .T. ) ;
#5833 = CARTESIAN_POINT ( 'NONE',  ( 5.000000000000006217, 27.42035973919467651, -75.15400103636414997 ) ) ;
#5834 = AXIS2_PLACEMENT_3D ( 'NONE', #10797, #10983, #9883 ) ;
#5835 = AXIS2_PLACEMENT_3D ( 'NONE', #11916, #3224, #134 ) ;
#5836 = DIRECTION ( 'NONE',  ( 1.000000000000000000, 0.000000000000000000, 0.000000000000000000 ) ) ;
#5837 = AXIS2_PLACEMENT_3D ( 'NONE', #4864, #6782, #5752 ) ;
#5838 = VERTEX_POINT ( 'NONE', #2303 ) ;
#5839 = AXIS2_PLACEMENT_3D ( 'NONE', #5529, #11456, #12545 ) ;
#5840 = EDGE_CURVE ( 'NONE', #10878, #3034, #425, .T. ) ;
#5841 = CARTESIAN_POINT ( 'NONE',  ( 5.000000000000004441, 0.000000000000000000, 0.000000000000000000 ) ) ;
#5842 = EDGE_CURVE ( 'NONE', #2039, #11847, #3534, .T. ) ;
#5843 = DIRECTION ( 'NONE',  ( 0.000000000000000000, 0.7465554768956805809, -0.6653231695327188611 ) ) ;
#5844 = PLANE ( 'NONE',  #2931 ) ;
#5845 = CIRCLE ( 'NONE', #9138, 140.0000000000000000 ) ;
#5846 = DIRECTION ( 'NONE',  ( -1.000000000000000000, -0.000000000000000000, -0.000000000000000000 ) ) ;
#5847 = FACE_OUTER_BOUND ( 'NONE', #3880, .T. ) ;
#5848 = DIRECTION ( 'NONE',  ( 1.000000000000000000, 0.000000000000000000, 0.000000000000000000 ) ) ;
#5849 = AXIS2_PLACEMENT_3D ( 'NONE', #2106, #12088, #1332 ) ;
#5850 = CARTESIAN_POINT ( 'NONE',  ( -4.999999999999990230, 66.35702455825934010, -123.2750797678694994 ) ) ;
#5851 = ORIENTED_EDGE ( 'NONE', *, *, #3763, .F. ) ;
#5852 = ORIENTED_EDGE ( 'NONE', *, *, #3187, .T. ) ;
#5853 = FACE_OUTER_BOUND ( 'NONE', #10671, .T. ) ;
#5854 = CARTESIAN_POINT ( 'NONE',  ( -5.000000000000004441, 0.000000000000000000, 0.000000000000000000 ) ) ;
#5855 = AXIS2_PLACEMENT_3D ( 'NONE', #10259, #648, #11422 ) ;
#5856 = AXIS2_PLACEMENT_3D ( 'NONE', #4622, #11259, #11443 ) ;
#5857 = DIRECTION ( 'NONE',  ( 0.000000000000000000, 0.000000000000000000, 1.000000000000000000 ) ) ;
#5858 = ADVANCED_FACE ( 'NONE', ( #2426, #1582 ), #6495, .F. ) ;
#5859 = DIRECTION ( 'NONE',  ( 1.000000000000000000, 0.000000000000000000, 0.000000000000000000 ) ) ;
#5860 = FACE_OUTER_BOUND ( 'NONE', #1569, .T. ) ;
#5861 = CARTESIAN_POINT ( 'NONE',  ( -9.999999999999987566, 6.735557395310441826E-15, -54.99999999999999289 ) ) ;
#5862 = EDGE_LOOP ( 'NONE', ( #11073, #4066, #11427 ) ) ;
#5863 = DIRECTION ( 'NONE',  ( 1.000000000000000000, 0.000000000000000000, 0.000000000000000000 ) ) ;
#5864 = AXIS2_PLACEMENT_3D ( 'NONE', #12109, #5107, #6267 ) ;
#5865 = CARTESIAN_POINT ( 'NONE',  ( -5.000000000000004441, 0.000000000000000000, 0.000000000000000000 ) ) ;
#5866 = ORIENTED_EDGE ( 'NONE', *, *, #10163, .T. ) ;
#5867 = VERTEX_POINT ( 'NONE', #7271 ) ;
#5868 = DIRECTION ( 'NONE',  ( 0.000000000000000000, 0.000000000000000000, 1.000000000000000000 ) ) ;
#5869 = VERTEX_POINT ( 'NONE', #10235 ) ;
#5870 = ORIENTED_EDGE ( 'NONE', *, *, #52, .F. ) ;
#5871 = CARTESIAN_POINT ( 'NONE',  ( -40.00000000000000000, 0.000000000000000000, 67.00000000000000000 ) ) ;
#5872 = ADVANCED_FACE ( 'NONE', ( #6360 ), #4491, .T. ) ;
#5873 = VERTEX_POINT ( 'NONE', #3459 ) ;
#5874 = AXIS2_PLACEMENT_3D ( 'NONE', #5299, #11154, #6190 ) ;
#5875 = EDGE_CURVE ( 'NONE', #7341, #6579, #2927, .T. ) ;
#5876 = EDGE_CURVE ( 'NONE', #2279, #5411, #5523, .T. ) ;
#5877 = DIRECTION ( 'NONE',  ( 0.000000000000000000, 0.9919634625682259843, -0.1265246573978991151 ) ) ;
#5878 = ORIENTED_EDGE ( 'NONE', *, *, #571, .F. ) ;
#5879 = ORIENTED_EDGE ( 'NONE', *, *, #7431, .T. ) ;
#5880 = CARTESIAN_POINT ( 'NONE',  ( -4.999999999999993783, 65.86485695397730922, -45.40727495051985585 ) ) ;
#5881 = EDGE_CURVE ( 'NONE', #9597, #518, #8295, .T. ) ;
#5882 = ORIENTED_EDGE ( 'NONE', *, *, #10043, .T. ) ;
#5883 = CARTESIAN_POINT ( 'NONE',  ( -5.000000000000004441, 0.000000000000000000, 0.000000000000000000 ) ) ;
#5884 = ORIENTED_EDGE ( 'NONE', *, *, #737, .F. ) ;
#5885 = FACE_OUTER_BOUND ( 'NONE', #7364, .T. ) ;
#5886 = CIRCLE ( 'NONE', #10817, 49.99999999999999289 ) ;
#5887 = EDGE_LOOP ( 'NONE', ( #4227, #4124, #5027 ) ) ;
#5888 = ORIENTED_EDGE ( 'NONE', *, *, #8156, .T. ) ;
#5889 = EDGE_CURVE ( 'NONE', #6180, #125, #1682, .T. ) ;
#5890 = DIRECTION ( 'NONE',  ( 0.000000000000000000, 0.2029090280938706525, 0.9791975930924262661 ) ) ;
#5891 = DIRECTION ( 'NONE',  ( -1.000000000000000000, 0.000000000000000000, 0.000000000000000000 ) ) ;
#5892 = DIRECTION ( 'NONE',  ( 0.000000000000000000, 0.9848077530122085754, 0.1736481776669273891 ) ) ;
#5893 = TOROIDAL_SURFACE ( 'NONE', #2792, 34.99999999999999289, 4.999999999999997335 ) ;
#5894 = DIRECTION ( 'NONE',  ( 1.000000000000000000, 0.000000000000000000, 0.000000000000000000 ) ) ;
#5895 = ORIENTED_EDGE ( 'NONE', *, *, #12720, .F. ) ;
#5896 = CARTESIAN_POINT ( 'NONE',  ( 5.000000000000006217, -96.21594349147476066, -41.42966428670649748 ) ) ;
#5897 = LINE ( 'NONE', #984, #1242 ) ;
#5898 = ORIENTED_EDGE ( 'NONE', *, *, #4232, .F. ) ;
#5899 = EDGE_CURVE ( 'NONE', #1467, #1738, #10537, .T. ) ;
#5900 = DIRECTION ( 'NONE',  ( 0.000000000000000000, 0.000000000000000000, 1.000000000000000000 ) ) ;
#5901 = CARTESIAN_POINT ( 'NONE',  ( 4.999999999999999112, -79.99997556444870384, -0.06252750026121411953 ) ) ;
#5902 = ORIENTED_EDGE ( 'NONE', *, *, #8286, .T. ) ;
#5903 = CARTESIAN_POINT ( 'NONE',  ( 16.61363878918087167, -53.24747437328983324, 12.67211559347741634 ) ) ;
#5904 = CARTESIAN_POINT ( 'NONE',  ( 5.000000000000006217, 155.9887531452615690, -70.19520364235592069 ) ) ;
#5905 = FACE_BOUND ( 'NONE', #1434, .T. ) ;
#5906 = DIRECTION ( 'NONE',  ( 0.000000000000000000, 0.7660444431189792347, 0.6427876096865378086 ) ) ;
#5907 = LINE ( 'NONE', #2160, #10144 ) ;
#5908 = FACE_OUTER_BOUND ( 'NONE', #4563, .T. ) ;
#5909 = ORIENTED_EDGE ( 'NONE', *, *, #6203, .T. ) ;
#5910 = ADVANCED_FACE ( 'NONE', ( #2485 ), #9207, .F. ) ;
#5911 = VERTEX_POINT ( 'NONE', #10363 ) ;
#5912 = CARTESIAN_POINT ( 'NONE',  ( -4.999999999999992895, -70.00000000000056843, -121.2435565298211202 ) ) ;
#5913 = CARTESIAN_POINT ( 'NONE',  ( -4.999999999999993783, 47.90481762191890169, -131.6151391931834382 ) ) ;
#5914 = EDGE_CURVE ( 'NONE', #9897, #4532, #1068, .T. ) ;
#5915 = CARTESIAN_POINT ( 'NONE',  ( -4.999999999999993783, 99.99262110727813990, -138.7852061507330745 ) ) ;
#5916 = CARTESIAN_POINT ( 'NONE',  ( 14.99999999999997158, 28.41945699475599696, -47.08858103747886048 ) ) ;
#5917 = LINE ( 'NONE', #9845, #5763 ) ;
#5918 = DIRECTION ( 'NONE',  ( 0.000000000000000000, 0.000000000000000000, 1.000000000000000000 ) ) ;
#5919 = ORIENTED_EDGE ( 'NONE', *, *, #5289, .F. ) ;
#5920 = DIRECTION ( 'NONE',  ( -1.000000000000000000, 0.000000000000000000, 0.000000000000000000 ) ) ;
#5921 = CARTESIAN_POINT ( 'NONE',  ( 40.00000000000000711, 0.000000000000000000, 0.000000000000000000 ) ) ;
#5922 = ORIENTED_EDGE ( 'NONE', *, *, #11190, .T. ) ;
#5923 = EDGE_LOOP ( 'NONE', ( #5065, #2167, #11286, #7854, #4965, #9993, #11945, #5139, #8898, #509, #9974, #9193, #2091, #1667, #8011, #11724, #4257, #5303, #9616, #4511, #8752, #9346, #19, #11804, #5163, #5976, #10206, #3015, #1175, #2977, #12308, #10020, #4332, #9675, #4400, #6520, #6631, #8392, #7227, #1801, #9605, #1324, #2090, #11339, #5811, #4898, #570, #7900, #11589, #385, #9725, #11214, #9744, #6776, #10703, #6113, #5306, #7860, #7983, #8461, #5091, #9497, #12132, #8940, #6149, #7352, #9565, #8235, #9831, #2188, #5806, #9752, #8232, #12517, #9462, #6773, #219, #2640, #2316, #2815, #3073, #579, #7472, #7247, #6595, #1665, #1022, #9330, #2405, #7100, #4404, #4241, #12513, #9959, #2838, #2354, #10432, #9930, #1597, #5450, #10685, #3866, #11356, #10446, #9489, #6722, #6127, #4250, #7427, #12518, #6602, #6461, #10100, #3160, #784, #4294, #7862, #619, #4496, #4452, #5888, #11299, #9928, #1620, #10174, #10234, #9555, #8883, #12524, #5334, #12584, #7343, #11550, #9354, #7597, #12329, #11962, #9873, #6569, #9635, #9627, #553, #7085, #2901, #982, #3610, #675, #8420, #5506, #8896, #8164, #9916 ) ) ;
#5924 = CARTESIAN_POINT ( 'NONE',  ( 18.24513409807467568, 50.13230543879279821, 19.55297913517593855 ) ) ;
#5925 = ORIENTED_EDGE ( 'NONE', *, *, #8910, .T. ) ;
#5926 = CARTESIAN_POINT ( 'NONE',  ( 59.79898987322338400, 8.572527594031473190E-16, 53.00000000000000000 ) ) ;
#5927 = EDGE_CURVE ( 'NONE', #7797, #4292, #5468, .T. ) ;
#5928 = ORIENTED_EDGE ( 'NONE', *, *, #7193, .T. ) ;
#5929 = CARTESIAN_POINT ( 'NONE',  ( 5.000000000000006217, -24.32230672642489822, 137.9341937727410254 ) ) ;
#5930 = DIRECTION ( 'NONE',  ( 0.000000000000000000, 0.000000000000000000, 1.000000000000000000 ) ) ;
#5931 = VERTEX_POINT ( 'NONE', #3514 ) ;
#5932 = PLANE ( 'NONE',  #2531 ) ;
#5933 = ORIENTED_EDGE ( 'NONE', *, *, #3098, .T. ) ;
#5934 = DIRECTION ( 'NONE',  ( 0.000000000000000000, 0.1736481776669242250, -0.9848077530122091305 ) ) ;
#5935 = ORIENTED_EDGE ( 'NONE', *, *, #5319, .F. ) ;
#5936 = LINE ( 'NONE', #6181, #5018 ) ;
#5937 = VERTEX_POINT ( 'NONE', #12536 ) ;
#5938 = ORIENTED_EDGE ( 'NONE', *, *, #513, .F. ) ;
#5939 = EDGE_CURVE ( 'NONE', #4384, #3725, #2718, .T. ) ;
#5940 = CARTESIAN_POINT ( 'NONE',  ( 5.000000000000004441, 138.5361218347421470, 20.19264586401410355 ) ) ;
#5941 = ADVANCED_FACE ( 'NONE', ( #2875 ), #10736, .F. ) ;
#5942 = CARTESIAN_POINT ( 'NONE',  ( 5.000000000000006217, 170.5896538667300604, -12.61061916935111960 ) ) ;
#5943 = EDGE_CURVE ( 'NONE', #7383, #4117, #2100, .T. ) ;
#5944 = EDGE_CURVE ( 'NONE', #7081, #8498, #7670, .T. ) ;
#5945 = ORIENTED_EDGE ( 'NONE', *, *, #12472, .F. ) ;
#5946 = DIRECTION ( 'NONE',  ( 0.000000000000000000, 0.000000000000000000, 1.000000000000000000 ) ) ;
#5947 = EDGE_LOOP ( 'NONE', ( #7730, #12076, #7067, #11000, #2337, #6292 ) ) ;
#5948 = DIRECTION ( 'NONE',  ( 0.000000000000000000, -0.9396926207859046531, 0.3420201433256792045 ) ) ;
#5949 = DIRECTION ( 'NONE',  ( 0.000000000000000000, 0.000000000000000000, 1.000000000000000000 ) ) ;
#5950 = ORIENTED_EDGE ( 'NONE', *, *, #178, .T. ) ;
#5951 = DIRECTION ( 'NONE',  ( 0.000000000000000000, 0.000000000000000000, 1.000000000000000000 ) ) ;
#5952 = FACE_OUTER_BOUND ( 'NONE', #11484, .T. ) ;
#5953 = ORIENTED_EDGE ( 'NONE', *, *, #10815, .F. ) ;
#5954 = AXIS2_PLACEMENT_3D ( 'NONE', #1081, #10940, #2042 ) ;
#5955 = CARTESIAN_POINT ( 'NONE',  ( 18.86303012730940765, -50.09135870297092907, 17.85100108040747102 ) ) ;
#5956 = EDGE_CURVE ( 'NONE', #1738, #1263, #8484, .T. ) ;
#5957 = DIRECTION ( 'NONE',  ( 0.000000000000000000, 0.000000000000000000, 1.000000000000000000 ) ) ;
#5958 = DIRECTION ( 'NONE',  ( 0.000000000000000000, 0.000000000000000000, 1.000000000000000000 ) ) ;
#5959 = DIRECTION ( 'NONE',  ( -1.000000000000000000, -0.000000000000000000, -0.000000000000000000 ) ) ;
#5960 = FACE_OUTER_BOUND ( 'NONE', #3891, .T. ) ;
#5961 = CARTESIAN_POINT ( 'NONE',  ( 59.79898987322338400, -35.26711513754810312, -48.54101966249704958 ) ) ;
#5962 = VERTEX_POINT ( 'NONE', #2755 ) ;
#5963 = CIRCLE ( 'NONE', #8213, 5.000000000000004441 ) ;
#5964 = VERTEX_POINT ( 'NONE', #8482 ) ;
#5965 = CARTESIAN_POINT ( 'NONE',  ( 5.000000000000004441, -130.0721237826701042, 51.78071662951133192 ) ) ;
#5966 = LINE ( 'NONE', #12738, #6852 ) ;
#5967 = LINE ( 'NONE', #5079, #2721 ) ;
#5968 = AXIS2_PLACEMENT_3D ( 'NONE', #8353, #1330, #8160 ) ;
#5969 = CARTESIAN_POINT ( 'NONE',  ( -5.000000000000004441, -78.88985188874613641, -115.6563498860814718 ) ) ;
#5970 = FACE_OUTER_BOUND ( 'NONE', #12211, .T. ) ;
#5971 = EDGE_CURVE ( 'NONE', #11900, #3422, #7870, .T. ) ;
#5972 = DIRECTION ( 'NONE',  ( 0.000000000000000000, -0.9396926207859046531, 0.3420201433256790380 ) ) ;
#5973 = ORIENTED_EDGE ( 'NONE', *, *, #11547, .T. ) ;
#5974 = CARTESIAN_POINT ( 'NONE',  ( 4.999999999999997335, 57.06339097770900537, 18.54101966249749367 ) ) ;
#5975 = DIRECTION ( 'NONE',  ( -1.000000000000000000, -0.000000000000000000, -0.000000000000000000 ) ) ;
#5976 = ORIENTED_EDGE ( 'NONE', *, *, #6565, .T. ) ;
#5977 = ORIENTED_EDGE ( 'NONE', *, *, #11767, .F. ) ;
#5978 = DIRECTION ( 'NONE',  ( 0.000000000000000000, 0.3420201433256693790, 0.9396926207859080948 ) ) ;
#5979 = ORIENTED_EDGE ( 'NONE', *, *, #6961, .T. ) ;
#5980 = DIRECTION ( 'NONE',  ( 0.000000000000000000, 0.7958032295111138188, -0.6055552987958089384 ) ) ;
#5981 = AXIS2_PLACEMENT_3D ( 'NONE', #12, #201, #928 ) ;
#5982 = ORIENTED_EDGE ( 'NONE', *, *, #5783, .F. ) ;
#5983 = DIRECTION ( 'NONE',  ( 0.000000000000000000, 1.000000000000000000, -3.608224830031750868E-15 ) ) ;
#5984 = CIRCLE ( 'NONE', #3929, 100.0000000000000426 ) ;
#5985 = EDGE_CURVE ( 'NONE', #4668, #3808, #12395, .T. ) ;
#5986 = ORIENTED_EDGE ( 'NONE', *, *, #5191, .T. ) ;
#5987 = DIRECTION ( 'NONE',  ( 0.000000000000000000, -0.7345453337178047271, -0.6785596161822473604 ) ) ;
#5988 = VECTOR ( 'NONE', #6273, 1000.000000000000114 ) ;
#5989 = EDGE_LOOP ( 'NONE', ( #11001, #3249, #2113 ) ) ;
#5990 = CARTESIAN_POINT ( 'NONE',  ( 5.000000000000006217, -75.19677236556650257, 27.30284647801117259 ) ) ;
#5991 = EDGE_LOOP ( 'NONE', ( #12300, #9328, #2538, #9017, #4011, #9307 ) ) ;
#5992 = DIRECTION ( 'NONE',  ( 0.000000000000000000, -0.2029090280938773416, -0.9791975930924249338 ) ) ;
#5993 = ORIENTED_EDGE ( 'NONE', *, *, #11234, .F. ) ;
#5994 = ORIENTED_EDGE ( 'NONE', *, *, #4613, .F. ) ;
#5995 = CIRCLE ( 'NONE', #1659, 100.0000000000001990 ) ;
#5996 = DIRECTION ( 'NONE',  ( -1.000000000000000000, -0.000000000000000000, -0.000000000000000000 ) ) ;
#5997 = AXIS2_PLACEMENT_3D ( 'NONE', #722, #4717, #4790 ) ;
#5998 = AXIS2_PLACEMENT_3D ( 'NONE', #5233, #3162, #322 ) ;
#5999 = DIRECTION ( 'NONE',  ( 0.000000000000000000, 0.6427876096865404731, 0.7660444431189771253 ) ) ;
#6000 = CARTESIAN_POINT ( 'NONE',  ( 5.000000000000004441, 0.000000000000000000, 0.000000000000000000 ) ) ;
#6001 = ORIENTED_EDGE ( 'NONE', *, *, #151, .T. ) ;
#6002 = EDGE_CURVE ( 'NONE', #6572, #3677, #11993, .T. ) ;
#6003 = DIRECTION ( 'NONE',  ( 0.000000000000000000, 0.000000000000000000, 1.000000000000000000 ) ) ;
#6004 = AXIS2_PLACEMENT_3D ( 'NONE', #2450, #4766, #5797 ) ;
#6005 = VECTOR ( 'NONE', #7351, 1000.000000000000000 ) ;
#6006 = ORIENTED_EDGE ( 'NONE', *, *, #6656, .F. ) ;
#6007 = CARTESIAN_POINT ( 'NONE',  ( 5.000000000000006217, 107.2933624945068090, 90.03083239009136207 ) ) ;
#6008 = CIRCLE ( 'NONE', #446, 34.99999999999999289 ) ;
#6009 = PLANE ( 'NONE',  #7010 ) ;
#6010 = VECTOR ( 'NONE', #7625, 1000.000000000000227 ) ;
#6011 = ORIENTED_EDGE ( 'NONE', *, *, #3187, .F. ) ;
#6012 = FACE_OUTER_BOUND ( 'NONE', #7282, .T. ) ;
#6013 = ADVANCED_FACE ( 'NONE', ( #8673 ), #753, .F. ) ;
#6014 = DIRECTION ( 'NONE',  ( -1.000000000000000000, 0.000000000000000000, -0.000000000000000000 ) ) ;
#6015 = EDGE_CURVE ( 'NONE', #514, #11965, #3546, .T. ) ;
#6016 = EDGE_LOOP ( 'NONE', ( #8733, #3821, #11323, #6484, #5945, #4077 ) ) ;
#6017 = AXIS2_PLACEMENT_3D ( 'NONE', #12479, #6749, #7575 ) ;
#6018 = AXIS2_PLACEMENT_3D ( 'NONE', #11644, #1716, #2813 ) ;
#6019 = CIRCLE ( 'NONE', #7051, 5.000000000000004441 ) ;
#6020 = AXIS2_PLACEMENT_3D ( 'NONE', #11838, #3010, #6941 ) ;
#6021 = DIRECTION ( 'NONE',  ( -1.000000000000000000, -0.000000000000000000, -0.000000000000000000 ) ) ;
#6022 = VECTOR ( 'NONE', #12071, 1000.000000000000114 ) ;
#6023 = AXIS2_PLACEMENT_3D ( 'NONE', #7315, #2410, #6402 ) ;
#6024 = CARTESIAN_POINT ( 'NONE',  ( 5.000000000000004441, 0.000000000000000000, 0.000000000000000000 ) ) ;
#6025 = DIRECTION ( 'NONE',  ( -1.000000000000000000, 0.000000000000000000, 0.000000000000000000 ) ) ;
#6026 = PLANE ( 'NONE',  #3709 ) ;
#6027 = CARTESIAN_POINT ( 'NONE',  ( 5.000000000000004441, -93.14524373458064588, -104.5177667653952938 ) ) ;
#6028 = DIRECTION ( 'NONE',  ( -1.000000000000000000, -0.000000000000000000, -0.000000000000000000 ) ) ;
#6029 = ADVANCED_FACE ( 'NONE', ( #4627 ), #7713, .F. ) ;
#6030 = AXIS2_PLACEMENT_3D ( 'NONE', #3500, #1509, #6346 ) ;
#6031 = CIRCLE ( 'NONE', #6648, 74.99999999999997158 ) ;
#6032 = ORIENTED_EDGE ( 'NONE', *, *, #11245, .F. ) ;
#6033 = CIRCLE ( 'NONE', #8283, 100.0000000000000000 ) ;
#6034 = VERTEX_POINT ( 'NONE', #11702 ) ;
#6035 = DIRECTION ( 'NONE',  ( 0.000000000000000000, -0.8660254037844432595, -0.4999999999999919509 ) ) ;
#6036 = CIRCLE ( 'NONE', #5422, 140.0000000000000000 ) ;
#6037 = DIRECTION ( 'NONE',  ( -0.000000000000000000, 1.000000000000000000, 1.224646799147353207E-16 ) ) ;
#6038 = EDGE_CURVE ( 'NONE', #1658, #8328, #3149, .T. ) ;
#6039 = DIRECTION ( 'NONE',  ( 0.000000000000000000, 0.2029090280938706525, 0.9791975930924262661 ) ) ;
#6040 = AXIS2_PLACEMENT_3D ( 'NONE', #9693, #1700, #4806 ) ;
#6041 = AXIS2_PLACEMENT_3D ( 'NONE', #1109, #4979, #9096 ) ;
#6042 = CARTESIAN_POINT ( 'NONE',  ( 16.25526523002643842, 28.46618825106263628, -46.88025660999783639 ) ) ;
#6043 = PLANE ( 'NONE',  #7811 ) ;
#6044 = DIRECTION ( 'NONE',  ( 0.000000000000000000, 0.6785596161822446959, -0.7345453337178072806 ) ) ;
#6045 = ORIENTED_EDGE ( 'NONE', *, *, #1084, .T. ) ;
#6046 = DIRECTION ( 'NONE',  ( -1.000000000000000000, -0.000000000000000000, 0.000000000000000000 ) ) ;
#6047 = CARTESIAN_POINT ( 'NONE',  ( 5.000000000000004441, 0.000000000000000000, 0.000000000000000000 ) ) ;
#6048 = ORIENTED_EDGE ( 'NONE', *, *, #7089, .F. ) ;
#6049 = ORIENTED_EDGE ( 'NONE', *, *, #2552, .T. ) ;
#6050 = CARTESIAN_POINT ( 'NONE',  ( 18.38751271126936970, 50.09762980420327949, 19.28672807514467280 ) ) ;
#6051 = ORIENTED_EDGE ( 'NONE', *, *, #1795, .T. ) ;
#6052 = DIRECTION ( 'NONE',  ( 0.000000000000000000, 0.6055552987958089384, 0.7958032295111138188 ) ) ;
#6053 = EDGE_CURVE ( 'NONE', #5155, #10484, #10141, .T. ) ;
#6054 = CIRCLE ( 'NONE', #3369, 100.0000000000001990 ) ;
#6055 = CIRCLE ( 'NONE', #2141, 100.0000000000000000 ) ;
#6056 = EDGE_CURVE ( 'NONE', #8976, #1537, #7258, .T. ) ;
#6057 = ORIENTED_EDGE ( 'NONE', *, *, #8642, .F. ) ;
#6058 = CARTESIAN_POINT ( 'NONE',  ( 5.000000000000004441, -69.99999999999887734, 121.2435565298220865 ) ) ;
#6059 = AXIS2_PLACEMENT_3D ( 'NONE', #7463, #3799, #2686 ) ;
#6060 = DIRECTION ( 'NONE',  ( -1.000000000000000000, -0.000000000000000000, -0.000000000000000000 ) ) ;
#6061 = ORIENTED_EDGE ( 'NONE', *, *, #1127, .F. ) ;
#6063 = CARTESIAN_POINT ( 'NONE',  ( -4.999999999999993783, 99.99262110727813990, -138.7852061507330745 ) ) ;
#6062 = AXIS2_PLACEMENT_3D ( 'NONE', #8396, #11248, #661 ) ;
#6064 = ORIENTED_EDGE ( 'NONE', *, *, #10049, .T. ) ;
#6065 = CARTESIAN_POINT ( 'NONE',  ( -4.999999999999993783, -6.391425146786512634, -79.74427681403240342 ) ) ;
#6066 = VERTEX_POINT ( 'NONE', #1780 ) ;
#6067 = CARTESIAN_POINT ( 'NONE',  ( 5.000000000000006217, 131.6156692209318919, -47.90336138264822097 ) ) ;
#6068 = EDGE_LOOP ( 'NONE', ( #4463, #6514, #8444 ) ) ;
#6069 = ORIENTED_EDGE ( 'NONE', *, *, #8225, .F. ) ;
#6070 = EDGE_CURVE ( 'NONE', #3101, #4953, #8912, .T. ) ;
#6071 = VECTOR ( 'NONE', #7732, 1000.000000000000000 ) ;
#6072 = ADVANCED_FACE ( 'NONE', ( #12612 ), #3596, .F. ) ;
#6073 = DIRECTION ( 'NONE',  ( -1.000000000000000000, 0.000000000000000000, 0.000000000000000000 ) ) ;
#6074 = CYLINDRICAL_SURFACE ( 'NONE', #5874, 100.0000000000000000 ) ;
#6075 = ORIENTED_EDGE ( 'NONE', *, *, #2885, .F. ) ;
#6076 = DIRECTION ( 'NONE',  ( 1.000000000000000000, 0.000000000000000000, 0.000000000000000000 ) ) ;
#6077 = AXIS2_PLACEMENT_3D ( 'NONE', #2551, #9198, #10349 ) ;
#6078 = ORIENTED_EDGE ( 'NONE', *, *, #6862, .F. ) ;
#6079 = DIRECTION ( 'NONE',  ( 0.000000000000000000, 0.000000000000000000, -1.000000000000000000 ) ) ;
#6080 = CARTESIAN_POINT ( 'NONE',  ( 40.00000000000000711, 9.491012693391985026E-15, -74.99999999999997158 ) ) ;
#6081 = FACE_OUTER_BOUND ( 'NONE', #7015, .T. ) ;
#6082 = ORIENTED_EDGE ( 'NONE', *, *, #11733, .T. ) ;
#6083 = DIRECTION ( 'NONE',  ( 1.000000000000000000, 0.000000000000000000, 0.000000000000000000 ) ) ;
#6084 = DIRECTION ( 'NONE',  ( -1.000000000000000000, -0.000000000000000000, -0.000000000000000000 ) ) ;
#6085 = EDGE_CURVE ( 'NONE', #8135, #5601, #10549, .T. ) ;
#6086 = ORIENTED_EDGE ( 'NONE', *, *, #3729, .F. ) ;
#6087 = VECTOR ( 'NONE', #10281, 1000.000000000000000 ) ;
#6088 = CARTESIAN_POINT ( 'NONE',  ( 17.90191478615601994, -52.41712742040175499, 13.29924098745202876 ) ) ;
#6089 = CARTESIAN_POINT ( 'NONE',  ( 5.000000000000006217, 170.1878247496342169, 17.20354699452879288 ) ) ;
#6090 = DIRECTION ( 'NONE',  ( -1.000000000000000000, 0.000000000000000000, -0.000000000000000000 ) ) ;
#6091 = CARTESIAN_POINT ( 'NONE',  ( 5.000000000000004441, 0.000000000000000000, 0.000000000000000000 ) ) ;
#6092 = DIRECTION ( 'NONE',  ( -1.000000000000000000, -0.000000000000000000, -0.000000000000000000 ) ) ;
#6093 = DIRECTION ( 'NONE',  ( 1.000000000000000000, 0.000000000000000000, 0.000000000000000000 ) ) ;
#6094 = AXIS2_PLACEMENT_3D ( 'NONE', #6209, #11294, #12202 ) ;
#6095 = ORIENTED_EDGE ( 'NONE', *, *, #779, .F. ) ;
#6096 = ORIENTED_EDGE ( 'NONE', *, *, #2860, .T. ) ;
#6097 = DIRECTION ( 'NONE',  ( -1.000000000000000000, -0.000000000000000000, -0.000000000000000000 ) ) ;
#6098 = VERTEX_POINT ( 'NONE', #12025 ) ;
#6099 = FACE_OUTER_BOUND ( 'NONE', #8413, .T. ) ;
#6100 = EDGE_CURVE ( 'NONE', #4107, #462, #37, .T. ) ;
#6101 = EDGE_CURVE ( 'NONE', #5115, #8527, #5966, .T. ) ;
#6102 = EDGE_CURVE ( 'NONE', #7126, #7214, #3062, .T. ) ;
#6103 = CARTESIAN_POINT ( 'NONE',  ( -5.000000000000004441, 0.000000000000000000, 0.000000000000000000 ) ) ;
#6104 = CARTESIAN_POINT ( 'NONE',  ( 18.69625484924792858, 29.62343946296923036, -44.39271322736723135 ) ) ;
#6105 = EDGE_CURVE ( 'NONE', #5931, #665, #7131, .T. ) ;
#6106 = EDGE_CURVE ( 'NONE', #10247, #3881, #5822, .T. ) ;
#6107 = CARTESIAN_POINT ( 'NONE',  ( 4.999999999999999112, 46.36251736216701147, -65.19598901652437917 ) ) ;
#6108 = CARTESIAN_POINT ( 'NONE',  ( -4.999999999999993783, -113.1114811425196791, 126.7004045252651849 ) ) ;
#6109 = VERTEX_POINT ( 'NONE', #6993 ) ;
#6110 = PLANE ( 'NONE',  #5236 ) ;
#6111 = DIRECTION ( 'NONE',  ( -1.000000000000000000, 0.000000000000000000, -0.000000000000000000 ) ) ;
#6112 = VERTEX_POINT ( 'NONE', #9057 ) ;
#6113 = ORIENTED_EDGE ( 'NONE', *, *, #9448, .T. ) ;
#6114 = CARTESIAN_POINT ( 'NONE',  ( -5.417424305044145072, -0.4262845948644790051, 53.00000000000000000 ) ) ;
#6115 = ORIENTED_EDGE ( 'NONE', *, *, #4752, .F. ) ;
#6116 = CARTESIAN_POINT ( 'NONE',  ( 59.79898987322338400, 0.000000000000000000, 60.00000000000000000 ) ) ;
#6117 = CARTESIAN_POINT ( 'NONE',  ( 5.000000000000006217, -17.20354699452700231, 170.1878247496343590 ) ) ;
#6118 = DIRECTION ( 'NONE',  ( -1.000000000000000000, -0.000000000000000000, 0.000000000000000000 ) ) ;
#6119 = EDGE_CURVE ( 'NONE', #3927, #6960, #10925, .T. ) ;
#6120 = DIRECTION ( 'NONE',  ( -1.000000000000000000, -0.000000000000000000, -0.000000000000000000 ) ) ;
#6121 = VERTEX_POINT ( 'NONE', #2094 ) ;
#6122 = DIRECTION ( 'NONE',  ( -1.000000000000000000, -0.000000000000000000, -0.000000000000000000 ) ) ;
#6123 = VERTEX_POINT ( 'NONE', #2222 ) ;
#6124 = CARTESIAN_POINT ( 'NONE',  ( 15.30681945850055570, 4.686149805544382652, 54.80000000000035243 ) ) ;
#6125 = ORIENTED_EDGE ( 'NONE', *, *, #9339, .T. ) ;
#6126 = DIRECTION ( 'NONE',  ( -1.000000000000000000, -0.000000000000000000, -0.000000000000000000 ) ) ;
#6127 = ORIENTED_EDGE ( 'NONE', *, *, #9702, .T. ) ;
#6128 = VERTEX_POINT ( 'NONE', #107 ) ;
#6129 = CARTESIAN_POINT ( 'NONE',  ( -4.999999999999993783, -164.6149246967156898, -46.49499208839367270 ) ) ;
#6130 = DIRECTION ( 'NONE',  ( -1.000000000000000000, -0.000000000000000000, -0.000000000000000000 ) ) ;
#6131 = ADVANCED_FACE ( 'NONE', ( #4044 ), #7960, .T. ) ;
#6132 = ORIENTED_EDGE ( 'NONE', *, *, #9369, .F. ) ;
#6133 = DIRECTION ( 'NONE',  ( 1.000000000000000000, 0.000000000000000000, 0.000000000000000000 ) ) ;
#6134 = VERTEX_POINT ( 'NONE', #5913 ) ;
#6135 = CARTESIAN_POINT ( 'NONE',  ( -4.999999999999993783, -80.37303019083736899, -149.6241146709418786 ) ) ;
#6136 = FACE_OUTER_BOUND ( 'NONE', #1379, .T. ) ;
#6137 = ADVANCED_FACE ( 'NONE', ( #6099 ), #5078, .T. ) ;
#6138 = DIRECTION ( 'NONE',  ( 0.000000000000000000, 0.1265246573978956179, 0.9919634625682264284 ) ) ;
#6139 = ORIENTED_EDGE ( 'NONE', *, *, #12011, .T. ) ;
#6140 = DIRECTION ( 'NONE',  ( 0.000000000000000000, 0.7660444431189792347, 0.6427876096865378086 ) ) ;
#6141 = CARTESIAN_POINT ( 'NONE',  ( 5.000000000000006217, -70.19520364235647492, -155.9887531452612848 ) ) ;
#6142 = CARTESIAN_POINT ( 'NONE',  ( 16.04687263017079601, -53.43667152025841460, 12.55367420514948407 ) ) ;
#6143 = CARTESIAN_POINT ( 'NONE',  ( 4.999999999999997335, -35.26711513754810312, -48.54101966249704958 ) ) ;
#6144 = DIRECTION ( 'NONE',  ( -1.000000000000000000, -0.000000000000000000, -0.000000000000000000 ) ) ;
#6145 = CARTESIAN_POINT ( 'NONE',  ( 5.000000000000004441, -47.88282006559242632, 131.5569669100276258 ) ) ;
#6146 = DIRECTION ( 'NONE',  ( 1.000000000000000000, 0.000000000000000000, 0.000000000000000000 ) ) ;
#6147 = EDGE_CURVE ( 'NONE', #10319, #7797, #5612, .T. ) ;
#6148 = DIRECTION ( 'NONE',  ( 0.000000000000000000, 0.000000000000000000, 1.000000000000000000 ) ) ;
#6149 = ORIENTED_EDGE ( 'NONE', *, *, #10670, .T. ) ;
#6150 = EDGE_LOOP ( 'NONE', ( #7876, #11033, #2628, #5480, #8184, #2370 ) ) ;
#6151 = DIRECTION ( 'NONE',  ( 0.000000000000000000, 0.3420201433256693790, 0.9396926207859080948 ) ) ;
#6152 = EDGE_LOOP ( 'NONE', ( #4843, #6165, #5335, #2128 ) ) ;
#6153 = CARTESIAN_POINT ( 'NONE',  ( 5.000000000000006217, 65.19598901652483391, 46.36251736216635777 ) ) ;
#6154 = AXIS2_PLACEMENT_3D ( 'NONE', #7535, #6563, #765 ) ;
#6155 = CARTESIAN_POINT ( 'NONE',  ( 5.000000000000006217, -78.77373839018171964, -13.95342753719973317 ) ) ;
#6156 = CARTESIAN_POINT ( 'NONE',  ( 5.000000000000004441, 53.56599702107423155, 12.47733798284978768 ) ) ;
#6157 = CARTESIAN_POINT ( 'NONE',  ( 18.87646082626302402, 30.08895354748540285, -43.82409419416138263 ) ) ;
#6158 = CARTESIAN_POINT ( 'NONE',  ( -5.402397075460963372, -30.55193539367455102, -43.35213124273546015 ) ) ;
#6159 = VECTOR ( 'NONE', #7924, 1000.000000000000000 ) ;
#6160 = LINE ( 'NONE', #6999, #2928 ) ;
#6161 = EDGE_CURVE ( 'NONE', #7206, #1717, #256, .T. ) ;
#6162 = CARTESIAN_POINT ( 'NONE',  ( -4.999999999999993783, -51.37509422393618053, -61.32372863323259793 ) ) ;
#6163 = CARTESIAN_POINT ( 'NONE',  ( 5.000000000000006217, -96.21594349147476066, -141.4296642867064975 ) ) ;
#6164 = ORIENTED_EDGE ( 'NONE', *, *, #6070, .T. ) ;
#6165 = ORIENTED_EDGE ( 'NONE', *, *, #5105, .T. ) ;
#6166 = LINE ( 'NONE', #5217, #4932 ) ;
#6167 = ORIENTED_EDGE ( 'NONE', *, *, #6221, .F. ) ;
#6168 = DIRECTION ( 'NONE',  ( -1.000000000000000000, -0.000000000000000000, -0.000000000000000000 ) ) ;
#6169 = ADVANCED_FACE ( 'NONE', ( #162 ), #1284, .T. ) ;
#6170 = EDGE_CURVE ( 'NONE', #8124, #11185, #4162, .T. ) ;
#6171 = CIRCLE ( 'NONE', #4738, 140.0000000000000000 ) ;
#6172 = DIRECTION ( 'NONE',  ( 0.000000000000000000, -0.8660254037844328234, 0.5000000000000102141 ) ) ;
#6173 = CARTESIAN_POINT ( 'NONE',  ( 5.000000000000006217, -70.19520364235647492, -55.98875314526127767 ) ) ;
#6174 = DIRECTION ( 'NONE',  ( 0.000000000000000000, 0.6427876096865353661, -0.7660444431189813441 ) ) ;
#6175 = VERTEX_POINT ( 'NONE', #1190 ) ;
#6176 = CARTESIAN_POINT ( 'NONE',  ( 5.000000000000006217, -149.6241146709416228, 80.37303019083788058 ) ) ;
#6177 = ORIENTED_EDGE ( 'NONE', *, *, #11879, .T. ) ;
#6178 = DIRECTION ( 'NONE',  ( -1.000000000000000000, -0.000000000000000000, -0.000000000000000000 ) ) ;
#6179 = CIRCLE ( 'NONE', #1030, 140.0000000000000000 ) ;
#6180 = VERTEX_POINT ( 'NONE', #6939 ) ;
#6181 = CARTESIAN_POINT ( 'NONE',  ( -4.999999999999993783, 51.37509422393662106, 61.32372863323224976 ) ) ;
#6182 = CIRCLE ( 'NONE', #8863, 100.0000000000000000 ) ;
#6183 = ADVANCED_FACE ( 'NONE', ( #5015 ), #8018, .T. ) ;
#6184 = EDGE_LOOP ( 'NONE', ( #2377, #5111, #7920, #6359, #7106, #1535 ) ) ;
#6185 = ORIENTED_EDGE ( 'NONE', *, *, #7787, .F. ) ;
#6186 = ADVANCED_FACE ( 'NONE', ( #11004 ), #5131, .T. ) ;
#6187 = CIRCLE ( 'NONE', #10926, 100.0000000000000000 ) ;
#6188 = DIRECTION ( 'NONE',  ( 0.000000000000000000, 0.000000000000000000, 1.000000000000000000 ) ) ;
#6189 = VECTOR ( 'NONE', #12310, 1000.000000000000000 ) ;
#6190 = DIRECTION ( 'NONE',  ( 0.000000000000000000, 0.000000000000000000, 1.000000000000000000 ) ) ;
#6191 = ORIENTED_EDGE ( 'NONE', *, *, #3026, .T. ) ;
#6192 = CARTESIAN_POINT ( 'NONE',  ( 5.000000000000005329, -34.57541031018659794, -135.6633369849136557 ) ) ;
#6193 = ORIENTED_EDGE ( 'NONE', *, *, #10815, .T. ) ;
#6194 = DIRECTION ( 'NONE',  ( -0.000000000000000000, 0.9223278869090083543, 0.3864081637724075535 ) ) ;
#6195 = PLANE ( 'NONE',  #872 ) ;
#6196 = VECTOR ( 'NONE', #1565, 1000.000000000000000 ) ;
#6197 = EDGE_LOOP ( 'NONE', ( #5979, #5234, #12455, #6739, #9204, #2180 ) ) ;
#6198 = AXIS2_PLACEMENT_3D ( 'NONE', #7684, #4595, #5625 ) ;
#6199 = LINE ( 'NONE', #6277, #7848 ) ;
#6200 = VECTOR ( 'NONE', #12490, 1000.000000000000000 ) ;
#6201 = DIRECTION ( 'NONE',  ( 0.000000000000000000, 0.4999999999999948930, -0.8660254037844415942 ) ) ;
#6202 = DIRECTION ( 'NONE',  ( 0.000000000000000000, 0.000000000000000000, 1.000000000000000000 ) ) ;
#6203 = EDGE_CURVE ( 'NONE', #7925, #230, #5418, .T. ) ;
#6204 = DIRECTION ( 'NONE',  ( 0.000000000000000000, -0.9396926207859115365, -0.3420201433256601642 ) ) ;
#6205 = AXIS2_PLACEMENT_3D ( 'NONE', #1119, #8797, #11823 ) ;
#6206 = AXIS2_PLACEMENT_3D ( 'NONE', #3795, #4833, #12744 ) ;
#6207 = VECTOR ( 'NONE', #3517, 1000.000000000000114 ) ;
#6208 = AXIS2_PLACEMENT_3D ( 'NONE', #5712, #993, #1970 ) ;
#6209 = CARTESIAN_POINT ( 'NONE',  ( 5.000000000000006217, 17.20354699452819602, -170.1878247496342738 ) ) ;
#6210 = FACE_OUTER_BOUND ( 'NONE', #8305, .T. ) ;
#6211 = LINE ( 'NONE', #289, #7210 ) ;
#6212 = DIRECTION ( 'NONE',  ( 0.000000000000000000, 0.9895437273910145937, 0.1442331847429613179 ) ) ;
#6213 = CARTESIAN_POINT ( 'NONE',  ( -4.999999999999993783, -70.03176487497644587, 121.2970252097155566 ) ) ;
#6214 = ORIENTED_EDGE ( 'NONE', *, *, #7962, .T. ) ;
#6215 = ORIENTED_EDGE ( 'NONE', *, *, #3572, .T. ) ;
#6216 = PLANE ( 'NONE',  #11990 ) ;
#6217 = ORIENTED_EDGE ( 'NONE', *, *, #1596, .F. ) ;
#6218 = VECTOR ( 'NONE', #176, 1000.000000000000000 ) ;
#6219 = AXIS2_PLACEMENT_3D ( 'NONE', #9065, #304, #7189 ) ;
#6220 = CARTESIAN_POINT ( 'NONE',  ( 5.000000000000006217, 97.87195845839806907, 100.3053633756247081 ) ) ;
#6221 = EDGE_CURVE ( 'NONE', #11439, #6966, #3766, .T. ) ;
#6222 = VECTOR ( 'NONE', #4614, 1000.000000000000000 ) ;
#6223 = AXIS2_PLACEMENT_3D ( 'NONE', #1181, #3242, #4273 ) ;
#6224 = VECTOR ( 'NONE', #3908, 1000.000000000000000 ) ;
#6225 = EDGE_CURVE ( 'NONE', #5962, #3593, #3445, .T. ) ;
#6226 = CARTESIAN_POINT ( 'NONE',  ( -4.999999999999993783, 144.4171432598692491, 89.39176922837376082 ) ) ;
#6227 = CARTESIAN_POINT ( 'NONE',  ( 40.00000000000000711, 0.000000000000000000, 0.000000000000000000 ) ) ;
#6228 = DIRECTION ( 'NONE',  ( 0.000000000000000000, 0.000000000000000000, 1.000000000000000000 ) ) ;
#6229 = AXIS2_PLACEMENT_3D ( 'NONE', #10389, #9418, #11284 ) ;
#6230 = CIRCLE ( 'NONE', #10318, 140.0000000000000000 ) ;
#6231 = AXIS2_PLACEMENT_3D ( 'NONE', #6391, #4271, #3373 ) ;
#6232 = CARTESIAN_POINT ( 'NONE',  ( 5.000000000000004441, 0.000000000000000000, 0.000000000000000000 ) ) ;
#6233 = DIRECTION ( 'NONE',  ( 0.000000000000000000, 0.000000000000000000, 1.000000000000000000 ) ) ;
#6234 = DIRECTION ( 'NONE',  ( -1.000000000000000000, -0.000000000000000000, 0.000000000000000000 ) ) ;
#6235 = VECTOR ( 'NONE', #6838, 1000.000000000000000 ) ;
#6236 = DIRECTION ( 'NONE',  ( -1.000000000000000000, 0.000000000000000000, 0.000000000000000000 ) ) ;
#6237 = ORIENTED_EDGE ( 'NONE', *, *, #4647, .T. ) ;
#6238 = VERTEX_POINT ( 'NONE', #10343 ) ;
#6239 = CARTESIAN_POINT ( 'NONE',  ( 5.000000000000006217, -53.17002841738392505, -61.30761839173914751 ) ) ;
#6240 = ORIENTED_EDGE ( 'NONE', *, *, #1359, .T. ) ;
#6241 = CARTESIAN_POINT ( 'NONE',  ( 5.000000000000006217, -138.7852061507327335, -99.99262110727862307 ) ) ;
#6242 = AXIS2_PLACEMENT_3D ( 'NONE', #7947, #6791, #6927 ) ;
#6243 = AXIS2_PLACEMENT_3D ( 'NONE', #5416, #9350, #6510 ) ;
#6244 = AXIS2_PLACEMENT_3D ( 'NONE', #6851, #4019, #5892 ) ;
#6245 = EDGE_CURVE ( 'NONE', #6579, #11878, #9320, .T. ) ;
#6246 = AXIS2_PLACEMENT_3D ( 'NONE', #11123, #305, #170 ) ;
#6247 = CARTESIAN_POINT ( 'NONE',  ( 5.000000000000004441, 89.99026535611675115, 107.2462220366559222 ) ) ;
#6248 = CARTESIAN_POINT ( 'NONE',  ( 5.000000000000006217, 99.99262110727813990, -138.7852061507330745 ) ) ;
#6249 = DIRECTION ( 'NONE',  ( 0.000000000000000000, -0.6196814657516522828, 0.7848534137046763171 ) ) ;
#6250 = ORIENTED_EDGE ( 'NONE', *, *, #2696, .T. ) ;
#6251 = AXIS2_PLACEMENT_3D ( 'NONE', #2524, #8445, #5691 ) ;
#6252 = ORIENTED_EDGE ( 'NONE', *, *, #9839, .F. ) ;
#6253 = EDGE_CURVE ( 'NONE', #1649, #10243, #9382, .T. ) ;
#6254 = CIRCLE ( 'NONE', #5403, 100.0000000000002132 ) ;
#6255 = DIRECTION ( 'NONE',  ( 0.000000000000000000, 0.4999999999999948930, -0.8660254037844415942 ) ) ;
#6256 = EDGE_LOOP ( 'NONE', ( #11277, #6503, #12722, #7547 ) ) ;
#6257 = CARTESIAN_POINT ( 'NONE',  ( 18.98151824705159640, -31.65576007192988328, -42.53914492608257092 ) ) ;
#6258 = AXIS2_PLACEMENT_3D ( 'NONE', #5974, #1924, #11710 ) ;
#6259 = ORIENTED_EDGE ( 'NONE', *, *, #9397, .T. ) ;
#6260 = VERTEX_POINT ( 'NONE', #297 ) ;
#6261 = ADVANCED_FACE ( 'NONE', ( #11302 ), #7181, .F. ) ;
#6262 = EDGE_CURVE ( 'NONE', #10858, #12134, #11114, .T. ) ;
#6263 = CIRCLE ( 'NONE', #7700, 140.0000000000000000 ) ;
#6264 = DIRECTION ( 'NONE',  ( -1.000000000000000000, -0.000000000000000000, -0.000000000000000000 ) ) ;
#6265 = AXIS2_PLACEMENT_3D ( 'NONE', #5126, #215, #6148 ) ;
#6266 = ADVANCED_FACE ( 'NONE', ( #6294 ), #6404, .T. ) ;
#6267 = DIRECTION ( 'NONE',  ( 0.000000000000000000, 1.000000000000000000, -3.608224830031758756E-15 ) ) ;
#6268 = ORIENTED_EDGE ( 'NONE', *, *, #3869, .T. ) ;
#6269 = LINE ( 'NONE', #3360, #6005 ) ;
#6270 = EDGE_CURVE ( 'NONE', #3556, #10288, #1435, .T. ) ;
#6271 = VERTEX_POINT ( 'NONE', #4231 ) ;
#6272 = ADVANCED_FACE ( 'NONE', ( #12332 ), #7250, .F. ) ;
#6273 = DIRECTION ( 'NONE',  ( 0.000000000000000000, 0.9494645049895549249, 0.3138744235597087373 ) ) ;
#6274 = CARTESIAN_POINT ( 'NONE',  ( 16.52455777314767005, -35.67449390686525845, -41.55228366096887527 ) ) ;
#6275 = CIRCLE ( 'NONE', #9785, 99.99999999999998579 ) ;
#6276 = ORIENTED_EDGE ( 'NONE', *, *, #8054, .F. ) ;
#6277 = CARTESIAN_POINT ( 'NONE',  ( 5.000000000000006217, 78.96721993192269906, 115.7767867520163207 ) ) ;
#6278 = APPROVAL_PERSON_ORGANIZATION ( #3440, #11061, #538 ) ;
#6279 = CYLINDRICAL_SURFACE ( 'NONE', #10575, 100.0000000000001990 ) ;
#6280 = CARTESIAN_POINT ( 'NONE',  ( -4.999999999999993783, -133.3943579393228163, 105.1339381126582282 ) ) ;
#6281 = CARTESIAN_POINT ( 'NONE',  ( 5.000000000000006217, -141.4296642867061848, 96.21594349147515857 ) ) ;
#6282 = CIRCLE ( 'NONE', #4440, 100.0000000000000142 ) ;
#6283 = PLANE ( 'NONE',  #9810 ) ;
#6284 = LINE ( 'NONE', #8574, #9118 ) ;
#6285 = EDGE_CURVE ( 'NONE', #390, #3085, #4804, .T. ) ;
#6286 = CYLINDRICAL_SURFACE ( 'NONE', #1239, 29.99999999999999289 ) ;
#6287 = CARTESIAN_POINT ( 'NONE',  ( 5.000000000000006217, 113.8029070527157245, 81.78621229002759208 ) ) ;
#6288 = DIRECTION ( 'NONE',  ( 0.000000000000000000, 0.000000000000000000, 1.000000000000000000 ) ) ;
#6289 = ORIENTED_EDGE ( 'NONE', *, *, #12537, .T. ) ;
#6290 = EDGE_LOOP ( 'NONE', ( #908, #12313, #10058 ) ) ;
#6291 = CARTESIAN_POINT ( 'NONE',  ( -4.999999999999993783, 24.32230672642583258, -137.9341937727408549 ) ) ;
#6292 = ORIENTED_EDGE ( 'NONE', *, *, #5597, .T. ) ;
#6293 = CIRCLE ( 'NONE', #725, 4.999999999999997335 ) ;
#6294 = FACE_OUTER_BOUND ( 'NONE', #5231, .T. ) ;
#6295 = CARTESIAN_POINT ( 'NONE',  ( 5.000000000000006217, 51.47089191217101956, -61.24334482836710691 ) ) ;
#6296 = DIRECTION ( 'NONE',  ( -1.000000000000000000, -0.000000000000000000, -0.000000000000000000 ) ) ;
#6297 = FACE_OUTER_BOUND ( 'NONE', #9089, .T. ) ;
#6298 = CIRCLE ( 'NONE', #2383, 140.0000000000000000 ) ;
#6299 = EDGE_CURVE ( 'NONE', #3024, #6066, #666, .T. ) ;
#6300 = FACE_OUTER_BOUND ( 'NONE', #6016, .T. ) ;
#6301 = CARTESIAN_POINT ( 'NONE',  ( 5.000000000000006217, -113.1114811425196791, 126.7004045252651849 ) ) ;
#6302 = CARTESIAN_POINT ( 'NONE',  ( -4.999999999999993783, 70.03042279760722977, 121.2978000584459721 ) ) ;
#6303 = CARTESIAN_POINT ( 'NONE',  ( -18.00000000000000000, 1.040949779275250179E-14, -85.00000000000000000 ) ) ;
#6304 = ORIENTED_EDGE ( 'NONE', *, *, #10542, .F. ) ;
#6305 = EDGE_CURVE ( 'NONE', #4071, #12688, #10276, .T. ) ;
#6306 = ORIENTED_EDGE ( 'NONE', *, *, #5707, .F. ) ;
#6307 = DIRECTION ( 'NONE',  ( -1.000000000000000000, -0.000000000000000000, -0.000000000000000000 ) ) ;
#6308 = ORIENTED_EDGE ( 'NONE', *, *, #5477, .T. ) ;
#6309 = DIRECTION ( 'NONE',  ( 0.000000000000000000, 0.6427876096865354771, -0.7660444431189813441 ) ) ;
#6310 = CARTESIAN_POINT ( 'NONE',  ( 4.999999999999999112, 27.42035973919468361, -75.15400103636414997 ) ) ;
#6311 = CARTESIAN_POINT ( 'NONE',  ( -5.094946184993785820, 34.47754115391837360, -41.57423120269784533 ) ) ;
#6312 = DIRECTION ( 'NONE',  ( 0.000000000000000000, -0.6427876096865299260, 0.7660444431189858960 ) ) ;
#6313 = ORIENTED_EDGE ( 'NONE', *, *, #4525, .F. ) ;
#6314 = DIRECTION ( 'NONE',  ( 0.000000000000000000, 0.000000000000000000, 1.000000000000000000 ) ) ;
#6315 = VERTEX_POINT ( 'NONE', #7432 ) ;
#6316 = DIRECTION ( 'NONE',  ( -0.000000000000000000, 0.6653231695327188611, 0.7465554768956805809 ) ) ;
#6317 = VERTEX_POINT ( 'NONE', #8155 ) ;
#6318 = ADVANCED_FACE ( 'NONE', ( #2544 ), #10221, .F. ) ;
#6319 = CARTESIAN_POINT ( 'NONE',  ( 18.07169039215249384, -34.35354310302433589, -41.59748820739940101 ) ) ;
#6320 = ORIENTED_EDGE ( 'NONE', *, *, #10659, .T. ) ;
#6321 = ORIENTED_EDGE ( 'NONE', *, *, #7433, .F. ) ;
#6322 = PLANE ( 'NONE',  #9958 ) ;
#6323 = DIRECTION ( 'NONE',  ( -1.000000000000000000, -0.000000000000000000, -0.000000000000000000 ) ) ;
#6324 = ORIENTED_EDGE ( 'NONE', *, *, #5119, .F. ) ;
#6325 = DIRECTION ( 'NONE',  ( -1.000000000000000000, -0.000000000000000000, -0.000000000000000000 ) ) ;
#6326 = ORIENTED_EDGE ( 'NONE', *, *, #9483, .T. ) ;
#6327 = CARTESIAN_POINT ( 'NONE',  ( 5.000000000000006217, 96.21594349147569858, 141.4296642867059006 ) ) ;
#6328 = ADVANCED_FACE ( 'NONE', ( #407 ), #9134, .F. ) ;
#6329 = DIRECTION ( 'NONE',  ( -1.000000000000000000, -0.000000000000000000, -0.000000000000000000 ) ) ;
#6330 = EDGE_LOOP ( 'NONE', ( #4068, #9866, #11661, #1923 ) ) ;
#6331 = FACE_OUTER_BOUND ( 'NONE', #730, .T. ) ;
#6332 = LINE ( 'NONE', #12065, #12217 ) ;
#6333 = CARTESIAN_POINT ( 'NONE',  ( -4.999999999999993783, -70.03176487497644587, 121.2970252097155566 ) ) ;
#6334 = EDGE_CURVE ( 'NONE', #9379, #7214, #4343, .T. ) ;
#6335 = ADVANCED_FACE ( 'NONE', ( #483 ), #4423, .T. ) ;
#6336 = CARTESIAN_POINT ( 'NONE',  ( -4.999999999999993783, -134.9122840309201479, -37.93101358992194605 ) ) ;
#6337 = DIRECTION ( 'NONE',  ( -1.000000000000000000, 0.000000000000000000, 0.000000000000000000 ) ) ;
#6338 = ORIENTED_EDGE ( 'NONE', *, *, #1428, .F. ) ;
#6339 = CARTESIAN_POINT ( 'NONE',  ( -4.999999999999993783, -12.61061916935168981, -170.5896538667299751 ) ) ;
#6340 = CARTESIAN_POINT ( 'NONE',  ( 4.999999999999999112, -20.14177338547656859, -77.42292273537671576 ) ) ;
#6341 = PERSON_AND_ORGANIZATION ( #2468, #10803 ) ;
#6342 = VERTEX_POINT ( 'NONE', #3838 ) ;
#6343 = ORIENTED_EDGE ( 'NONE', *, *, #5826, .F. ) ;
#6344 = FACE_OUTER_BOUND ( 'NONE', #3074, .T. ) ;
#6345 = VERTEX_POINT ( 'NONE', #857 ) ;
#6346 = DIRECTION ( 'NONE',  ( 0.000000000000000000, 0.000000000000000000, 1.000000000000000000 ) ) ;
#6347 = EDGE_CURVE ( 'NONE', #4061, #3725, #6735, .T. ) ;
#6348 = CARTESIAN_POINT ( 'NONE',  ( -4.999999999999993783, 46.49499208839421271, -164.6149246967155477 ) ) ;
#6349 = DIRECTION ( 'NONE',  ( -1.000000000000000000, -0.000000000000000000, -0.000000000000000000 ) ) ;
#6350 = DIRECTION ( 'NONE',  ( -1.000000000000000000, 0.000000000000000000, 0.000000000000000000 ) ) ;
#6351 = LINE ( 'NONE', #7441, #4113 ) ;
#6352 = CARTESIAN_POINT ( 'NONE',  ( 5.000000000000006217, 80.37303019083840638, 149.6241146709413385 ) ) ;
#6353 = LINE ( 'NONE', #5519, #9351 ) ;
#6354 = CARTESIAN_POINT ( 'NONE',  ( 5.000000000000005329, -115.6563498860812018, 78.88985188874656274 ) ) ;
#6355 = ORIENTED_EDGE ( 'NONE', *, *, #5191, .F. ) ;
#6356 = CIRCLE ( 'NONE', #3472, 5.000000000000004441 ) ;
#6357 = ORIENTED_EDGE ( 'NONE', *, *, #3256, .F. ) ;
#6358 = CARTESIAN_POINT ( 'NONE',  ( 14.99999999999997158, 53.56599702107421734, 12.47733798284983209 ) ) ;
#6359 = ORIENTED_EDGE ( 'NONE', *, *, #7709, .F. ) ;
#6360 = FACE_OUTER_BOUND ( 'NONE', #1013, .T. ) ;
#6361 = DIRECTION ( 'NONE',  ( 0.000000000000000000, -0.9988640848291020502, -0.04765018403448698092 ) ) ;
#6362 = AXIS2_PLACEMENT_3D ( 'NONE', #7668, #6714, #10638 ) ;
#6363 = EDGE_CURVE ( 'NONE', #8709, #3476, #9631, .T. ) ;
#6364 = CARTESIAN_POINT ( 'NONE',  ( -5.310741894663654428, 32.74848323481118229, -42.00683507586101229 ) ) ;
#6365 = PLANE ( 'NONE',  #10293 ) ;
#6366 = ORIENTED_EDGE ( 'NONE', *, *, #3023, .T. ) ;
#6367 = DIRECTION ( 'NONE',  ( 0.000000000000000000, 0.000000000000000000, -1.000000000000000000 ) ) ;
#6368 = VERTEX_POINT ( 'NONE', #12666 ) ;
#6369 = LINE ( 'NONE', #10057, #853 ) ;
#6370 = EDGE_LOOP ( 'NONE', ( #3674, #12502, #7005, #2263, #10644, #10492 ) ) ;
#6371 = CARTESIAN_POINT ( 'NONE',  ( 5.000000000000004441, 0.000000000000000000, 0.000000000000000000 ) ) ;
#6372 = ORIENTED_EDGE ( 'NONE', *, *, #789, .T. ) ;
#6373 = ORIENTED_EDGE ( 'NONE', *, *, #10035, .T. ) ;
#6374 = VECTOR ( 'NONE', #6621, 1000.000000000000114 ) ;
#6375 = ADVANCED_FACE ( 'NONE', ( #5762 ), #11488, .F. ) ;
#6376 = DIRECTION ( 'NONE',  ( 0.000000000000000000, 0.000000000000000000, 1.000000000000000000 ) ) ;
#6377 = DIRECTION ( 'NONE',  ( -1.000000000000000000, -0.000000000000000000, -0.000000000000000000 ) ) ;
#6378 = CIRCLE ( 'NONE', #12139, 6.999999999999999112 ) ;
#6379 = EDGE_LOOP ( 'NONE', ( #2855, #4570, #5667, #9465, #3665, #6972 ) ) ;
#6380 = ORIENTED_EDGE ( 'NONE', *, *, #1796, .F. ) ;
#6381 = CARTESIAN_POINT ( 'NONE',  ( 5.000000000000006217, 140.0621876725833772, 0.0007748487318643802616 ) ) ;
#6382 = DIRECTION ( 'NONE',  ( 0.000000000000000000, 0.000000000000000000, 1.000000000000000000 ) ) ;
#6383 = EDGE_LOOP ( 'NONE', ( #6793, #11760, #1786 ) ) ;
#6384 = ORIENTED_EDGE ( 'NONE', *, *, #6496, .T. ) ;
#6385 = CARTESIAN_POINT ( 'NONE',  ( 5.000000000000006217, -107.2933624945061553, -90.03083239009208683 ) ) ;
#6386 = LINE ( 'NONE', #2340, #11810 ) ;
#6387 = VECTOR ( 'NONE', #7894, 1000.000000000000000 ) ;
#6388 = EDGE_CURVE ( 'NONE', #11516, #2467, #5569, .T. ) ;
#6389 = CARTESIAN_POINT ( 'NONE',  ( 5.000000000000004441, 0.000000000000000000, 0.000000000000000000 ) ) ;
#6390 = ADVANCED_FACE ( 'NONE', ( #2661 ), #5704, .F. ) ;
#6391 = CARTESIAN_POINT ( 'NONE',  ( 5.000000000000006217, -70.19520364235647492, -155.9887531452612848 ) ) ;
#6392 = DIRECTION ( 'NONE',  ( -1.000000000000000000, -0.000000000000000000, -0.000000000000000000 ) ) ;
#6393 = ORIENTED_EDGE ( 'NONE', *, *, #7608, .T. ) ;
#6394 = DIRECTION ( 'NONE',  ( 0.000000000000000000, -0.3138744235597052956, 0.9494645049895559241 ) ) ;
#6395 = AXIS2_PLACEMENT_3D ( 'NONE', #7877, #1883, #5830 ) ;
#6396 = APPROVAL_STATUS ( 'not_yet_approved' ) ;
#6397 = AXIS2_PLACEMENT_3D ( 'NONE', #1098, #8897, #9814 ) ;
#6398 = EDGE_CURVE ( 'NONE', #3343, #11375, #10658, .T. ) ;
#6399 = ORIENTED_EDGE ( 'NONE', *, *, #2225, .F. ) ;
#6400 = EDGE_CURVE ( 'NONE', #5152, #11144, #6597, .T. ) ;
#6401 = VERTEX_POINT ( 'NONE', #793 ) ;
#6402 = DIRECTION ( 'NONE',  ( 0.000000000000000000, -1.000000000000000000, 1.054711873393896662E-14 ) ) ;
#6403 = ORIENTED_EDGE ( 'NONE', *, *, #5782, .F. ) ;
#6404 = PLANE ( 'NONE',  #10350 ) ;
#6405 = VECTOR ( 'NONE', #12664, 1000.000000000000114 ) ;
#6406 = VECTOR ( 'NONE', #2343, 1000.000000000000000 ) ;
#6407 = EDGE_CURVE ( 'NONE', #819, #1736, #5624, .T. ) ;
#6408 = CARTESIAN_POINT ( 'NONE',  ( -5.000000000000004441, 0.000000000000000000, 0.000000000000000000 ) ) ;
#6409 = VECTOR ( 'NONE', #11064, 1000.000000000000000 ) ;
#6410 = EDGE_CURVE ( 'NONE', #8709, #3881, #9539, .T. ) ;
#6411 = LINE ( 'NONE', #9317, #636 ) ;
#6412 = EDGE_CURVE ( 'NONE', #5559, #8424, #10602, .T. ) ;
#6413 = FACE_OUTER_BOUND ( 'NONE', #12110, .T. ) ;
#6414 = DIRECTION ( 'NONE',  ( 0.000000000000000000, -0.9995561643689832021, 0.02979050640667466748 ) ) ;
#6415 = DIRECTION ( 'NONE',  ( 0.000000000000000000, 0.3420201433256694901, 0.9396926207859082059 ) ) ;
#6416 = DIRECTION ( 'NONE',  ( 0.000000000000000000, -0.9396926207859115365, -0.3420201433256601642 ) ) ;
#6418 = PLANE ( 'NONE',  #9966 ) ;
#6417 = CIRCLE ( 'NONE', #1060, 100.0000000000000000 ) ;
#6419 = CIRCLE ( 'NONE', #10527, 100.0000000000001847 ) ;
#6420 = ADVANCED_FACE ( 'NONE', ( #11632 ), #4730, .F. ) ;
#6421 = AXIS2_PLACEMENT_3D ( 'NONE', #11736, #2912, #6551 ) ;
#6422 = ORIENTED_EDGE ( 'NONE', *, *, #6253, .F. ) ;
#6423 = CARTESIAN_POINT ( 'NONE',  ( 5.000000000000004441, 73.58083845339947970, 119.1044088709344635 ) ) ;
#6424 = CIRCLE ( 'NONE', #647, 100.0000000000000000 ) ;
#6425 = CIRCLE ( 'NONE', #49, 7.000000000000006217 ) ;
#6426 = ORIENTED_EDGE ( 'NONE', *, *, #282, .F. ) ;
#6427 = DIRECTION ( 'NONE',  ( -1.000000000000000000, 0.000000000000000000, -0.000000000000000000 ) ) ;
#6428 = PLANE ( 'NONE',  #4986 ) ;
#6429 = CIRCLE ( 'NONE', #1892, 140.0000000000000000 ) ;
#6430 = CIRCLE ( 'NONE', #8072, 4.999999999999997335 ) ;
#6431 = CIRCLE ( 'NONE', #1070, 140.0000000000000000 ) ;
#6432 = AXIS2_PLACEMENT_3D ( 'NONE', #3982, #2223, #225 ) ;
#6433 = VECTOR ( 'NONE', #4652, 1000.000000000000227 ) ;
#6434 = CIRCLE ( 'NONE', #879, 140.0000000000000000 ) ;
#6435 = FACE_OUTER_BOUND ( 'NONE', #10231, .T. ) ;
#6436 = DIRECTION ( 'NONE',  ( 0.000000000000000000, -0.6427876096865458022, -0.7660444431189726844 ) ) ;
#6437 = ORIENTED_EDGE ( 'NONE', *, *, #9000, .F. ) ;
#6438 = DIRECTION ( 'NONE',  ( 0.000000000000000000, 0.000000000000000000, 1.000000000000000000 ) ) ;
#6439 = ORIENTED_EDGE ( 'NONE', *, *, #10618, .T. ) ;
#6440 = EDGE_CURVE ( 'NONE', #7591, #6670, #12587, .T. ) ;
#6441 = DIRECTION ( 'NONE',  ( 0.000000000000000000, 0.9895437273910137055, 0.1442331847429680347 ) ) ;
#6442 = ORIENTED_EDGE ( 'NONE', *, *, #12465, .T. ) ;
#6443 = CARTESIAN_POINT ( 'NONE',  ( 18.33293861460423102, -33.92451636125115044, -41.66754372552890828 ) ) ;
#6444 = ORIENTED_EDGE ( 'NONE', *, *, #2469, .F. ) ;
#6445 = AXIS2_PLACEMENT_3D ( 'NONE', #2617, #11647, #1719 ) ;
#6446 = AXIS2_PLACEMENT_3D ( 'NONE', #1594, #11276, #441 ) ;
#6447 = ORIENTED_EDGE ( 'NONE', *, *, #11173, .T. ) ;
#6448 = VECTOR ( 'NONE', #2665, 1000.000000000000000 ) ;
#6449 = AXIS2_PLACEMENT_3D ( 'NONE', #1211, #11081, #2245 ) ;
#6450 = VERTEX_POINT ( 'NONE', #1623 ) ;
#6451 = DIRECTION ( 'NONE',  ( 0.000000000000000000, 0.2029090280938706525, 0.9791975930924262661 ) ) ;
#6452 = CARTESIAN_POINT ( 'NONE',  ( -4.999999999999993783, -141.4296642867061848, 96.21594349147515857 ) ) ;
#6453 = AXIS2_PLACEMENT_3D ( 'NONE', #2736, #5643, #11689 ) ;
#6454 = CIRCLE ( 'NONE', #9758, 100.0000000000002132 ) ;
#6455 = ORIENTED_EDGE ( 'NONE', *, *, #7348, .F. ) ;
#6456 = AXIS2_PLACEMENT_3D ( 'NONE', #9143, #10172, #5279 ) ;
#6457 = ORIENTED_EDGE ( 'NONE', *, *, #1559, .T. ) ;
#6458 = EDGE_CURVE ( 'NONE', #10243, #3483, #11378, .T. ) ;
#6459 = CARTESIAN_POINT ( 'NONE',  ( 40.00000000000000711, 57.06339097770900537, 18.54101966249749367 ) ) ;
#6460 = LINE ( 'NONE', #3552, #4584 ) ;
#6461 = ORIENTED_EDGE ( 'NONE', *, *, #5162, .T. ) ;
#6462 = VERTEX_POINT ( 'NONE', #11551 ) ;
#6463 = EDGE_CURVE ( 'NONE', #5815, #7314, #7505, .T. ) ;
#6464 = VECTOR ( 'NONE', #4862, 1000.000000000000114 ) ;
#6465 = DIRECTION ( 'NONE',  ( 0.000000000000000000, 0.9995561643689832021, -0.02979050640667467095 ) ) ;
#6466 = CIRCLE ( 'NONE', #2758, 100.0000000000000142 ) ;
#6467 = CARTESIAN_POINT ( 'NONE',  ( 59.79898987322338400, 35.26711513754881366, -48.54101966249653799 ) ) ;
#6468 = CARTESIAN_POINT ( 'NONE',  ( -87.20833333333341386, 0.000000000000000000, 0.000000000000000000 ) ) ;
#6469 = CARTESIAN_POINT ( 'NONE',  ( 5.000000000000006217, 75.19677236556668731, -27.30284647801063613 ) ) ;
#6470 = CIRCLE ( 'NONE', #9557, 140.0000000000000000 ) ;
#6471 = ORIENTED_EDGE ( 'NONE', *, *, #4270, .T. ) ;
#6472 = CYLINDRICAL_SURFACE ( 'NONE', #2073, 100.0000000000000000 ) ;
#6473 = DIRECTION ( 'NONE',  ( 0.000000000000000000, 0.000000000000000000, 1.000000000000000000 ) ) ;
#6474 = LOCAL_TIME ( 10, 11, 16.00000000000000000, #5562 ) ;
#6475 = ORIENTED_EDGE ( 'NONE', *, *, #5062, .F. ) ;
#6476 = ADVANCED_FACE ( 'NONE', ( #1767 ), #5509, .T. ) ;
#6477 = ORIENTED_EDGE ( 'NONE', *, *, #9095, .F. ) ;
#6478 = CARTESIAN_POINT ( 'NONE',  ( 5.000000000000006217, -107.2943586208334068, 90.02964525296296472 ) ) ;
#6479 = VERTEX_POINT ( 'NONE', #7758 ) ;
#6480 = CARTESIAN_POINT ( 'NONE',  ( -87.20833333333341386, 1.714505518806294599E-14, -140.0000000000000000 ) ) ;
#6481 = VECTOR ( 'NONE', #5243, 1000.000000000000000 ) ;
#6482 = CARTESIAN_POINT ( 'NONE',  ( -4.999999999999993783, 121.2970252097157982, 70.03176487497601954 ) ) ;
#6483 = DIRECTION ( 'NONE',  ( 0.000000000000000000, 0.000000000000000000, 1.000000000000000000 ) ) ;
#6484 = ORIENTED_EDGE ( 'NONE', *, *, #1901, .F. ) ;
#6485 = DIRECTION ( 'NONE',  ( 0.000000000000000000, -1.000000000000000000, 1.054711873393898713E-14 ) ) ;
#6486 = DIRECTION ( 'NONE',  ( -1.000000000000000000, -0.000000000000000000, -0.000000000000000000 ) ) ;
#6487 = DIRECTION ( 'NONE',  ( -1.000000000000000000, -0.000000000000000000, -0.000000000000000000 ) ) ;
#6488 = CARTESIAN_POINT ( 'NONE',  ( -4.999999999999993783, 45.40727495052054508, 65.86485695397685447 ) ) ;
#6489 = CIRCLE ( 'NONE', #7921, 100.0000000000000142 ) ;
#6490 = CARTESIAN_POINT ( 'NONE',  ( 5.000000000000005329, -135.6633369849135704, 34.57541031018704558 ) ) ;
#6491 = ADVANCED_FACE ( 'NONE', ( #599 ), #4538, .F. ) ;
#6492 = ORIENTED_EDGE ( 'NONE', *, *, #8245, .F. ) ;
#6493 = DIRECTION ( 'NONE',  ( 1.000000000000000000, 0.000000000000000000, 0.000000000000000000 ) ) ;
#6494 = CC_DESIGN_PERSON_AND_ORGANIZATION_ASSIGNMENT ( #3569, #7499, ( #8117 ) ) ;
#6495 = PLANE ( 'NONE',  #42 ) ;
#6496 = EDGE_CURVE ( 'NONE', #854, #2384, #9756, .T. ) ;
#6497 = DIRECTION ( 'NONE',  ( 0.000000000000000000, 0.000000000000000000, 1.000000000000000000 ) ) ;
#6498 = AXIS2_PLACEMENT_3D ( 'NONE', #6024, #7952, #4934 ) ;
#6499 = EDGE_CURVE ( 'NONE', #9797, #1888, #8925, .T. ) ;
#6500 = EDGE_CURVE ( 'NONE', #6829, #6401, #4191, .T. ) ;
#6501 = CARTESIAN_POINT ( 'NONE',  ( 13.00000000000000711, 0.000000000000000000, 85.00000000000001421 ) ) ;
#6502 = CARTESIAN_POINT ( 'NONE',  ( 5.000000000000004441, 0.000000000000000000, 0.000000000000000000 ) ) ;
#6503 = ORIENTED_EDGE ( 'NONE', *, *, #10430, .T. ) ;
#6504 = DIRECTION ( 'NONE',  ( 0.000000000000000000, -0.4999999999999888978, 0.8660254037844450359 ) ) ;
#6505 = DIRECTION ( 'NONE',  ( 0.000000000000000000, 0.000000000000000000, 1.000000000000000000 ) ) ;
#6506 = EDGE_LOOP ( 'NONE', ( #7047, #2577, #8955 ) ) ;
#6507 = DIRECTION ( 'NONE',  ( -1.000000000000000000, -0.000000000000000000, -0.000000000000000000 ) ) ;
#6508 = EDGE_LOOP ( 'NONE', ( #10272, #1526, #2979 ) ) ;
#6509 = EDGE_LOOP ( 'NONE', ( #51, #7244, #7566, #8165, #7484, #1473 ) ) ;
#6510 = DIRECTION ( 'NONE',  ( 0.000000000000000000, 0.000000000000000000, 1.000000000000000000 ) ) ;
#6511 = AXIS2_PLACEMENT_3D ( 'NONE', #1371, #10149, #8143 ) ;
#6512 = ORIENTED_EDGE ( 'NONE', *, *, #8771, .T. ) ;
#6513 = VERTEX_POINT ( 'NONE', #10857 ) ;
#6514 = ORIENTED_EDGE ( 'NONE', *, *, #1368, .F. ) ;
#6515 = EDGE_CURVE ( 'NONE', #4624, #630, #8296, .T. ) ;
#6516 = DIRECTION ( 'NONE',  ( -1.000000000000000000, -0.000000000000000000, -0.000000000000000000 ) ) ;
#6517 = CARTESIAN_POINT ( 'NONE',  ( 18.38711966494932426, -2.862465843636941010, 53.60592830999880221 ) ) ;
#6518 = ORIENTED_EDGE ( 'NONE', *, *, #3855, .T. ) ;
#6519 = FACE_OUTER_BOUND ( 'NONE', #3278, .T. ) ;
#6520 = ORIENTED_EDGE ( 'NONE', *, *, #11090, .T. ) ;
#6521 = DIRECTION ( 'NONE',  ( 0.000000000000000000, -0.9848077530122097967, -0.1736481776669206445 ) ) ;
#6522 = DIRECTION ( 'NONE',  ( 0.000000000000000000, 0.9549225324549481808, -0.2968551111398091691 ) ) ;
#6523 = ORIENTED_EDGE ( 'NONE', *, *, #10049, .F. ) ;
#6524 = EDGE_LOOP ( 'NONE', ( #4310, #11744, #1027, #11229, #8154, #5670 ) ) ;
#6525 = CARTESIAN_POINT ( 'NONE',  ( 5.000000000000006217, 137.9341937727411391, 24.32230672642442215 ) ) ;
#6526 = DIRECTION ( 'NONE',  ( 0.000000000000000000, -0.02979050640667118069, -0.9995561643689833131 ) ) ;
#6527 = DIRECTION ( 'NONE',  ( 0.000000000000000000, -0.3864081637724140483, 0.9223278869090054677 ) ) ;
#6528 = ADVANCED_FACE ( 'NONE', ( #2994 ), #1177, .F. ) ;
#6529 = CARTESIAN_POINT ( 'NONE',  ( 5.000000000000004441, 109.8794779186556099, 86.75540520523018984 ) ) ;
#6530 = EDGE_LOOP ( 'NONE', ( #6185, #10114, #7312, #3512, #10251, #12371 ) ) ;
#6531 = CARTESIAN_POINT ( 'NONE',  ( -4.999999999999993783, -170.5896538667299467, 12.61061916935229910 ) ) ;
#6532 = CARTESIAN_POINT ( 'NONE',  ( 5.000000000000006217, 34.60692065529546113, 135.8029720483192762 ) ) ;
#6533 = PERSON_AND_ORGANIZATION ( #2468, #10803 ) ;
#6534 = EDGE_LOOP ( 'NONE', ( #3398, #4775, #6437, #7098, #3585, #8779 ) ) ;
#6535 = VERTEX_POINT ( 'NONE', #8068 ) ;
#6536 = DIRECTION ( 'NONE',  ( 0.000000000000000000, -1.224646799147352468E-16, 1.000000000000000000 ) ) ;
#6537 = ORIENTED_EDGE ( 'NONE', *, *, #9550, .F. ) ;
#6538 = DIRECTION ( 'NONE',  ( -1.000000000000000000, -0.000000000000000000, -0.000000000000000000 ) ) ;
#6539 = FACE_OUTER_BOUND ( 'NONE', #5598, .T. ) ;
#6540 = DIRECTION ( 'NONE',  ( -1.000000000000000000, -0.000000000000000000, -0.000000000000000000 ) ) ;
#6541 = EDGE_CURVE ( 'NONE', #897, #4064, #12629, .T. ) ;
#6542 = VERTEX_POINT ( 'NONE', #4145 ) ;
#6543 = CARTESIAN_POINT ( 'NONE',  ( 5.000000000000006217, -90.02964525296256681, -107.2943586208337052 ) ) ;
#6544 = DIRECTION ( 'NONE',  ( 0.000000000000000000, 0.000000000000000000, 1.000000000000000000 ) ) ;
#6545 = CARTESIAN_POINT ( 'NONE',  ( -4.999999999999993783, -170.1878247496343022, -17.20354699452759917 ) ) ;
#6546 = CYLINDRICAL_SURFACE ( 'NONE', #12434, 99.99999999999998579 ) ;
#6547 = CARTESIAN_POINT ( 'NONE',  ( -4.999999999999993783, -17.20354699452700231, 170.1878247496343590 ) ) ;
#6548 = VERTEX_POINT ( 'NONE', #1963 ) ;
#6549 = CARTESIAN_POINT ( 'NONE',  ( 14.99999999999995737, 0.000000000000000000, 34.99999999999999289 ) ) ;
#6550 = CARTESIAN_POINT ( 'NONE',  ( -4.999999999999993783, 5.206971411072333744, -169.7647994192103056 ) ) ;
#6551 = DIRECTION ( 'NONE',  ( 0.000000000000000000, -0.5000000000000069944, -0.8660254037844344888 ) ) ;
#6552 = EDGE_CURVE ( 'NONE', #11548, #8837, #10566, .T. ) ;
#6553 = CARTESIAN_POINT ( 'NONE',  ( 5.000000000000006217, 121.2978000584466969, -70.03042279760595079 ) ) ;
#6554 = VECTOR ( 'NONE', #4477, 1000.000000000000227 ) ;
#6555 = CARTESIAN_POINT ( 'NONE',  ( -30.00000000000000000, 4.898587196589414604E-15, -40.00000000000001421 ) ) ;
#6556 = DIRECTION ( 'NONE',  ( 0.000000000000000000, 0.000000000000000000, 1.000000000000000000 ) ) ;
#6557 = ORIENTED_EDGE ( 'NONE', *, *, #11466, .F. ) ;
#6558 = CARTESIAN_POINT ( 'NONE',  ( 59.79898987322338400, 57.06339097770900537, 25.54101966249750788 ) ) ;
#6559 = CARTESIAN_POINT ( 'NONE',  ( 5.000000000000006217, 13.92748399611438082, -139.4493146771847307 ) ) ;
#6560 = ORIENTED_EDGE ( 'NONE', *, *, #9162, .F. ) ;
#6561 = FACE_OUTER_BOUND ( 'NONE', #5099, .T. ) ;
#6562 = ORIENTED_EDGE ( 'NONE', *, *, #5006, .F. ) ;
#6563 = DIRECTION ( 'NONE',  ( -1.000000000000000000, -0.000000000000000000, -0.000000000000000000 ) ) ;
#6564 = ORIENTED_EDGE ( 'NONE', *, *, #7526, .T. ) ;
#6565 = EDGE_CURVE ( 'NONE', #12213, #4676, #4875, .T. ) ;
#6566 = EDGE_LOOP ( 'NONE', ( #11958, #1499, #3364, #8625, #5267, #12436, #3090, #1987, #2449, #1122, #4009, #1604, #2585, #12489, #3938, #4189, #1947, #12608, #5495, #9660, #4382, #6897, #11113, #10835, #10721, #4504, #966, #3616, #5323, #9223, #12296, #10891, #1131, #10702, #715, #1364, #11056, #5953, #12748, #8047, #1347, #7355, #2571, #9099, #5919, #8386, #8501, #6422, #4893, #12231, #6078, #4449, #2251, #3279, #4081, #9459, #76, #4781, #3047, #4252, #6863, #12635, #5982, #1652, #9762, #6167, #4769, #625, #5851, #1112, #10543, #10748, #5361, #8565, #5248, #2814, #6805, #2568, #10065, #7755, #8826, #4459, #4015, #6426, #764, #11155, #1976, #498, #6761, #8236, #7287, #7948, #10755, #766, #12622, #6380, #6769, #7945, #3849, #2687, #6095, #6841, #3477, #85, #1446, #7993, #9569, #2072, #2657, #5400, #11465, #7469, #4861, #11003, #12717, #11362, #7448, #1278, #4141, #9254, #7635, #3265, #8360, #6705, #8817, #75, #6684, #4973, #8887, #6523, #11458, #8327, #5238, #11996, #5465, #10010, #8750, #11082, #258, #10005, #10377, #1727, #3993, #11463, #7221, #7337, #3463, #2393, #2579, #4727, #10690, #2988 ) ) ;
#6567 = ADVANCED_FACE ( 'NONE', ( #5952 ), #7810, .F. ) ;
#6568 = CIRCLE ( 'NONE', #7799, 100.0000000000001847 ) ;
#6569 = ORIENTED_EDGE ( 'NONE', *, *, #10466, .T. ) ;
#6570 = DIRECTION ( 'NONE',  ( -1.000000000000000000, 0.000000000000000000, 0.000000000000000000 ) ) ;
#6571 = DIRECTION ( 'NONE',  ( 0.000000000000000000, 0.000000000000000000, 1.000000000000000000 ) ) ;
#6572 = VERTEX_POINT ( 'NONE', #5901 ) ;
#6573 = DIRECTION ( 'NONE',  ( 0.000000000000000000, -0.6427876096865458022, -0.7660444431189726844 ) ) ;
#6574 = ADVANCED_FACE ( 'NONE', ( #3109 ), #1045, .T. ) ;
#6575 = ORIENTED_EDGE ( 'NONE', *, *, #8813, .F. ) ;
#6576 = DIRECTION ( 'NONE',  ( 0.000000000000000000, 0.000000000000000000, 1.000000000000000000 ) ) ;
#6577 = VECTOR ( 'NONE', #5527, 1000.000000000000000 ) ;
#6578 = DIRECTION ( 'NONE',  ( -1.000000000000000000, -0.000000000000000000, -0.000000000000000000 ) ) ;
#6579 = VERTEX_POINT ( 'NONE', #6867 ) ;
#6580 = EDGE_LOOP ( 'NONE', ( #8397, #713, #9054 ) ) ;
#6581 = EDGE_CURVE ( 'NONE', #6970, #9907, #12207, .T. ) ;
#6582 = CARTESIAN_POINT ( 'NONE',  ( 5.000000000000006217, 5.206971411072333744, -169.7647994192103056 ) ) ;
#6583 = CARTESIAN_POINT ( 'NONE',  ( -4.999999999999993783, 126.7004045252655970, 113.1114811425192528 ) ) ;
#6584 = PLANE ( 'NONE',  #9542 ) ;
#6585 = DIRECTION ( 'NONE',  ( 0.000000000000000000, -0.3420201433256757628, -0.9396926207859058744 ) ) ;
#6586 = ORIENTED_EDGE ( 'NONE', *, *, #11854, .T. ) ;
#6587 = FACE_OUTER_BOUND ( 'NONE', #6152, .T. ) ;
#6588 = LINE ( 'NONE', #6787, #1642 ) ;
#6589 = DIRECTION ( 'NONE',  ( 0.000000000000000000, -0.4581657725456738106, -0.8888667644071444052 ) ) ;
#6590 = ORIENTED_EDGE ( 'NONE', *, *, #11167, .F. ) ;
#6591 = EDGE_CURVE ( 'NONE', #495, #6401, #7683, .T. ) ;
#6592 = AXIS2_PLACEMENT_3D ( 'NONE', #11830, #1425, #6394 ) ;
#6593 = VERTEX_POINT ( 'NONE', #9043 ) ;
#6594 = CARTESIAN_POINT ( 'NONE',  ( 5.000000000000004441, 0.000000000000000000, 0.000000000000000000 ) ) ;
#6595 = ORIENTED_EDGE ( 'NONE', *, *, #1829, .T. ) ;
#6596 = AXIS2_PLACEMENT_3D ( 'NONE', #11179, #1374, #537 ) ;
#6597 = LINE ( 'NONE', #6480, #8095 ) ;
#6598 = EDGE_CURVE ( 'NONE', #12691, #7538, #11877, .T. ) ;
#6599 = DIRECTION ( 'NONE',  ( -1.000000000000000000, -0.000000000000000000, -0.000000000000000000 ) ) ;
#6600 = LINE ( 'NONE', #3640, #2921 ) ;
#6601 = AXIS2_PLACEMENT_3D ( 'NONE', #1038, #4985, #6974 ) ;
#6602 = ORIENTED_EDGE ( 'NONE', *, *, #11939, .T. ) ;
#6603 = CIRCLE ( 'NONE', #4144, 7.000000000000013323 ) ;
#6604 = FACE_OUTER_BOUND ( 'NONE', #2236, .T. ) ;
#6605 = DIRECTION ( 'NONE',  ( 0.000000000000000000, 0.8660254037844363761, -0.5000000000000038858 ) ) ;
#6606 = DIRECTION ( 'NONE',  ( 0.000000000000000000, -0.6427876096865456912, -0.7660444431189727954 ) ) ;
#6607 = CARTESIAN_POINT ( 'NONE',  ( 5.000000000000006217, -121.2978000584462137, 70.03042279760680344 ) ) ;
#6608 = CARTESIAN_POINT ( 'NONE',  ( -5.326057864731492231, 51.11738173389361606, 14.82259112499458453 ) ) ;
#6609 = VERTEX_POINT ( 'NONE', #3894 ) ;
#6610 = CARTESIAN_POINT ( 'NONE',  ( -87.20833333333341386, 0.000000000000000000, 0.000000000000000000 ) ) ;
#6611 = CIRCLE ( 'NONE', #9945, 100.0000000000002132 ) ;
#6612 = DIRECTION ( 'NONE',  ( -0.000000000000000000, 0.2029090280938740110, 0.9791975930924257110 ) ) ;
#6613 = AXIS2_PLACEMENT_3D ( 'NONE', #5310, #1493, #9181 ) ;
#6614 = ADVANCED_FACE ( 'NONE', ( #8852 ), #4991, .F. ) ;
#6615 = CIRCLE ( 'NONE', #9493, 100.0000000000000284 ) ;
#6616 = DIRECTION ( 'NONE',  ( 0.000000000000000000, -0.6427876096865299260, 0.7660444431189857850 ) ) ;
#6617 = CARTESIAN_POINT ( 'NONE',  ( 5.000000000000006217, -80.37303019083736899, -49.62411467094168671 ) ) ;
#6618 = AXIS2_PLACEMENT_3D ( 'NONE', #1889, #931, #2074 ) ;
#6619 = AXIS2_PLACEMENT_3D ( 'NONE', #11871, #6971, #10710 ) ;
#6620 = VECTOR ( 'NONE', #2427, 1000.000000000000000 ) ;
#6621 = DIRECTION ( 'NONE',  ( 0.000000000000000000, -0.4739787468447000385, 0.8805362840562152016 ) ) ;
#6622 = CARTESIAN_POINT ( 'NONE',  ( 5.000000000000006217, 164.6149246967153488, 46.49499208839476694 ) ) ;
#6623 = EDGE_LOOP ( 'NONE', ( #5171, #3931, #10001 ) ) ;
#6624 = CARTESIAN_POINT ( 'NONE',  ( -18.00000000000004263, 0.000000000000000000, 0.000000000000000000 ) ) ;
#6625 = TOROIDAL_SURFACE ( 'NONE', #5593, 75.00000000000000000, 5.000000000000000888 ) ;
#6626 = FACE_OUTER_BOUND ( 'NONE', #4158, .T. ) ;
#6627 = ORIENTED_EDGE ( 'NONE', *, *, #267, .F. ) ;
#6628 = PLANE ( 'NONE',  #8251 ) ;
#6629 = ORIENTED_EDGE ( 'NONE', *, *, #7319, .F. ) ;
#6630 = DIRECTION ( 'NONE',  ( 0.000000000000000000, 0.7660444431189792347, 0.6427876096865380307 ) ) ;
#6631 = ORIENTED_EDGE ( 'NONE', *, *, #10113, .T. ) ;
#6632 = VERTEX_POINT ( 'NONE', #9957 ) ;
#6633 = CARTESIAN_POINT ( 'NONE',  ( -4.999999999999993783, 7.553123310771459487, -79.64264139424484767 ) ) ;
#6634 = EDGE_CURVE ( 'NONE', #2494, #7911, #3159, .T. ) ;
#6635 = AXIS2_PLACEMENT_3D ( 'NONE', #6241, #6427, #10179 ) ;
#6636 = AXIS2_PLACEMENT_3D ( 'NONE', #12637, #6570, #2835 ) ;
#6637 = CIRCLE ( 'NONE', #10963, 100.0000000000000000 ) ;
#6638 = AXIS2_PLACEMENT_3D ( 'NONE', #3130, #7183, #163 ) ;
#6639 = ORIENTED_EDGE ( 'NONE', *, *, #1044, .T. ) ;
#6640 = CIRCLE ( 'NONE', #1076, 100.0000000000000000 ) ;
#6641 = VECTOR ( 'NONE', #9131, 1000.000000000000000 ) ;
#6642 = FACE_OUTER_BOUND ( 'NONE', #2423, .T. ) ;
#6643 = CARTESIAN_POINT ( 'NONE',  ( -4.999999999999993783, -34.60692065529458006, -135.8029720483195320 ) ) ;
#6644 = EDGE_CURVE ( 'NONE', #12569, #496, #2329, .T. ) ;
#6645 = ORIENTED_EDGE ( 'NONE', *, *, #9356, .F. ) ;
#6646 = CARTESIAN_POINT ( 'NONE',  ( 5.000000000000006217, 33.28012403207847569, 72.74911232729560595 ) ) ;
#6647 = AXIS2_PLACEMENT_3D ( 'NONE', #4096, #11950, #1062 ) ;
#6648 = AXIS2_PLACEMENT_3D ( 'NONE', #10978, #1833, #2868 ) ;
#6649 = VECTOR ( 'NONE', #11053, 1000.000000000000114 ) ;
#6650 = EDGE_LOOP ( 'NONE', ( #3960, #822 ) ) ;
#6651 = VECTOR ( 'NONE', #209, 1000.000000000000000 ) ;
#6652 = DIRECTION ( 'NONE',  ( -1.000000000000000000, -0.000000000000000000, -0.000000000000000000 ) ) ;
#6653 = LINE ( 'NONE', #2708, #2514 ) ;
#6654 = VECTOR ( 'NONE', #10187, 1000.000000000000114 ) ;
#6655 = ORIENTED_EDGE ( 'NONE', *, *, #6038, .T. ) ;
#6656 = EDGE_CURVE ( 'NONE', #7743, #5294, #5179, .T. ) ;
#6657 = ORIENTED_EDGE ( 'NONE', *, *, #10670, .F. ) ;
#6658 = ADVANCED_FACE ( 'NONE', ( #5308 ), #465, .T. ) ;
#6659 = ADVANCED_FACE ( 'NONE', ( #5437 ), #11166, .F. ) ;
#6660 = FACE_OUTER_BOUND ( 'NONE', #7294, .T. ) ;
#6661 = EDGE_CURVE ( 'NONE', #3819, #11559, #3776, .T. ) ;
#6662 = VECTOR ( 'NONE', #529, 1000.000000000000000 ) ;
#6663 = DIRECTION ( 'NONE',  ( -1.000000000000000000, -0.000000000000000000, -0.000000000000000000 ) ) ;
#6664 = AXIS2_PLACEMENT_3D ( 'NONE', #8122, #3035, #10117 ) ;
#6665 = AXIS2_PLACEMENT_3D ( 'NONE', #8705, #6516, #5681 ) ;
#6666 = DIRECTION ( 'NONE',  ( -1.000000000000000000, -0.000000000000000000, -0.000000000000000000 ) ) ;
#6667 = EDGE_CURVE ( 'NONE', #10116, #3194, #11239, .T. ) ;
#6668 = ADVANCED_FACE ( 'NONE', ( #11288 ), #6279, .T. ) ;
#6669 = DIRECTION ( 'NONE',  ( 0.000000000000000000, 0.9549225324549491800, -0.2968551111398058384 ) ) ;
#6670 = VERTEX_POINT ( 'NONE', #279 ) ;
#6671 = DIRECTION ( 'NONE',  ( 0.000000000000000000, 0.000000000000000000, 1.000000000000000000 ) ) ;
#6672 = CARTESIAN_POINT ( 'NONE',  ( 5.000000000000006217, 122.5733066456637772, -119.3132105852207872 ) ) ;
#6673 = AXIS2_PLACEMENT_3D ( 'NONE', #2715, #585, #12378 ) ;
#6674 = ORIENTED_EDGE ( 'NONE', *, *, #3156, .F. ) ;
#6675 = CIRCLE ( 'NONE', #487, 100.0000000000000000 ) ;
#6676 = ORIENTED_EDGE ( 'NONE', *, *, #517, .F. ) ;
#6677 = LINE ( 'NONE', #5566, #11961 ) ;
#6678 = ORIENTED_EDGE ( 'NONE', *, *, #1089, .T. ) ;
#6679 = CIRCLE ( 'NONE', #1110, 140.0000000000000000 ) ;
#6680 = CARTESIAN_POINT ( 'NONE',  ( 5.000000000000006217, -131.6151391931836372, -47.90481762191844695 ) ) ;
#6681 = AXIS2_PLACEMENT_3D ( 'NONE', #2766, #1788, #3660 ) ;
#6682 = CARTESIAN_POINT ( 'NONE',  ( 5.000000000000006217, -155.9887531452610574, 70.19520364235701493 ) ) ;
#6683 = EDGE_CURVE ( 'NONE', #2411, #2165, #12120, .T. ) ;
#6684 = ORIENTED_EDGE ( 'NONE', *, *, #11946, .F. ) ;
#6685 = FACE_OUTER_BOUND ( 'NONE', #377, .T. ) ;
#6686 = DIRECTION ( 'NONE',  ( -1.000000000000000000, 0.000000000000000000, 0.000000000000000000 ) ) ;
#6687 = CARTESIAN_POINT ( 'NONE',  ( -4.999999999999997335, 35.26711513754881366, -55.54101966249653088 ) ) ;
#6688 = CARTESIAN_POINT ( 'NONE',  ( 5.000000000000006217, -74.37371037525457496, 154.0402834560586882 ) ) ;
#6689 = DIRECTION ( 'NONE',  ( 1.000000000000000000, 0.000000000000000000, 0.000000000000000000 ) ) ;
#6690 = DIRECTION ( 'NONE',  ( -1.000000000000000000, -0.000000000000000000, -0.000000000000000000 ) ) ;
#6691 = VERTEX_POINT ( 'NONE', #1307 ) ;
#6692 = DIRECTION ( 'NONE',  ( 0.000000000000000000, 0.4581657725456800279, 0.8888667644071411855 ) ) ;
#6693 = AXIS2_PLACEMENT_3D ( 'NONE', #3735, #11602, #7667 ) ;
#6694 = CARTESIAN_POINT ( 'NONE',  ( 5.000000000000006217, 42.04161805105322003, 165.8082026736148578 ) ) ;
#6695 = DIRECTION ( 'NONE',  ( 0.000000000000000000, -0.9396926207859046531, 0.3420201433256792045 ) ) ;
#6696 = CARTESIAN_POINT ( 'NONE',  ( -5.397707010497856395, -50.17987135566968249, 17.19788315009023449 ) ) ;
#6697 = AXIS2_PLACEMENT_3D ( 'NONE', #6955, #3081, #9995 ) ;
#6698 = DIRECTION ( 'NONE',  ( -1.000000000000000000, -0.000000000000000000, -0.000000000000000000 ) ) ;
#6699 = EDGE_CURVE ( 'NONE', #3456, #6632, #6386, .T. ) ;
#6700 = CARTESIAN_POINT ( 'NONE',  ( 5.000000000000006217, -80.37303019083736899, -149.6241146709418786 ) ) ;
#6701 = ORIENTED_EDGE ( 'NONE', *, *, #5801, .T. ) ;
#6702 = CYLINDRICAL_SURFACE ( 'NONE', #12421, 100.0000000000001990 ) ;
#6703 = DIRECTION ( 'NONE',  ( 0.000000000000000000, -0.2029090280938773416, -0.9791975930924249338 ) ) ;
#6704 = VERTEX_POINT ( 'NONE', #7358 ) ;
#6705 = ORIENTED_EDGE ( 'NONE', *, *, #11703, .F. ) ;
#6706 = CARTESIAN_POINT ( 'NONE',  ( 5.000000000000004441, 0.000000000000000000, 0.000000000000000000 ) ) ;
#6707 = ORIENTED_EDGE ( 'NONE', *, *, #1301, .F. ) ;
#6708 = ORIENTED_EDGE ( 'NONE', *, *, #241, .F. ) ;
#6709 = CARTESIAN_POINT ( 'NONE',  ( -4.999999999999993783, -137.9344628748811488, 24.32078057235014867 ) ) ;
#6710 = CIRCLE ( 'NONE', #11231, 140.0000000000000000 ) ;
#6711 = EDGE_LOOP ( 'NONE', ( #5537, #10594, #2642 ) ) ;
#6712 = CARTESIAN_POINT ( 'NONE',  ( 5.000000000000006217, 81.78621229002875737, -113.8029070527148718 ) ) ;
#6713 = DIRECTION ( 'NONE',  ( 1.000000000000000000, 0.000000000000000000, 0.000000000000000000 ) ) ;
#6714 = DIRECTION ( 'NONE',  ( -1.000000000000000000, -0.000000000000000000, -0.000000000000000000 ) ) ;
#6715 = EDGE_CURVE ( 'NONE', #7341, #3361, #11603, .T. ) ;
#6716 = CARTESIAN_POINT ( 'NONE',  ( 5.000000000000006217, -24.35148223580090132, -168.0898717532972171 ) ) ;
#6717 = AXIS2_PLACEMENT_3D ( 'NONE', #4221, #472, #5443 ) ;
#6718 = ORIENTED_EDGE ( 'NONE', *, *, #3092, .F. ) ;
#6719 = CYLINDRICAL_SURFACE ( 'NONE', #17, 140.0000000000000000 ) ;
#6720 = CARTESIAN_POINT ( 'NONE',  ( -87.20833333333341386, 0.000000000000000000, 0.000000000000000000 ) ) ;
#6721 = ORIENTED_EDGE ( 'NONE', *, *, #11320, .T. ) ;
#6722 = ORIENTED_EDGE ( 'NONE', *, *, #8048, .T. ) ;
#6723 = FACE_OUTER_BOUND ( 'NONE', #12406, .T. ) ;
#6724 = DIRECTION ( 'NONE',  ( 0.000000000000000000, 0.000000000000000000, 1.000000000000000000 ) ) ;
#6725 = DIRECTION ( 'NONE',  ( -1.000000000000000000, -0.000000000000000000, -0.000000000000000000 ) ) ;
#6726 = ADVANCED_FACE ( 'NONE', ( #10324 ), #10208, .T. ) ;
#6727 = DIRECTION ( 'NONE',  ( 1.000000000000000000, 0.000000000000000000, 0.000000000000000000 ) ) ;
#6728 = ORIENTED_EDGE ( 'NONE', *, *, #8225, .T. ) ;
#6729 = FACE_OUTER_BOUND ( 'NONE', #2694, .T. ) ;
#6730 = FACE_OUTER_BOUND ( 'NONE', #8060, .T. ) ;
#6731 = ORIENTED_EDGE ( 'NONE', *, *, #3189, .F. ) ;
#6732 = DIRECTION ( 'NONE',  ( 0.000000000000000000, -0.7660444431189706860, 0.6427876096865479116 ) ) ;
#6733 = ORIENTED_EDGE ( 'NONE', *, *, #3518, .F. ) ;
#6734 = EDGE_CURVE ( 'NONE', #10484, #705, #8511, .T. ) ;
#6735 = LINE ( 'NONE', #12399, #6865 ) ;
#6736 = EDGE_CURVE ( 'NONE', #10942, #5937, #11193, .T. ) ;
#6737 = CARTESIAN_POINT ( 'NONE',  ( -5.000000000000004441, 0.000000000000000000, 0.000000000000000000 ) ) ;
#6738 = CARTESIAN_POINT ( 'NONE',  ( 5.000000000000006217, -154.0402834560585177, -74.37371037525505812 ) ) ;
#6739 = ORIENTED_EDGE ( 'NONE', *, *, #1755, .F. ) ;
#6740 = FACE_OUTER_BOUND ( 'NONE', #8838, .T. ) ;
#6741 = DIRECTION ( 'NONE',  ( 0.000000000000000000, 0.7660444431189749048, -0.6427876096865431377 ) ) ;
#6742 = CARTESIAN_POINT ( 'NONE',  ( 5.000000000000006217, 46.36251736216701147, -65.19598901652435075 ) ) ;
#6743 = DIRECTION ( 'NONE',  ( -1.000000000000000000, -0.000000000000000000, -0.000000000000000000 ) ) ;
#6744 = CYLINDRICAL_SURFACE ( 'NONE', #8939, 100.0000000000001990 ) ;
#6745 = DIRECTION ( 'NONE',  ( -0.000000000000000000, 0.02979050640667118069, 0.9995561643689833131 ) ) ;
#6746 = ORIENTED_EDGE ( 'NONE', *, *, #9122, .F. ) ;
#6747 = ORIENTED_EDGE ( 'NONE', *, *, #11518, .T. ) ;
#6748 = CARTESIAN_POINT ( 'NONE',  ( -5.000000000000004441, 0.000000000000000000, 0.000000000000000000 ) ) ;
#6749 = DIRECTION ( 'NONE',  ( 0.000000000000000000, -1.000000000000000000, 0.000000000000000000 ) ) ;
#6750 = EDGE_CURVE ( 'NONE', #10774, #1159, #6332, .T. ) ;
#6751 = PLANE ( 'NONE',  #1674 ) ;
#6752 = DIRECTION ( 'NONE',  ( -1.000000000000000000, -0.000000000000000000, -0.000000000000000000 ) ) ;
#6753 = CARTESIAN_POINT ( 'NONE',  ( 4.999999999999997335, -35.26711513754810312, -55.54101966249704958 ) ) ;
#6754 = FACE_OUTER_BOUND ( 'NONE', #9807, .T. ) ;
#6755 = ORIENTED_EDGE ( 'NONE', *, *, #6683, .T. ) ;
#6756 = PLANE ( 'NONE',  #7483 ) ;
#6757 = DIRECTION ( 'NONE',  ( -1.000000000000000000, 0.000000000000000000, 0.000000000000000000 ) ) ;
#6758 = EDGE_LOOP ( 'NONE', ( #2207, #1859, #6001, #3905 ) ) ;
#6759 = EDGE_LOOP ( 'NONE', ( #1789, #577, #6991 ) ) ;
#6760 = DIRECTION ( 'NONE',  ( 0.000000000000000000, 0.000000000000000000, 1.000000000000000000 ) ) ;
#6761 = ORIENTED_EDGE ( 'NONE', *, *, #2599, .F. ) ;
#6762 = ORIENTED_EDGE ( 'NONE', *, *, #4305, .F. ) ;
#6763 = DIRECTION ( 'NONE',  ( -1.000000000000000000, 0.000000000000000000, 0.000000000000000000 ) ) ;
#6764 = ADVANCED_FACE ( 'NONE', ( #9293 ), #1511, .F. ) ;
#6765 = ORIENTED_EDGE ( 'NONE', *, *, #3990, .F. ) ;
#6766 = DIRECTION ( 'NONE',  ( -1.000000000000000000, -0.000000000000000000, -0.000000000000000000 ) ) ;
#6767 = DIRECTION ( 'NONE',  ( 0.000000000000000000, 0.3420201433256694901, 0.9396926207859082059 ) ) ;
#6768 = ORIENTED_EDGE ( 'NONE', *, *, #3855, .F. ) ;
#6769 = ORIENTED_EDGE ( 'NONE', *, *, #5943, .F. ) ;
#6770 = DIRECTION ( 'NONE',  ( -1.000000000000000000, -0.000000000000000000, -0.000000000000000000 ) ) ;
#6771 = ORIENTED_EDGE ( 'NONE', *, *, #5028, .T. ) ;
#6772 = CARTESIAN_POINT ( 'NONE',  ( 5.000000000000006217, -90.02964525296256681, -107.2943586208337052 ) ) ;
#6773 = ORIENTED_EDGE ( 'NONE', *, *, #4217, .T. ) ;
#6774 = DIRECTION ( 'NONE',  ( -1.000000000000000000, -0.000000000000000000, -0.000000000000000000 ) ) ;
#6775 = ORIENTED_EDGE ( 'NONE', *, *, #9183, .F. ) ;
#6776 = ORIENTED_EDGE ( 'NONE', *, *, #9573, .T. ) ;
#6777 = EDGE_CURVE ( 'NONE', #5937, #7989, #5636, .T. ) ;
#6778 = CIRCLE ( 'NONE', #12115, 4.999999999999997335 ) ;
#6779 = CARTESIAN_POINT ( 'NONE',  ( -4.999999999999993783, 119.3132105852220661, 122.5733066456625693 ) ) ;
#6780 = ADVANCED_FACE ( 'NONE', ( #7303 ), #5255, .T. ) ;
#6781 = DIRECTION ( 'NONE',  ( 0.000000000000000000, 0.5255774175242790003, 0.8507457776495336299 ) ) ;
#6782 = DIRECTION ( 'NONE',  ( -1.000000000000000000, -0.000000000000000000, -0.000000000000000000 ) ) ;
#6783 = VECTOR ( 'NONE', #3218, 999.9999999999998863 ) ;
#6784 = CARTESIAN_POINT ( 'NONE',  ( 5.000000000000006217, -122.5733066456629672, 119.3132105852216256 ) ) ;
#6785 = ORIENTED_EDGE ( 'NONE', *, *, #10397, .T. ) ;
#6786 = CARTESIAN_POINT ( 'NONE',  ( 5.000000000000006217, 70.03042279760722977, 121.2978000584459721 ) ) ;
#6787 = CARTESIAN_POINT ( 'NONE',  ( 5.000000000000006217, 135.8029720483196456, -34.60692065529412531 ) ) ;
#6788 = CALENDAR_DATE ( 2026, 23, 9 ) ;
#6789 = EDGE_LOOP ( 'NONE', ( #2711, #255, #1932, #1377, #9081, #9989 ) ) ;
#6790 = DIRECTION ( 'NONE',  ( -1.000000000000000000, 0.000000000000000000, -0.000000000000000000 ) ) ;
#6791 = DIRECTION ( 'NONE',  ( -1.000000000000000000, -0.000000000000000000, -0.000000000000000000 ) ) ;
#6792 = EDGE_CURVE ( 'NONE', #11516, #4071, #7891, .T. ) ;
#6793 = ORIENTED_EDGE ( 'NONE', *, *, #11173, .F. ) ;
#6794 = CARTESIAN_POINT ( 'NONE',  ( -4.999999999999993783, -65.19598901652452128, -46.36251736216679120 ) ) ;
#6795 = DIRECTION ( 'NONE',  ( 0.000000000000000000, 0.000000000000000000, -1.000000000000000000 ) ) ;
#6796 = LINE ( 'NONE', #12526, #9722 ) ;
#6797 = ADVANCED_FACE ( 'NONE', ( #4520 ), #12508, .F. ) ;
#6798 = CARTESIAN_POINT ( 'NONE',  ( -4.999999999999993783, -121.2970252097153292, -70.03176487497685798 ) ) ;
#6799 = AXIS2_PLACEMENT_3D ( 'NONE', #10268, #10151, #10333 ) ;
#6800 = CARTESIAN_POINT ( 'NONE',  ( 4.999999999999999112, 56.97933123133785216, -56.15474879678020415 ) ) ;
#6801 = PLANE ( 'NONE',  #4003 ) ;
#6802 = AXIS2_PLACEMENT_3D ( 'NONE', #3761, #9492, #8529 ) ;
#6803 = CARTESIAN_POINT ( 'NONE',  ( 5.000000000000006217, 135.8029720483196456, -34.60692065529412531 ) ) ;
#6804 = ORIENTED_EDGE ( 'NONE', *, *, #810, .T. ) ;
#6805 = ORIENTED_EDGE ( 'NONE', *, *, #3137, .F. ) ;
#6806 = DIRECTION ( 'NONE',  ( 0.000000000000000000, 0.000000000000000000, 1.000000000000000000 ) ) ;
#6807 = DIRECTION ( 'NONE',  ( -1.000000000000000000, -0.000000000000000000, -0.000000000000000000 ) ) ;
#6808 = ADVANCED_FACE ( 'NONE', ( #10509 ), #4593, .T. ) ;
#6809 = ADVANCED_FACE ( 'NONE', ( #6723 ), #12317, .F. ) ;
#6810 = AXIS2_PLACEMENT_3D ( 'NONE', #10595, #1758, #9566 ) ;
#6811 = CARTESIAN_POINT ( 'NONE',  ( 5.000000000000006217, 126.7004045252655970, 113.1114811425192528 ) ) ;
#6812 = AXIS2_PLACEMENT_3D ( 'NONE', #3233, #7297, #11235 ) ;
#6813 = ADVANCED_FACE ( 'NONE', ( #5555 ), #1809, .F. ) ;
#6814 = CARTESIAN_POINT ( 'NONE',  ( -5.000000000000004441, 0.000000000000000000, 0.000000000000000000 ) ) ;
#6815 = ADVANCED_FACE ( 'NONE', ( #8522 ), #840, .T. ) ;
#6816 = DIRECTION ( 'NONE',  ( 0.000000000000000000, -1.000000000000000000, 1.047444401652940007E-14 ) ) ;
#6817 = PLANE ( 'NONE',  #5603 ) ;
#6818 = ORIENTED_EDGE ( 'NONE', *, *, #10684, .F. ) ;
#6819 = CARTESIAN_POINT ( 'NONE',  ( -4.999999999999993783, 47.90481762191890169, -131.6151391931834382 ) ) ;
#6820 = LINE ( 'NONE', #10822, #4414 ) ;
#6821 = ORIENTED_EDGE ( 'NONE', *, *, #545, .T. ) ;
#6822 = AXIS2_PLACEMENT_3D ( 'NONE', #781, #4522, #6724 ) ;
#6823 = ORIENTED_EDGE ( 'NONE', *, *, #12107, .F. ) ;
#6824 = FACE_OUTER_BOUND ( 'NONE', #477, .T. ) ;
#6825 = CIRCLE ( 'NONE', #11141, 100.0000000000000000 ) ;
#6826 = EDGE_LOOP ( 'NONE', ( #8559, #6639, #11978, #7502, #3876, #7972 ) ) ;
#6827 = VERTEX_POINT ( 'NONE', #6525 ) ;
#6828 = DIRECTION ( 'NONE',  ( 0.000000000000000000, 0.000000000000000000, 1.000000000000000000 ) ) ;
#6829 = VERTEX_POINT ( 'NONE', #9677 ) ;
#6830 = CIRCLE ( 'NONE', #7434, 100.0000000000000000 ) ;
#6831 = AXIS2_PLACEMENT_3D ( 'NONE', #12041, #8788, #9757 ) ;
#6832 = LINE ( 'NONE', #12699, #8271 ) ;
#6833 = CIRCLE ( 'NONE', #10750, 140.0000000000000000 ) ;
#6834 = CARTESIAN_POINT ( 'NONE',  ( 59.79898987322338400, 35.26711513754881366, -55.54101966249653088 ) ) ;
#6835 = EDGE_CURVE ( 'NONE', #2014, #7620, #3484, .T. ) ;
#6836 = ORIENTED_EDGE ( 'NONE', *, *, #2179, .F. ) ;
#6837 = ORIENTED_EDGE ( 'NONE', *, *, #6500, .T. ) ;
#6838 = DIRECTION ( 'NONE',  ( -1.000000000000000000, -0.000000000000000000, -0.000000000000000000 ) ) ;
#6839 = VERTEX_POINT ( 'NONE', #12449 ) ;
#6840 = CARTESIAN_POINT ( 'NONE',  ( 5.000000000000004441, -4.686149805543991853, 54.79999999999999716 ) ) ;
#6841 = ORIENTED_EDGE ( 'NONE', *, *, #2848, .F. ) ;
#6842 = CYLINDRICAL_SURFACE ( 'NONE', #11579, 54.99999999999999289 ) ;
#6843 = ORIENTED_EDGE ( 'NONE', *, *, #5081, .F. ) ;
#6844 = AXIS2_PLACEMENT_3D ( 'NONE', #3401, #12345, #7198 ) ;
#6845 = ORIENTED_EDGE ( 'NONE', *, *, #12002, .T. ) ;
#6846 = AXIS2_PLACEMENT_3D ( 'NONE', #3231, #2333, #4262 ) ;
#6847 = AXIS2_PLACEMENT_3D ( 'NONE', #1191, #10927, #3252 ) ;
#6848 = AXIS2_PLACEMENT_3D ( 'NONE', #10805, #3900, #9699 ) ;
#6849 = DIRECTION ( 'NONE',  ( -1.000000000000000000, -0.000000000000000000, -0.000000000000000000 ) ) ;
#6850 = DIRECTION ( 'NONE',  ( 0.000000000000000000, 0.9995561643689832021, -0.02979050640667467095 ) ) ;
#6851 = CARTESIAN_POINT ( 'NONE',  ( 5.000000000000006217, 113.1114811425205318, -126.7004045252644318 ) ) ;
#6852 = VECTOR ( 'NONE', #8944, 1000.000000000000000 ) ;
#6853 = AXIS2_PLACEMENT_3D ( 'NONE', #7486, #10205, #5812 ) ;
#6854 = AXIS2_PLACEMENT_3D ( 'NONE', #8558, #11778, #5918 ) ;
#6855 = EDGE_CURVE ( 'NONE', #8342, #208, #287, .T. ) ;
#6856 = AXIS2_PLACEMENT_3D ( 'NONE', #5767, #11755, #1709 ) ;
#6857 = AXIS2_PLACEMENT_3D ( 'NONE', #3978, #1188, #10030 ) ;
#6858 = DIRECTION ( 'NONE',  ( -1.000000000000000000, -0.000000000000000000, -0.000000000000000000 ) ) ;
#6859 = ORIENTED_EDGE ( 'NONE', *, *, #1368, .T. ) ;
#6860 = CARTESIAN_POINT ( 'NONE',  ( 5.000000000000006217, -131.6151391931836372, -47.90481762191844695 ) ) ;
#6861 = CARTESIAN_POINT ( 'NONE',  ( -4.999999999999993783, -89.39176922837225447, 144.4171432598701870 ) ) ;
#6862 = EDGE_CURVE ( 'NONE', #7602, #7289, #10374, .T. ) ;
#6863 = ORIENTED_EDGE ( 'NONE', *, *, #10388, .F. ) ;
#6864 = CARTESIAN_POINT ( 'NONE',  ( 5.000000000000006217, -170.1878247496343022, -17.20354699452759917 ) ) ;
#6865 = VECTOR ( 'NONE', #12521, 1000.000000000000000 ) ;
#6866 = VECTOR ( 'NONE', #1466, 1000.000000000000114 ) ;
#6867 = CARTESIAN_POINT ( 'NONE',  ( -4.999999999999990230, -132.9250306985379950, -43.94241929835881422 ) ) ;
#6868 = CIRCLE ( 'NONE', #6244, 100.0000000000001847 ) ;
#6869 = VERTEX_POINT ( 'NONE', #8640 ) ;
#6870 = CIRCLE ( 'NONE', #2952, 100.0000000000001990 ) ;
#6871 = DIRECTION ( 'NONE',  ( 0.000000000000000000, 0.000000000000000000, 1.000000000000000000 ) ) ;
#6872 = CARTESIAN_POINT ( 'NONE',  ( 5.000000000000006217, 165.8082026736152272, -42.04161805105150052 ) ) ;
#6873 = AXIS2_PLACEMENT_3D ( 'NONE', #1610, #780, #8388 ) ;
#6874 = DIRECTION ( 'NONE',  ( 0.000000000000000000, -0.2203771987371408170, 0.9754147273220611369 ) ) ;
#6875 = AXIS2_PLACEMENT_3D ( 'NONE', #10636, #10496, #1600 ) ;
#6876 = DIRECTION ( 'NONE',  ( -1.000000000000000000, -0.000000000000000000, -0.000000000000000000 ) ) ;
#6877 = EDGE_CURVE ( 'NONE', #11926, #3939, #1678, .T. ) ;
#6878 = CARTESIAN_POINT ( 'NONE',  ( -4.999999999999993783, -70.19520364235647492, -155.9887531452612848 ) ) ;
#6879 = CIRCLE ( 'NONE', #11806, 85.00000000000002842 ) ;
#6880 = ORIENTED_EDGE ( 'NONE', *, *, #7313, .T. ) ;
#6881 = ORIENTED_EDGE ( 'NONE', *, *, #9283, .F. ) ;
#6882 = DIRECTION ( 'NONE',  ( -1.000000000000000000, -0.000000000000000000, -0.000000000000000000 ) ) ;
#6883 = DIRECTION ( 'NONE',  ( -1.000000000000000000, -0.000000000000000000, -0.000000000000000000 ) ) ;
#6884 = AXIS2_PLACEMENT_3D ( 'NONE', #9033, #12669, #1111 ) ;
#6885 = AXIS2_PLACEMENT_3D ( 'NONE', #9189, #6093, #158 ) ;
#6886 = CARTESIAN_POINT ( 'NONE',  ( 5.000000000000006217, -99.99262110727715935, 138.7852061507337851 ) ) ;
#6887 = CARTESIAN_POINT ( 'NONE',  ( 18.30459883186439285, 29.11939534916146144, -45.18661792712805436 ) ) ;
#6888 = EDGE_CURVE ( 'NONE', #4212, #9379, #3789, .T. ) ;
#6889 = LINE ( 'NONE', #10818, #11110 ) ;
#6890 = DIRECTION ( 'NONE',  ( 0.000000000000000000, -1.224646799147352468E-16, 1.000000000000000000 ) ) ;
#6892 = ORIENTED_EDGE ( 'NONE', *, *, #9882, .T. ) ;
#6891 = EDGE_CURVE ( 'NONE', #4776, #7126, #5496, .T. ) ;
#6893 = LINE ( 'NONE', #5788, #1715 ) ;
#6894 = CIRCLE ( 'NONE', #1739, 6.999999999999999112 ) ;
#6895 = DIRECTION ( 'NONE',  ( 0.000000000000000000, 0.000000000000000000, 1.000000000000000000 ) ) ;
#6896 = ORIENTED_EDGE ( 'NONE', *, *, #3092, .T. ) ;
#6897 = ORIENTED_EDGE ( 'NONE', *, *, #7881, .F. ) ;
#6898 = CARTESIAN_POINT ( 'NONE',  ( 17.70626686302530928, 50.27836077895357647, 20.27477916851429285 ) ) ;
#6899 = VERTEX_POINT ( 'NONE', #9422 ) ;
#6900 = DIRECTION ( 'NONE',  ( 1.000000000000000000, 0.000000000000000000, 0.000000000000000000 ) ) ;
#6901 = ADVANCED_FACE ( 'NONE', ( #9558 ), #8582, .F. ) ;
#6902 = ADVANCED_FACE ( 'NONE', ( #6660 ), #3557, .T. ) ;
#6903 = ORIENTED_EDGE ( 'NONE', *, *, #4391, .T. ) ;
#6904 = CIRCLE ( 'NONE', #1748, 100.0000000000000284 ) ;
#6905 = DIRECTION ( 'NONE',  ( 0.000000000000000000, 0.000000000000000000, 1.000000000000000000 ) ) ;
#6906 = CARTESIAN_POINT ( 'NONE',  ( -4.999999999999993783, -131.6151391931836372, -47.90481762191844695 ) ) ;
#6907 = VERTEX_POINT ( 'NONE', #10451 ) ;
#6908 = CARTESIAN_POINT ( 'NONE',  ( 4.999999999999999112, 56.15474879678080811, 56.97933123133726241 ) ) ;
#6909 = VERTEX_POINT ( 'NONE', #9869 ) ;
#6910 = DIRECTION ( 'NONE',  ( 0.000000000000000000, 0.2029090280938706525, 0.9791975930924262661 ) ) ;
#6911 = ORIENTED_EDGE ( 'NONE', *, *, #5134, .T. ) ;
#6912 = DIRECTION ( 'NONE',  ( -1.000000000000000000, -0.000000000000000000, -0.000000000000000000 ) ) ;
#6913 = CIRCLE ( 'NONE', #8139, 6.999999999999999112 ) ;
#6914 = ORIENTED_EDGE ( 'NONE', *, *, #11853, .F. ) ;
#6915 = ORIENTED_EDGE ( 'NONE', *, *, #9031, .T. ) ;
#6916 = FACE_OUTER_BOUND ( 'NONE', #4569, .T. ) ;
#6917 = ADVANCED_FACE ( 'NONE', ( #6967 ), #8722, .T. ) ;
#6918 = CARTESIAN_POINT ( 'NONE',  ( 5.000000000000006217, -138.7852061507327335, -99.99262110727862307 ) ) ;
#6919 = DIRECTION ( 'NONE',  ( 0.000000000000000000, -0.8412165803726492364, -0.5406983122834269073 ) ) ;
#6920 = AXIS2_PLACEMENT_3D ( 'NONE', #6089, #4087, #1051 ) ;
#6921 = CARTESIAN_POINT ( 'NONE',  ( 5.000000000000006217, 57.66310238715711023, 127.7303910488288778 ) ) ;
#6922 = VERTEX_POINT ( 'NONE', #2909 ) ;
#6923 = LINE ( 'NONE', #6786, #7626 ) ;
#6924 = CARTESIAN_POINT ( 'NONE',  ( -5.000000000000004441, 0.000000000000000000, 0.000000000000000000 ) ) ;
#6925 = ORIENTED_EDGE ( 'NONE', *, *, #9922, .T. ) ;
#6926 = CARTESIAN_POINT ( 'NONE',  ( -4.999999999999993783, -155.9887531452610574, 70.19520364235701493 ) ) ;
#6927 = DIRECTION ( 'NONE',  ( 0.000000000000000000, 0.000000000000000000, 1.000000000000000000 ) ) ;
#6928 = ORIENTED_EDGE ( 'NONE', *, *, #11234, .T. ) ;
#6929 = EDGE_CURVE ( 'NONE', #9429, #2192, #7867, .T. ) ;
#6930 = FACE_BOUND ( 'NONE', #8693, .T. ) ;
#6931 = DIRECTION ( 'NONE',  ( 0.000000000000000000, 0.000000000000000000, 1.000000000000000000 ) ) ;
#6932 = DIRECTION ( 'NONE',  ( 0.000000000000000000, 0.6427876096865404731, 0.7660444431189771253 ) ) ;
#6933 = DIRECTION ( 'NONE',  ( 1.000000000000000000, 0.000000000000000000, 0.000000000000000000 ) ) ;
#6934 = DIRECTION ( 'NONE',  ( -0.000000000000000000, 0.9754147273220588055, 0.2203771987371510310 ) ) ;
#6935 = DIRECTION ( 'NONE',  ( -0.000000000000000000, 0.7345453337178072806, 0.6785596161822446959 ) ) ;
#6936 = VERTEX_POINT ( 'NONE', #1029 ) ;
#6937 = EDGE_LOOP ( 'NONE', ( #8119, #7975, #4980 ) ) ;
#6938 = DIRECTION ( 'NONE',  ( 0.000000000000000000, 1.000000000000000000, -3.608224830031758756E-15 ) ) ;
#6939 = CARTESIAN_POINT ( 'NONE',  ( -4.999999999999990230, -119.1044088709347761, 73.58083845339909601 ) ) ;
#6940 = EDGE_CURVE ( 'NONE', #1717, #10557, #3570, .T. ) ;
#6941 = DIRECTION ( 'NONE',  ( 0.000000000000000000, 0.000000000000000000, 1.000000000000000000 ) ) ;
#6942 = CARTESIAN_POINT ( 'NONE',  ( 18.61546591194409928, 29.48291891055204061, -44.59151002014321818 ) ) ;
#6943 = CARTESIAN_POINT ( 'NONE',  ( -40.00000000000000000, -35.26711513754810312, -55.54101966249704958 ) ) ;
#6944 = CARTESIAN_POINT ( 'NONE',  ( 5.000000000000006217, 168.0898717532973023, -24.35148223580033289 ) ) ;
#6945 = ORIENTED_EDGE ( 'NONE', *, *, #8115, .T. ) ;
#6946 = PLANE ( 'NONE',  #11814 ) ;
#6947 = DIRECTION ( 'NONE',  ( 0.000000000000000000, -0.7465554768956762510, 0.6653231695327237460 ) ) ;
#6948 = ORIENTED_EDGE ( 'NONE', *, *, #846, .F. ) ;
#6949 = EDGE_LOOP ( 'NONE', ( #3720, #7000, #933, #9676, #3383, #5379 ) ) ;
#6950 = DIRECTION ( 'NONE',  ( 0.000000000000000000, -0.8660254037844329345, 0.5000000000000101030 ) ) ;
#6951 = VERTEX_POINT ( 'NONE', #8840 ) ;
#6952 = DIRECTION ( 'NONE',  ( 0.000000000000000000, -0.6196814657516441782, 0.7848534137046827563 ) ) ;
#6953 = EDGE_CURVE ( 'NONE', #3635, #4868, #278, .T. ) ;
#6954 = ORIENTED_EDGE ( 'NONE', *, *, #8488, .F. ) ;
#6955 = CARTESIAN_POINT ( 'NONE',  ( 4.999999999999997335, 0.000000000000000000, 60.00000000000000000 ) ) ;
#6956 = CARTESIAN_POINT ( 'NONE',  ( -9.999999999999987566, 0.000000000000000000, 54.99999999999999289 ) ) ;
#6957 = EDGE_LOOP ( 'NONE', ( #6771, #4136, #4057, #1693, #3691, #11221 ) ) ;
#6958 = FACE_OUTER_BOUND ( 'NONE', #8358, .T. ) ;
#6959 = EDGE_CURVE ( 'NONE', #1996, #11731, #1107, .T. ) ;
#6960 = VERTEX_POINT ( 'NONE', #12653 ) ;
#6961 = EDGE_CURVE ( 'NONE', #10200, #7989, #1931, .T. ) ;
#6962 = PLANE ( 'NONE',  #11347 ) ;
#6963 = ORIENTED_EDGE ( 'NONE', *, *, #10868, .T. ) ;
#6964 = DIRECTION ( 'NONE',  ( -1.000000000000000000, 0.000000000000000000, 0.000000000000000000 ) ) ;
#6965 = ORIENTED_EDGE ( 'NONE', *, *, #10704, .T. ) ;
#6966 = VERTEX_POINT ( 'NONE', #9754 ) ;
#6967 = FACE_OUTER_BOUND ( 'NONE', #3689, .T. ) ;
#6968 = CARTESIAN_POINT ( 'NONE',  ( -4.999999999999993783, -115.7767867520166050, 78.96721993192231537 ) ) ;
#6969 = LINE ( 'NONE', #4204, #4836 ) ;
#6970 = VERTEX_POINT ( 'NONE', #11678 ) ;
#6971 = DIRECTION ( 'NONE',  ( -1.000000000000000000, -0.000000000000000000, -0.000000000000000000 ) ) ;
#6972 = ORIENTED_EDGE ( 'NONE', *, *, #10870, .T. ) ;
#6973 = EDGE_CURVE ( 'NONE', #3085, #9333, #907, .T. ) ;
#6974 = DIRECTION ( 'NONE',  ( 0.000000000000000000, 0.9396926207859068736, -0.3420201433256728207 ) ) ;
#6975 = DIRECTION ( 'NONE',  ( -1.000000000000000000, 0.000000000000000000, -0.000000000000000000 ) ) ;
#6976 = ORIENTED_EDGE ( 'NONE', *, *, #2071, .F. ) ;
#6977 = FACE_OUTER_BOUND ( 'NONE', #8368, .T. ) ;
#6978 = CARTESIAN_POINT ( 'NONE',  ( 5.000000000000006217, 144.4171432598692491, 89.39176922837376082 ) ) ;
#6979 = ORIENTED_EDGE ( 'NONE', *, *, #5543, .T. ) ;
#6980 = VECTOR ( 'NONE', #3513, 1000.000000000000000 ) ;
#6981 = CARTESIAN_POINT ( 'NONE',  ( 17.99163626051182874, -50.19960208087562137, 19.92094843759294776 ) ) ;
#6982 = CYLINDRICAL_SURFACE ( 'NONE', #4236, 100.0000000000000000 ) ;
#6983 = CARTESIAN_POINT ( 'NONE',  ( 15.00000000000000355, 0.000000000000000000, 0.000000000000000000 ) ) ;
#6984 = EDGE_CURVE ( 'NONE', #9052, #10061, #10705, .T. ) ;
#6985 = CARTESIAN_POINT ( 'NONE',  ( 5.000000000000006217, 74.37371037525558393, -154.0402834560582050 ) ) ;
#6986 = CARTESIAN_POINT ( 'NONE',  ( 5.000000000000006217, -161.3076183917391688, 53.17002841738447927 ) ) ;
#6987 = FACE_OUTER_BOUND ( 'NONE', #9991, .T. ) ;
#6988 = ORIENTED_EDGE ( 'NONE', *, *, #32, .F. ) ;
#6989 = CIRCLE ( 'NONE', #11101, 100.0000000000000426 ) ;
#6990 = EDGE_CURVE ( 'NONE', #5427, #3874, #10846, .T. ) ;
#6991 = ORIENTED_EDGE ( 'NONE', *, *, #5154, .T. ) ;
#6992 = DIRECTION ( 'NONE',  ( -1.000000000000000000, -0.000000000000000000, -0.000000000000000000 ) ) ;
#6993 = CARTESIAN_POINT ( 'NONE',  ( 34.99999999999996447, 0.000000000000000000, 29.99999999999999289 ) ) ;
#6994 = CARTESIAN_POINT ( 'NONE',  ( 5.000000000000004441, -28.41945699475528997, -47.08858103747928681 ) ) ;
#6995 = VECTOR ( 'NONE', #9595, 1000.000000000000000 ) ;
#6996 = CARTESIAN_POINT ( 'NONE',  ( 18.63656730437445219, 33.24099378977749097, -41.83650241335232067 ) ) ;
#6997 = EDGE_CURVE ( 'NONE', #9730, #7166, #7693, .T. ) ;
#6998 = CARTESIAN_POINT ( 'NONE',  ( -5.999999989902971009E-06, 28.41945699475600051, -47.08858103747886759 ) ) ;
#6999 = CARTESIAN_POINT ( 'NONE',  ( 5.000000000000006217, -78.96721993192188904, -115.7767867520169034 ) ) ;
#7000 = ORIENTED_EDGE ( 'NONE', *, *, #12705, .T. ) ;
#7001 = FACE_OUTER_BOUND ( 'NONE', #9069, .T. ) ;
#7002 = CARTESIAN_POINT ( 'NONE',  ( -87.20833333333341386, 1.714505518806294599E-14, -140.0000000000000000 ) ) ;
#7003 = VERTEX_POINT ( 'NONE', #2006 ) ;
#7004 = EDGE_CURVE ( 'NONE', #3070, #1649, #12712, .T. ) ;
#7005 = ORIENTED_EDGE ( 'NONE', *, *, #10465, .F. ) ;
#7006 = CARTESIAN_POINT ( 'NONE',  ( 17.37223532271780613, 50.36376783980485072, 20.57219888052361512 ) ) ;
#7007 = VERTEX_POINT ( 'NONE', #2982 ) ;
#7008 = PLANE ( 'NONE',  #9512 ) ;
#7009 = TOROIDAL_SURFACE ( 'NONE', #1438, 54.99999999999999289, 5.000000000000001776 ) ;
#7010 = AXIS2_PLACEMENT_3D ( 'NONE', #11818, #2990, #9952 ) ;
#7011 = ORIENTED_EDGE ( 'NONE', *, *, #8605, .F. ) ;
#7012 = FACE_OUTER_BOUND ( 'NONE', #5605, .T. ) ;
#7013 = AXIS2_PLACEMENT_3D ( 'NONE', #10142, #11169, #9113 ) ;
#7014 = DIRECTION ( 'NONE',  ( -1.000000000000000000, -0.000000000000000000, -0.000000000000000000 ) ) ;
#7015 = EDGE_LOOP ( 'NONE', ( #542, #10508, #7501, #3796, #5531, #9353 ) ) ;
#7016 = DIRECTION ( 'NONE',  ( 0.000000000000000000, -0.7660444431189835646, -0.6427876096865327016 ) ) ;
#7017 = AXIS2_PLACEMENT_3D ( 'NONE', #4710, #10581, #6576 ) ;
#7018 = ORIENTED_EDGE ( 'NONE', *, *, #6990, .F. ) ;
#7019 = CARTESIAN_POINT ( 'NONE',  ( 5.000000000000004441, -131.5569669100274837, -47.88282006559281712 ) ) ;
#7020 = ORIENTED_EDGE ( 'NONE', *, *, #6929, .F. ) ;
#7021 = ADVANCED_FACE ( 'NONE', ( #6916 ), #8978, .T. ) ;
#7022 = DIRECTION ( 'NONE',  ( -1.000000000000000000, -0.000000000000000000, -0.000000000000000000 ) ) ;
#7023 = EDGE_LOOP ( 'NONE', ( #11787, #12386, #12486 ) ) ;
#7024 = VERTEX_POINT ( 'NONE', #5940 ) ;
#7025 = AXIS2_PLACEMENT_3D ( 'NONE', #4289, #8214, #7263 ) ;
#7026 = AXIS2_PLACEMENT_3D ( 'NONE', #4298, #11077, #8109 ) ;
#7027 = VECTOR ( 'NONE', #1650, 1000.000000000000000 ) ;
#7028 = CARTESIAN_POINT ( 'NONE',  ( 4.999999999999999112, -65.86485695397702500, 45.40727495052029639 ) ) ;
#7029 = FACE_OUTER_BOUND ( 'NONE', #3666, .T. ) ;
#7030 = ORIENTED_EDGE ( 'NONE', *, *, #7982, .F. ) ;
#7031 = DIRECTION ( 'NONE',  ( -1.000000000000000000, -0.000000000000000000, -0.000000000000000000 ) ) ;
#7032 = CIRCLE ( 'NONE', #5588, 100.0000000000000142 ) ;
#7033 = EDGE_CURVE ( 'NONE', #3862, #12764, #78, .T. ) ;
#7034 = AXIS2_PLACEMENT_3D ( 'NONE', #12181, #7295, #10253 ) ;
#7035 = ORIENTED_EDGE ( 'NONE', *, *, #6262, .T. ) ;
#7036 = CARTESIAN_POINT ( 'NONE',  ( -4.999999999999993783, 17.20354699452819602, -170.1878247496342738 ) ) ;
#7037 = DIRECTION ( 'NONE',  ( 0.000000000000000000, 0.9895437273910137055, 0.1442331847429680347 ) ) ;
#7038 = EDGE_CURVE ( 'NONE', #8976, #8793, #8732, .T. ) ;
#7039 = CARTESIAN_POINT ( 'NONE',  ( 4.999999999999999112, -40.05413818588553454, 69.25074739081635755 ) ) ;
#7040 = CIRCLE ( 'NONE', #9108, 140.0000000000000000 ) ;
#7041 = EDGE_CURVE ( 'NONE', #10693, #10826, #4201, .T. ) ;
#7042 = ORIENTED_EDGE ( 'NONE', *, *, #9209, .F. ) ;
#7043 = CARTESIAN_POINT ( 'NONE',  ( -4.999999999999990230, 20.19264586401553530, -138.5361218347419765 ) ) ;
#7044 = ADVANCED_FACE ( 'NONE', ( #6626 ), #5594, .F. ) ;
#7045 = B_SPLINE_CURVE_WITH_KNOTS ( 'NONE', 3,
 ( #4749, #7715, #4831, #8758, #11651, #12741, #8613, #6696, #9527, #3714, #10742, #7643, #2820, #1919, #11583, #2760, #10677, #5784, #9713, #886 ),
 .UNSPECIFIED., .F., .F.,
 ( 4, 2, 2, 2, 2, 2, 2, 2, 2, 4 ),
 ( 0.008246777936065376527, 0.009532536595280392128, 0.01081829525449540946, 0.01210405391371042506, 0.01338981257292544240, 0.01403269190253295107, 0.01467557123214045453, 0.01596132989135547187, 0.01724708855057048573, 0.01853284720978550307 ),
 .UNSPECIFIED. ) ;
#7046 = DIRECTION ( 'NONE',  ( 0.000000000000000000, 0.8660254037844363761, -0.5000000000000038858 ) ) ;
#7047 = ORIENTED_EDGE ( 'NONE', *, *, #9397, .F. ) ;
#7048 = AXIS2_PLACEMENT_3D ( 'NONE', #7919, #2964, #12039 ) ;
#7049 = EDGE_CURVE ( 'NONE', #9800, #6593, #9547, .T. ) ;
#7050 = CIRCLE ( 'NONE', #10969, 34.99999999999999289 ) ;
#7051 = AXIS2_PLACEMENT_3D ( 'NONE', #5861, #12687, #6890 ) ;
#7052 = EDGE_CURVE ( 'NONE', #7166, #2279, #12230, .T. ) ;
#7053 = TOROIDAL_SURFACE ( 'NONE', #1482, 34.99999999999999289, 4.999999999999997335 ) ;
#7054 = CARTESIAN_POINT ( 'NONE',  ( 16.47659925016803228, -53.30162822609806739, 12.63743922206112380 ) ) ;
#7055 = AXIS2_PLACEMENT_3D ( 'NONE', #3248, #5322, #7179 ) ;
#7056 = CARTESIAN_POINT ( 'NONE',  ( 5.000000000000006217, 99.99262110727813990, -138.7852061507330745 ) ) ;
#7057 = DIRECTION ( 'NONE',  ( -1.000000000000000000, -0.000000000000000000, -0.000000000000000000 ) ) ;
#7058 = CARTESIAN_POINT ( 'NONE',  ( 5.000000000000006217, 157.7458401751238739, 62.95593364064023945 ) ) ;
#7059 = DIRECTION ( 'NONE',  ( 1.000000000000000000, 0.000000000000000000, 0.000000000000000000 ) ) ;
#7060 = DIRECTION ( 'NONE',  ( 0.000000000000000000, 0.3420201433256630508, -0.9396926207859104263 ) ) ;
#7061 = AXIS2_PLACEMENT_3D ( 'NONE', #8755, #6807, #5659 ) ;
#7062 = CIRCLE ( 'NONE', #10143, 5.000000000000004441 ) ;
#7063 = ORIENTED_EDGE ( 'NONE', *, *, #5718, .T. ) ;
#7064 = CIRCLE ( 'NONE', #1495, 140.0000000000000000 ) ;
#7065 = ORIENTED_EDGE ( 'NONE', *, *, #8115, .F. ) ;
#7066 = LINE ( 'NONE', #2166, #11574 ) ;
#7067 = ORIENTED_EDGE ( 'NONE', *, *, #10672, .F. ) ;
#7068 = AXIS2_PLACEMENT_3D ( 'NONE', #4694, #8494, #5476 ) ;
#7069 = DIRECTION ( 'NONE',  ( -1.000000000000000000, -0.000000000000000000, -0.000000000000000000 ) ) ;
#7070 = EDGE_CURVE ( 'NONE', #2886, #4464, #4615, .T. ) ;
#7071 = LINE ( 'NONE', #11951, #5397 ) ;
#7072 = VECTOR ( 'NONE', #1570, 1000.000000000000000 ) ;
#7073 = CIRCLE ( 'NONE', #11605, 100.0000000000000000 ) ;
#7074 = CIRCLE ( 'NONE', #7687, 100.0000000000000000 ) ;
#7075 = CARTESIAN_POINT ( 'NONE',  ( 4.999999999999999112, -6.391425146786505529, -79.74427681403240342 ) ) ;
#7076 = DIRECTION ( 'NONE',  ( 0.000000000000000000, 0.9848077530122073542, -0.1736481776669339672 ) ) ;
#7077 = DIRECTION ( 'NONE',  ( 0.000000000000000000, 0.6427876096865404731, 0.7660444431189770143 ) ) ;
#7078 = ORIENTED_EDGE ( 'NONE', *, *, #1248, .F. ) ;
#7079 = CARTESIAN_POINT ( 'NONE',  ( -4.999999999999993783, -74.37371037525457496, 154.0402834560586882 ) ) ;
#7080 = DIRECTION ( 'NONE',  ( -1.000000000000000000, -0.000000000000000000, -0.000000000000000000 ) ) ;
#7081 = VERTEX_POINT ( 'NONE', #10559 ) ;
#7082 = ORIENTED_EDGE ( 'NONE', *, *, #10077, .F. ) ;
#7083 = DIRECTION ( 'NONE',  ( 0.000000000000000000, 0.000000000000000000, -1.000000000000000000 ) ) ;
#7084 = AXIS2_PLACEMENT_3D ( 'NONE', #8252, #3237, #12192 ) ;
#7085 = ORIENTED_EDGE ( 'NONE', *, *, #3059, .T. ) ;
#7086 = DIRECTION ( 'NONE',  ( 0.000000000000000000, 0.000000000000000000, 1.000000000000000000 ) ) ;
#7087 = CIRCLE ( 'NONE', #2341, 6.999999999999999112 ) ;
#7088 = AXIS2_PLACEMENT_3D ( 'NONE', #1578, #10285, #11382 ) ;
#7089 = EDGE_CURVE ( 'NONE', #10160, #1554, #11821, .T. ) ;
#7090 = ADVANCED_FACE ( 'NONE', ( #5669 ), #9455, .F. ) ;
#7091 = CARTESIAN_POINT ( 'NONE',  ( -4.999999999999993783, 154.0402834560579777, 74.37371037525610973 ) ) ;
#7092 = CIRCLE ( 'NONE', #12026, 140.0000000000000000 ) ;
#7093 = CARTESIAN_POINT ( 'NONE',  ( -18.00000000000000000, 0.000000000000000000, 85.00000000000000000 ) ) ;
#7094 = ORIENTED_EDGE ( 'NONE', *, *, #7740, .F. ) ;
#7095 = DIRECTION ( 'NONE',  ( 1.000000000000000000, 0.000000000000000000, 0.000000000000000000 ) ) ;
#7096 = ORIENTED_EDGE ( 'NONE', *, *, #1279, .T. ) ;
#7097 = DIRECTION ( 'NONE',  ( 0.000000000000000000, 0.000000000000000000, 1.000000000000000000 ) ) ;
#7098 = ORIENTED_EDGE ( 'NONE', *, *, #1395, .F. ) ;
#7099 = CARTESIAN_POINT ( 'NONE',  ( -5.000000000000004441, 0.000000000000000000, 0.000000000000000000 ) ) ;
#7100 = ORIENTED_EDGE ( 'NONE', *, *, #12383, .T. ) ;
#7101 = EDGE_LOOP ( 'NONE', ( #3263, #9824, #1082 ) ) ;
#7102 = AXIS2_PLACEMENT_3D ( 'NONE', #1016, #1092, #4115 ) ;
#7103 = ADVANCED_FACE ( 'NONE', ( #1730 ), #9599, .F. ) ;
#7104 = DIRECTION ( 'NONE',  ( 1.000000000000000000, 0.000000000000000000, 0.000000000000000000 ) ) ;
#7105 = CARTESIAN_POINT ( 'NONE',  ( 4.999999999999999112, 75.15400103636444840, 27.42035973919391978 ) ) ;
#7106 = ORIENTED_EDGE ( 'NONE', *, *, #9220, .F. ) ;
#7107 = DIRECTION ( 'NONE',  ( -1.000000000000000000, -0.000000000000000000, -0.000000000000000000 ) ) ;
#7108 = CIRCLE ( 'NONE', #7716, 6.999999999999999112 ) ;
#7109 = VERTEX_POINT ( 'NONE', #11457 ) ;
#7110 = DIRECTION ( 'NONE',  ( -1.000000000000000000, -0.000000000000000000, -0.000000000000000000 ) ) ;
#7111 = CARTESIAN_POINT ( 'NONE',  ( 5.000000000000006217, 70.03176487497729852, -121.2970252097150876 ) ) ;
#7112 = CARTESIAN_POINT ( 'NONE',  ( -4.999999999999993783, -0.0007748487303973066202, 140.0621876725833772 ) ) ;
#7113 = VERTEX_POINT ( 'NONE', #6559 ) ;
#7114 = CARTESIAN_POINT ( 'NONE',  ( -4.999999999999993783, -62.95593364063868336, 157.7458401751244992 ) ) ;
#7115 = CARTESIAN_POINT ( 'NONE',  ( 5.000000000000006217, -62.95593364063868336, 157.7458401751244992 ) ) ;
#7116 = AXIS2_PLACEMENT_3D ( 'NONE', #5574, #9507, #10664 ) ;
#7117 = EDGE_CURVE ( 'NONE', #12460, #8736, #5728, .T. ) ;
#7118 = CARTESIAN_POINT ( 'NONE',  ( -4.999999999999993783, 78.79545396313075400, -13.83027240313126427 ) ) ;
#7119 = DIRECTION ( 'NONE',  ( 0.000000000000000000, 0.1736481776669307198, 0.9848077530122080203 ) ) ;
#7120 = DIRECTION ( 'NONE',  ( -0.000000000000000000, 0.02979050640667118069, 0.9995561643689833131 ) ) ;
#7121 = DIRECTION ( 'NONE',  ( -1.000000000000000000, -0.000000000000000000, -0.000000000000000000 ) ) ;
#7122 = CARTESIAN_POINT ( 'NONE',  ( 5.000000000000004441, 0.000000000000000000, 0.000000000000000000 ) ) ;
#7123 = DIRECTION ( 'NONE',  ( -1.000000000000000000, -0.000000000000000000, 0.000000000000000000 ) ) ;
#7124 = CIRCLE ( 'NONE', #1557, 100.0000000000000284 ) ;
#7125 = EDGE_CURVE ( 'NONE', #6691, #10339, #9656, .T. ) ;
#7126 = VERTEX_POINT ( 'NONE', #3719 ) ;
#7127 = ADVANCED_FACE ( 'NONE', ( #7652 ), #11588, .F. ) ;
#7128 = VERTEX_POINT ( 'NONE', #3526 ) ;
#7129 = CARTESIAN_POINT ( 'NONE',  ( -4.999999999999993783, -119.3132105852211708, -122.5733066456633935 ) ) ;
#7130 = EDGE_LOOP ( 'NONE', ( #2840, #6304, #1851, #9305 ) ) ;
#7131 = LINE ( 'NONE', #6153, #466 ) ;
#7132 = DIRECTION ( 'NONE',  ( -1.000000000000000000, -0.000000000000000000, -0.000000000000000000 ) ) ;
#7133 = DIRECTION ( 'NONE',  ( 0.000000000000000000, 0.000000000000000000, 1.000000000000000000 ) ) ;
#7134 = ADVANCED_FACE ( 'NONE', ( #1589 ), #10682, .F. ) ;
#7135 = CARTESIAN_POINT ( 'NONE',  ( 18.84079221049903197, 32.54733777954189122, -42.08630587925398459 ) ) ;
#7136 = CARTESIAN_POINT ( 'NONE',  ( -5.149943608731587297, -29.08934770037108564, -45.22555810625499362 ) ) ;
#7137 = DIRECTION ( 'NONE',  ( 1.000000000000000000, 0.000000000000000000, 0.000000000000000000 ) ) ;
#7138 = DIRECTION ( 'NONE',  ( -1.000000000000000000, -0.000000000000000000, -0.000000000000000000 ) ) ;
#7139 = CARTESIAN_POINT ( 'NONE',  ( 59.79898987322338400, -35.26711513754810312, -55.54101966249704958 ) ) ;
#7140 = ORIENTED_EDGE ( 'NONE', *, *, #7746, .F. ) ;
#7141 = EDGE_CURVE ( 'NONE', #9072, #4212, #5038, .T. ) ;
#7142 = VERTEX_POINT ( 'NONE', #12428 ) ;
#7143 = DIRECTION ( 'NONE',  ( 0.000000000000000000, 0.000000000000000000, 1.000000000000000000 ) ) ;
#7144 = VERTEX_POINT ( 'NONE', #5789 ) ;
#7145 = CARTESIAN_POINT ( 'NONE',  ( 5.000000000000006217, 107.2933624945068090, 90.03083239009136207 ) ) ;
#7146 = DIRECTION ( 'NONE',  ( -1.000000000000000000, -0.000000000000000000, 0.000000000000000000 ) ) ;
#7147 = CARTESIAN_POINT ( 'NONE',  ( -5.000000000000004441, 0.000000000000000000, 0.000000000000000000 ) ) ;
#7148 = DIRECTION ( 'NONE',  ( 0.000000000000000000, 0.000000000000000000, 1.000000000000000000 ) ) ;
#7149 = VERTEX_POINT ( 'NONE', #9724 ) ;
#7150 = CYLINDRICAL_SURFACE ( 'NONE', #6449, 80.00000000000000000 ) ;
#7151 = ORIENTED_EDGE ( 'NONE', *, *, #9122, .T. ) ;
#7152 = CARTESIAN_POINT ( 'NONE',  ( -4.999999999999993783, -70.19520364235647492, -155.9887531452612848 ) ) ;
#7153 = ORIENTED_EDGE ( 'NONE', *, *, #7288, .F. ) ;
#7154 = DIRECTION ( 'NONE',  ( 0.000000000000000000, 0.000000000000000000, 1.000000000000000000 ) ) ;
#7155 = ORIENTED_EDGE ( 'NONE', *, *, #3536, .F. ) ;
#7156 = ORIENTED_EDGE ( 'NONE', *, *, #3402, .T. ) ;
#7157 = EDGE_CURVE ( 'NONE', #8028, #9793, #5530, .T. ) ;
#7158 = DIRECTION ( 'NONE',  ( 0.000000000000000000, 0.1442331847429648151, -0.9895437273910141496 ) ) ;
#7159 = LINE ( 'NONE', #11089, #3599 ) ;
#7160 = VERTEX_POINT ( 'NONE', #9533 ) ;
#7161 = CARTESIAN_POINT ( 'NONE',  ( 5.000000000000004441, 107.2462220366579970, 89.99026535611425004 ) ) ;
#7162 = VERTEX_POINT ( 'NONE', #8561 ) ;
#7163 = EDGE_CURVE ( 'NONE', #895, #10942, #7092, .T. ) ;
#7164 = FACE_OUTER_BOUND ( 'NONE', #7130, .T. ) ;
#7165 = DIRECTION ( 'NONE',  ( 0.000000000000000000, 0.000000000000000000, -1.000000000000000000 ) ) ;
#7166 = VERTEX_POINT ( 'NONE', #2958 ) ;
#7167 = EDGE_CURVE ( 'NONE', #3358, #3219, #4952, .T. ) ;
#7168 = FACE_OUTER_BOUND ( 'NONE', #6508, .T. ) ;
#7169 = CARTESIAN_POINT ( 'NONE',  ( -24.99999999999999645, 0.000000000000000000, 0.000000000000000000 ) ) ;
#7170 = DIRECTION ( 'NONE',  ( 0.000000000000000000, 0.000000000000000000, 1.000000000000000000 ) ) ;
#7171 = CARTESIAN_POINT ( 'NONE',  ( 14.99999999999997158, -53.56599702107438077, 12.47733798284911799 ) ) ;
#7172 = DIRECTION ( 'NONE',  ( -1.000000000000000000, -0.000000000000000000, 0.000000000000000000 ) ) ;
#7173 = FACE_OUTER_BOUND ( 'NONE', #3262, .T. ) ;
#7174 = LINE ( 'NONE', #12073, #633 ) ;
#7175 = CARTESIAN_POINT ( 'NONE',  ( 5.000000000000006217, -12.61061916935168981, -170.5896538667299751 ) ) ;
#7176 = ORIENTED_EDGE ( 'NONE', *, *, #1760, .T. ) ;
#7177 = EDGE_CURVE ( 'NONE', #9935, #7356, #6470, .T. ) ;
#7178 = VERTEX_POINT ( 'NONE', #955 ) ;
#7179 = DIRECTION ( 'NONE',  ( 0.000000000000000000, -0.1736481776669172583, 0.9848077530122103518 ) ) ;
#7180 = ORIENTED_EDGE ( 'NONE', *, *, #7117, .T. ) ;
#7181 = PLANE ( 'NONE',  #1492 ) ;
#7182 = CIRCLE ( 'NONE', #9723, 100.0000000000001990 ) ;
#7183 = DIRECTION ( 'NONE',  ( -1.000000000000000000, -0.000000000000000000, -0.000000000000000000 ) ) ;
#7184 = PLANE ( 'NONE',  #11753 ) ;
#7185 = EDGE_CURVE ( 'NONE', #5567, #11900, #3918, .T. ) ;
#7186 = DIRECTION ( 'NONE',  ( -1.000000000000000000, -0.000000000000000000, -0.000000000000000000 ) ) ;
#7187 = DIRECTION ( 'NONE',  ( 0.000000000000000000, 0.000000000000000000, 1.000000000000000000 ) ) ;
#7188 = AXIS2_PLACEMENT_3D ( 'NONE', #2376, #4495, #10239 ) ;
#7189 = DIRECTION ( 'NONE',  ( 0.000000000000000000, -0.6427876096865458022, -0.7660444431189726844 ) ) ;
#7190 = FACE_OUTER_BOUND ( 'NONE', #7916, .T. ) ;
#7191 = DIRECTION ( 'NONE',  ( 0.000000000000000000, 0.04765018403449685497, -0.9988640848291016061 ) ) ;
#7192 = ORIENTED_EDGE ( 'NONE', *, *, #9058, .T. ) ;
#7193 = EDGE_CURVE ( 'NONE', #5748, #4860, #3861, .T. ) ;
#7194 = ORIENTED_EDGE ( 'NONE', *, *, #10831, .T. ) ;
#7195 = CARTESIAN_POINT ( 'NONE',  ( -5.000000000000004441, 0.000000000000000000, 0.000000000000000000 ) ) ;
#7196 = EDGE_CURVE ( 'NONE', #12273, #4670, #9149, .T. ) ;
#7197 = ORIENTED_EDGE ( 'NONE', *, *, #4884, .T. ) ;
#7198 = DIRECTION ( 'NONE',  ( 0.000000000000000000, 0.6427876096865353661, -0.7660444431189813441 ) ) ;
#7199 = EDGE_CURVE ( 'NONE', #1888, #8714, #8112, .T. ) ;
#7200 = AXIS2_PLACEMENT_3D ( 'NONE', #4691, #10623, #4891 ) ;
#7201 = CARTESIAN_POINT ( 'NONE',  ( 5.000000000000004441, 0.000000000000000000, 0.000000000000000000 ) ) ;
#7202 = ADVANCED_FACE ( 'NONE', ( #7914 ), #11960, .T. ) ;
#7203 = EDGE_CURVE ( 'NONE', #3658, #8597, #6263, .T. ) ;
#7204 = CARTESIAN_POINT ( 'NONE',  ( -4.999999999999993783, 89.39176922837326345, -144.4171432598695333 ) ) ;
#7205 = LINE ( 'NONE', #3522, #3906 ) ;
#7206 = VERTEX_POINT ( 'NONE', #11783 ) ;
#7207 = LINE ( 'NONE', #9082, #8916 ) ;
#7208 = ORIENTED_EDGE ( 'NONE', *, *, #11376, .T. ) ;
#7209 = CARTESIAN_POINT ( 'NONE',  ( 5.000000000000006217, 60.78202852981961257, -126.2760119032855215 ) ) ;
#7210 = VECTOR ( 'NONE', #8146, 1000.000000000000114 ) ;
#7211 = ORIENTED_EDGE ( 'NONE', *, *, #11735, .F. ) ;
#7212 = CARTESIAN_POINT ( 'NONE',  ( 18.82730255176597112, -29.92846664555724345, -44.00679390105475619 ) ) ;
#7213 = VECTOR ( 'NONE', #2853, 1000.000000000000114 ) ;
#7214 = VERTEX_POINT ( 'NONE', #4106 ) ;
#7215 = VERTEX_POINT ( 'NONE', #117 ) ;
#7216 = EDGE_CURVE ( 'NONE', #8175, #12641, #5087, .T. ) ;
#7217 = CIRCLE ( 'NONE', #5779, 100.0000000000000000 ) ;
#7218 = CARTESIAN_POINT ( 'NONE',  ( 5.000000000000004441, 24.31074487337167511, 137.8730854217089075 ) ) ;
#7219 = CIRCLE ( 'NONE', #7017, 99.99999999999998579 ) ;
#7220 = LINE ( 'NONE', #10064, #3375 ) ;
#7221 = ORIENTED_EDGE ( 'NONE', *, *, #1250, .F. ) ;
#7222 = DIRECTION ( 'NONE',  ( 0.000000000000000000, 0.4999999999999949485, -0.8660254037844415942 ) ) ;
#7223 = VERTEX_POINT ( 'NONE', #1198 ) ;
#7224 = FACE_OUTER_BOUND ( 'NONE', #5085, .T. ) ;
#7225 = CARTESIAN_POINT ( 'NONE',  ( -4.999999999999993783, 119.3132105852220661, 122.5733066456625693 ) ) ;
#7226 = AXIS2_PLACEMENT_3D ( 'NONE', #1183, #4937, #7895 ) ;
#7227 = ORIENTED_EDGE ( 'NONE', *, *, #7199, .T. ) ;
#7228 = AXIS2_PLACEMENT_3D ( 'NONE', #313, #5891, #8170 ) ;
#7229 = DIRECTION ( 'NONE',  ( 0.000000000000000000, -0.9848077530122062440, 0.1736481776669403787 ) ) ;
#7230 = AXIS2_PLACEMENT_3D ( 'NONE', #11979, #2247, #5156 ) ;
#7231 = DIRECTION ( 'NONE',  ( 0.000000000000000000, 0.000000000000000000, 1.000000000000000000 ) ) ;
#7232 = CARTESIAN_POINT ( 'NONE',  ( 5.000000000000006217, 61.24334482836764693, 51.47089191217038007 ) ) ;
#7233 = EDGE_CURVE ( 'NONE', #7673, #4244, #2765, .T. ) ;
#7234 = DIRECTION ( 'NONE',  ( 1.000000000000000000, 0.000000000000000000, 0.000000000000000000 ) ) ;
#7235 = AXIS2_PLACEMENT_3D ( 'NONE', #5116, #10139, #8329 ) ;
#7236 = VECTOR ( 'NONE', #12614, 1000.000000000000000 ) ;
#7237 = EDGE_CURVE ( 'NONE', #5962, #2827, #6820, .T. ) ;
#7238 = AXIS2_PLACEMENT_3D ( 'NONE', #9841, #7827, #6938 ) ;
#7239 = FACE_OUTER_BOUND ( 'NONE', #8586, .T. ) ;
#7240 = DIRECTION ( 'NONE',  ( 1.000000000000000000, 0.000000000000000000, 0.000000000000000000 ) ) ;
#7241 = DIRECTION ( 'NONE',  ( -0.000000000000000000, 1.000000000000000000, 1.224646799147353207E-16 ) ) ;
#7242 = DIRECTION ( 'NONE',  ( 0.000000000000000000, -0.3420201433256758183, -0.9396926207859058744 ) ) ;
#7243 = CARTESIAN_POINT ( 'NONE',  ( 40.00000000000000711, 0.000000000000000000, 0.000000000000000000 ) ) ;
#7244 = ORIENTED_EDGE ( 'NONE', *, *, #1524, .T. ) ;
#7245 = VERTEX_POINT ( 'NONE', #10877 ) ;
#7246 = CARTESIAN_POINT ( 'NONE',  ( 4.999999999999997335, 35.26711513754881366, -55.54101966249653088 ) ) ;
#7247 = ORIENTED_EDGE ( 'NONE', *, *, #2356, .T. ) ;
#7248 = VECTOR ( 'NONE', #9447, 1000.000000000000000 ) ;
#7249 = AXIS2_PLACEMENT_3D ( 'NONE', #3138, #4238, #5210 ) ;
#7250 = CYLINDRICAL_SURFACE ( 'NONE', #6030, 100.0000000000000000 ) ;
#7251 = CIRCLE ( 'NONE', #4794, 140.0000000000000000 ) ;
#7252 = CIRCLE ( 'NONE', #4795, 140.0000000000000000 ) ;
#7253 = CIRCLE ( 'NONE', #7238, 100.0000000000000000 ) ;
#7254 = DIRECTION ( 'NONE',  ( 0.000000000000000000, 0.000000000000000000, 1.000000000000000000 ) ) ;
#7255 = LINE ( 'NONE', #8278, #3748 ) ;
#7256 = ADVANCED_FACE ( 'NONE', ( #8958 ), #1986, .T. ) ;
#7257 = DIRECTION ( 'NONE',  ( 0.000000000000000000, -0.9494645049895570343, -0.3138744235597024645 ) ) ;
#7258 = CIRCLE ( 'NONE', #5005, 100.0000000000000426 ) ;
#7259 = CIRCLE ( 'NONE', #7672, 100.0000000000002274 ) ;
#7260 = AXIS2_PLACEMENT_3D ( 'NONE', #12474, #3703, #11563 ) ;
#7261 = AXIS2_PLACEMENT_3D ( 'NONE', #1824, #11489, #3839 ) ;
#7262 = CARTESIAN_POINT ( 'NONE',  ( -4.999999999999993783, -53.17002841738392505, -161.3076183917393394 ) ) ;
#7263 = DIRECTION ( 'NONE',  ( 0.000000000000000000, 0.7660444431189792347, 0.6427876096865379196 ) ) ;
#7264 = CARTESIAN_POINT ( 'NONE',  ( 5.000000000000004441, -20.19264586401458672, 138.5361218347420618 ) ) ;
#7265 = CIRCLE ( 'NONE', #10779, 140.0000000000000000 ) ;
#7266 = PLANE ( 'NONE',  #2757 ) ;
#7267 = ORIENTED_EDGE ( 'NONE', *, *, #2240, .F. ) ;
#7268 = EDGE_LOOP ( 'NONE', ( #7035, #8428, #6289 ) ) ;
#7269 = CARTESIAN_POINT ( 'NONE',  ( -4.999999999999993783, -45.40727495052007612, -65.86485695397716711 ) ) ;
#7270 = ORIENTED_EDGE ( 'NONE', *, *, #8692, .T. ) ;
#7271 = CARTESIAN_POINT ( 'NONE',  ( -4.999999999999993783, 81.78621229002875737, -113.8029070527148718 ) ) ;
#7272 = VECTOR ( 'NONE', #932, 1000.000000000000000 ) ;
#7273 = AXIS2_PLACEMENT_3D ( 'NONE', #4125, #9028, #1282 ) ;
#7274 = CIRCLE ( 'NONE', #1296, 100.0000000000001990 ) ;
#7275 = CARTESIAN_POINT ( 'NONE',  ( 5.000000000000006217, 115.7767867520171308, -78.96721993192147693 ) ) ;
#7276 = EDGE_CURVE ( 'NONE', #5246, #1649, #7291, .T. ) ;
#7277 = DIRECTION ( 'NONE',  ( -1.000000000000000000, 0.000000000000000000, 0.000000000000000000 ) ) ;
#7278 = DIRECTION ( 'NONE',  ( -1.000000000000000000, 0.000000000000000000, 0.000000000000000000 ) ) ;
#7279 = ORIENTED_EDGE ( 'NONE', *, *, #9241, .F. ) ;
#7280 = DIRECTION ( 'NONE',  ( 1.000000000000000000, 0.000000000000000000, 0.000000000000000000 ) ) ;
#7281 = VECTOR ( 'NONE', #6465, 1000.000000000000114 ) ;
#7282 = EDGE_LOOP ( 'NONE', ( #5508, #7477, #4722 ) ) ;
#7283 = FACE_OUTER_BOUND ( 'NONE', #5947, .T. ) ;
#7284 = ORIENTED_EDGE ( 'NONE', *, *, #2746, .T. ) ;
#7285 = CARTESIAN_POINT ( 'NONE',  ( 18.63610186856060125, -33.24248304755943195, -41.83600384121600513 ) ) ;
#7286 = VECTOR ( 'NONE', #348, 1000.000000000000000 ) ;
#7287 = ORIENTED_EDGE ( 'NONE', *, *, #5842, .F. ) ;
#7288 = EDGE_CURVE ( 'NONE', #5118, #11674, #7495, .T. ) ;
#7289 = VERTEX_POINT ( 'NONE', #11711 ) ;
#7290 = ADVANCED_FACE ( 'NONE', ( #1925 ), #1009, .T. ) ;
#7291 = CIRCLE ( 'NONE', #3179, 100.0000000000000000 ) ;
#7292 = DIRECTION ( 'NONE',  ( 0.000000000000000000, 0.000000000000000000, 1.000000000000000000 ) ) ;
#7293 = CARTESIAN_POINT ( 'NONE',  ( 17.00615730444405571, -4.225068273965630006, 54.41818095659144205 ) ) ;
#7294 = EDGE_LOOP ( 'NONE', ( #11139, #3812, #9288 ) ) ;
#7295 = DIRECTION ( 'NONE',  ( -1.000000000000000000, -0.000000000000000000, -0.000000000000000000 ) ) ;
#7296 = ORIENTED_EDGE ( 'NONE', *, *, #7070, .F. ) ;
#7297 = DIRECTION ( 'NONE',  ( -1.000000000000000000, -0.000000000000000000, -0.000000000000000000 ) ) ;
#7298 = CYLINDRICAL_SURFACE ( 'NONE', #6229, 6.999999999999999112 ) ;
#7299 = CIRCLE ( 'NONE', #3198, 100.0000000000002132 ) ;
#7300 = ORIENTED_EDGE ( 'NONE', *, *, #11604, .F. ) ;
#7301 = EDGE_CURVE ( 'NONE', #4543, #12134, #7489, .T. ) ;
#7302 = CARTESIAN_POINT ( 'NONE',  ( 5.000000000000006217, -24.35148223580090132, -168.0898717532972171 ) ) ;
#7303 = FACE_OUTER_BOUND ( 'NONE', #12052, .T. ) ;
#7304 = CARTESIAN_POINT ( 'NONE',  ( -4.999999999999993783, -13.83027240313153250, -78.79545396313069716 ) ) ;
#7305 = FACE_OUTER_BOUND ( 'NONE', #9365, .T. ) ;
#7306 = AXIS2_PLACEMENT_3D ( 'NONE', #9063, #1140, #2226 ) ;
#7307 = CARTESIAN_POINT ( 'NONE',  ( -4.999999999999993783, 119.3132105852220661, 122.5733066456625693 ) ) ;
#7308 = DIRECTION ( 'NONE',  ( 0.000000000000000000, 0.000000000000000000, 1.000000000000000000 ) ) ;
#7309 = ORIENTED_EDGE ( 'NONE', *, *, #9385, .F. ) ;
#7310 = CARTESIAN_POINT ( 'NONE',  ( 14.99999999999997158, -28.41945699475530773, -47.08858103747927260 ) ) ;
#7311 = DIRECTION ( 'NONE',  ( 0.000000000000000000, 0.000000000000000000, 1.000000000000000000 ) ) ;
#7312 = ORIENTED_EDGE ( 'NONE', *, *, #2324, .F. ) ;
#7313 = EDGE_CURVE ( 'NONE', #4528, #4939, #4211, .T. ) ;
#7314 = VERTEX_POINT ( 'NONE', #7105 ) ;
#7315 = CARTESIAN_POINT ( 'NONE',  ( -4.999999999999993783, -89.39176922837225447, 144.4171432598701870 ) ) ;
#7316 = ORIENTED_EDGE ( 'NONE', *, *, #1204, .F. ) ;
#7317 = CIRCLE ( 'NONE', #1754, 100.0000000000001990 ) ;
#7318 = DIRECTION ( 'NONE',  ( -1.000000000000000000, -0.000000000000000000, -0.000000000000000000 ) ) ;
#7319 = EDGE_CURVE ( 'NONE', #727, #540, #6969, .T. ) ;
#7320 = FACE_OUTER_BOUND ( 'NONE', #3473, .T. ) ;
#7321 = DIRECTION ( 'NONE',  ( 0.000000000000000000, 0.3420201433256694901, 0.9396926207859082059 ) ) ;
#7322 = CARTESIAN_POINT ( 'NONE',  ( -4.999999999999993783, 24.32078057235056789, 137.9344628748810351 ) ) ;
#7323 = AXIS2_PLACEMENT_3D ( 'NONE', #657, #1813, #5754 ) ;
#7324 = CARTESIAN_POINT ( 'NONE',  ( 5.000000000000006217, 139.4493146771849013, 13.92748399611295085 ) ) ;
#7325 = CARTESIAN_POINT ( 'NONE',  ( 5.000000000000006217, -10.49922515126862521, -139.7492484617412174 ) ) ;
#7326 = CARTESIAN_POINT ( 'NONE',  ( 5.000000000000006217, -121.2970252097153292, -70.03176487497685798 ) ) ;
#7327 = DIRECTION ( 'NONE',  ( 0.000000000000000000, 0.8412165803726526780, 0.5406983122834214672 ) ) ;
#7328 = VERTEX_POINT ( 'NONE', #3282 ) ;
#7329 = ORIENTED_EDGE ( 'NONE', *, *, #10051, .T. ) ;
#7330 = FACE_OUTER_BOUND ( 'NONE', #4913, .T. ) ;
#7331 = VERTEX_POINT ( 'NONE', #9942 ) ;
#7332 = LINE ( 'NONE', #11388, #4161 ) ;
#7333 = EDGE_CURVE ( 'NONE', #697, #7790, #3171, .T. ) ;
#7334 = CARTESIAN_POINT ( 'NONE',  ( 5.000000000000006217, 165.8082026736152272, -42.04161805105150052 ) ) ;
#7335 = CARTESIAN_POINT ( 'NONE',  ( -5.331520937504319768, 32.56456108118059234, -42.08068784830776110 ) ) ;
#7336 = LINE ( 'NONE', #10296, #6374 ) ;
#7337 = ORIENTED_EDGE ( 'NONE', *, *, #707, .F. ) ;
#7338 = CARTESIAN_POINT ( 'NONE',  ( 5.000000000000004441, 0.000000000000000000, 0.000000000000000000 ) ) ;
#7339 = ORIENTED_EDGE ( 'NONE', *, *, #8645, .T. ) ;
#7340 = DIRECTION ( 'NONE',  ( -1.000000000000000000, 0.000000000000000000, 0.000000000000000000 ) ) ;
#7341 = VERTEX_POINT ( 'NONE', #139 ) ;
#7342 = CARTESIAN_POINT ( 'NONE',  ( 17.19499588943818225, -35.26711513754809602, -41.54101966249704958 ) ) ;
#7343 = ORIENTED_EDGE ( 'NONE', *, *, #5093, .T. ) ;
#7344 = ORIENTED_EDGE ( 'NONE', *, *, #2469, .T. ) ;
#7345 = EDGE_CURVE ( 'NONE', #6066, #1229, #7220, .T. ) ;
#7346 = CARTESIAN_POINT ( 'NONE',  ( -4.999999999999997335, 57.06339097770900537, 18.54101966249749367 ) ) ;
#7347 = DIRECTION ( 'NONE',  ( -1.000000000000000000, -0.000000000000000000, -0.000000000000000000 ) ) ;
#7348 = EDGE_CURVE ( 'NONE', #8617, #10257, #3840, .T. ) ;
#7349 = EDGE_CURVE ( 'NONE', #4624, #5169, #8947, .T. ) ;
#7350 = EDGE_LOOP ( 'NONE', ( #8918, #5216, #9264, #8104, #10572, #10657 ) ) ;
#7351 = DIRECTION ( 'NONE',  ( -1.000000000000000000, -0.000000000000000000, -0.000000000000000000 ) ) ;
#7352 = ORIENTED_EDGE ( 'NONE', *, *, #6661, .T. ) ;
#7353 = DIRECTION ( 'NONE',  ( 0.000000000000000000, -0.3698622616393665297, -0.9290865984476435191 ) ) ;
#7354 = DIRECTION ( 'NONE',  ( 1.000000000000000000, 0.000000000000000000, 0.000000000000000000 ) ) ;
#7355 = ORIENTED_EDGE ( 'NONE', *, *, #3402, .F. ) ;
#7356 = VERTEX_POINT ( 'NONE', #1166 ) ;
#7357 = DIRECTION ( 'NONE',  ( -1.000000000000000000, 0.000000000000000000, 0.000000000000000000 ) ) ;
#7358 = CARTESIAN_POINT ( 'NONE',  ( -4.999999999999993783, -75.15400103636424944, -27.42035973919443137 ) ) ;
#7359 = EDGE_CURVE ( 'NONE', #11144, #5545, #11409, .T. ) ;
#7360 = CARTESIAN_POINT ( 'NONE',  ( 5.000000000000006217, -51.37509422393618053, -61.32372863323259793 ) ) ;
#7361 = PLANE ( 'NONE',  #4808 ) ;
#7362 = ADVANCED_FACE ( 'NONE', ( #7029 ), #7992, .T. ) ;
#7363 = CARTESIAN_POINT ( 'NONE',  ( 5.000000000000006217, -105.1339381126578445, -133.3943579393231573 ) ) ;
#7364 = EDGE_LOOP ( 'NONE', ( #8261, #11414, #5415, #4929 ) ) ;
#7365 = CARTESIAN_POINT ( 'NONE',  ( 5.000000000000006217, -65.19598901652452128, -46.36251736216679120 ) ) ;
#7366 = CARTESIAN_POINT ( 'NONE',  ( 5.000000000000006217, -24.32230672642489822, 137.9341937727410254 ) ) ;
#7367 = DIRECTION ( 'NONE',  ( 0.000000000000000000, 0.000000000000000000, 1.000000000000000000 ) ) ;
#7368 = VERTEX_POINT ( 'NONE', #265 ) ;
#7369 = EDGE_LOOP ( 'NONE', ( #8855, #7300, #1926 ) ) ;
#7370 = CYLINDRICAL_SURFACE ( 'NONE', #4375, 6.999999999999999112 ) ;
#7371 = EDGE_LOOP ( 'NONE', ( #596, #9461, #929, #7528, #10905, #2005 ) ) ;
#7372 = CARTESIAN_POINT ( 'NONE',  ( -4.999999999999993783, -61.32372863323242029, 51.37509422393639369 ) ) ;
#7373 = CARTESIAN_POINT ( 'NONE',  ( -4.999999999999993783, 42.04161805105322003, 165.8082026736148578 ) ) ;
#7374 = CARTESIAN_POINT ( 'NONE',  ( 5.000000000000006217, -34.60721386647372100, 166.2815095599044071 ) ) ;
#7375 = EDGE_CURVE ( 'NONE', #5559, #12094, #3582, .T. ) ;
#7376 = CARTESIAN_POINT ( 'NONE',  ( -4.999999999999993783, 138.7852061507327335, 99.99262110727862307 ) ) ;
#7377 = DIRECTION ( 'NONE',  ( 0.000000000000000000, -0.9396926207859045421, 0.3420201433256790380 ) ) ;
#7378 = EDGE_CURVE ( 'NONE', #708, #6123, #12427, .T. ) ;
#7379 = CARTESIAN_POINT ( 'NONE',  ( -4.999999999999993783, 164.6149246967153488, 46.49499208839476694 ) ) ;
#7380 = DIRECTION ( 'NONE',  ( 0.000000000000000000, -0.8507457776495374047, 0.5255774175242730051 ) ) ;
#7381 = DIRECTION ( 'NONE',  ( 0.000000000000000000, 0.1736481776669241417, -0.9848077530122090195 ) ) ;
#7382 = VECTOR ( 'NONE', #423, 1000.000000000000000 ) ;
#7383 = VERTEX_POINT ( 'NONE', #10197 ) ;
#7384 = CARTESIAN_POINT ( 'NONE',  ( 5.000000000000004441, 0.000000000000000000, 0.000000000000000000 ) ) ;
#7385 = ORIENTED_EDGE ( 'NONE', *, *, #8055, .F. ) ;
#7386 = DIRECTION ( 'NONE',  ( -1.000000000000000000, -0.000000000000000000, -0.000000000000000000 ) ) ;
#7387 = LINE ( 'NONE', #11319, #9921 ) ;
#7388 = EDGE_CURVE ( 'NONE', #1199, #8025, #8521, .T. ) ;
#7389 = CIRCLE ( 'NONE', #8417, 6.999999999999999112 ) ;
#7390 = DIRECTION ( 'NONE',  ( 0.000000000000000000, 0.9995561643689834241, -0.02979050640667118416 ) ) ;
#7391 = CARTESIAN_POINT ( 'NONE',  ( -5.000000000000004441, 0.000000000000000000, 0.000000000000000000 ) ) ;
#7392 = EDGE_CURVE ( 'NONE', #9628, #3101, #10967, .T. ) ;
#7393 = ORIENTED_EDGE ( 'NONE', *, *, #11209, .F. ) ;
#7394 = PLANE ( 'NONE',  #7068 ) ;
#7395 = ORIENTED_EDGE ( 'NONE', *, *, #10989, .T. ) ;
#7396 = CARTESIAN_POINT ( 'NONE',  ( -4.999999999999990230, 0.000000000000000000, 0.000000000000000000 ) ) ;
#7397 = VERTEX_POINT ( 'NONE', #3229 ) ;
#7398 = DIRECTION ( 'NONE',  ( 1.000000000000000000, 0.000000000000000000, 0.000000000000000000 ) ) ;
#7399 = EDGE_LOOP ( 'NONE', ( #10274, #147, #8846, #9840, #7656, #7395 ) ) ;
#7400 = ORIENTED_EDGE ( 'NONE', *, *, #7196, .F. ) ;
#7401 = AXIS2_PLACEMENT_3D ( 'NONE', #549, #6486, #9323 ) ;
#7402 = ORIENTED_EDGE ( 'NONE', *, *, #11431, .F. ) ;
#7403 = DIRECTION ( 'NONE',  ( 1.000000000000000000, 0.000000000000000000, 0.000000000000000000 ) ) ;
#7404 = CARTESIAN_POINT ( 'NONE',  ( 15.60624542314949537, -4.658171869999417680, 54.77438723446916669 ) ) ;
#7405 = AXIS2_PLACEMENT_3D ( 'NONE', #8081, #5002, #8936 ) ;
#7406 = ORIENTED_EDGE ( 'NONE', *, *, #12067, .F. ) ;
#7407 = EDGE_CURVE ( 'NONE', #5056, #1745, #7159, .T. ) ;
#7408 = VERTEX_POINT ( 'NONE', #10899 ) ;
#7409 = CARTESIAN_POINT ( 'NONE',  ( -5.000000000000004441, 0.000000000000000000, 0.000000000000000000 ) ) ;
#7410 = CARTESIAN_POINT ( 'NONE',  ( 15.97535712322108203, -35.87503959331631620, -41.56719057341670265 ) ) ;
#7411 = ORIENTED_EDGE ( 'NONE', *, *, #11703, .T. ) ;
#7412 = ORIENTED_EDGE ( 'NONE', *, *, #8524, .T. ) ;
#7413 = CARTESIAN_POINT ( 'NONE',  ( 5.000000000000006217, 121.2978000584466969, -70.03042279760595079 ) ) ;
#7414 = CIRCLE ( 'NONE', #3504, 44.99999999999995737 ) ;
#7415 = CIRCLE ( 'NONE', #9075, 54.99999999999999289 ) ;
#7416 = CARTESIAN_POINT ( 'NONE',  ( -4.999999999999993783, -79.99997556444868962, -0.06252750026119330284 ) ) ;
#7417 = DIRECTION ( 'NONE',  ( -1.000000000000000000, -0.000000000000000000, -0.000000000000000000 ) ) ;
#7418 = ADVANCED_FACE ( 'NONE', ( #3042 ), #6074, .F. ) ;
#7419 = DIRECTION ( 'NONE',  ( -1.000000000000000000, -0.000000000000000000, -0.000000000000000000 ) ) ;
#7420 = ORIENTED_EDGE ( 'NONE', *, *, #6270, .T. ) ;
#7421 = DIRECTION ( 'NONE',  ( -1.000000000000000000, 0.000000000000000000, 0.000000000000000000 ) ) ;
#7422 = AXIS2_PLACEMENT_3D ( 'NONE', #3626, #5556, #8448 ) ;
#7423 = CARTESIAN_POINT ( 'NONE',  ( -9.999999999999987566, 0.000000000000000000, 0.000000000000000000 ) ) ;
#7424 = DATE_AND_TIME ( #4474, #11007 ) ;
#7425 = CIRCLE ( 'NONE', #8447, 100.0000000000000284 ) ;
#7426 = ADVANCED_FACE ( 'NONE', ( #195 ), #10127, .T. ) ;
#7427 = ORIENTED_EDGE ( 'NONE', *, *, #3624, .T. ) ;
#7428 = ORIENTED_EDGE ( 'NONE', *, *, #4286, .T. ) ;
#7429 = CARTESIAN_POINT ( 'NONE',  ( 12.99999999999999822, 1.714505518806294599E-14, -140.0000000000000000 ) ) ;
#7430 = EDGE_LOOP ( 'NONE', ( #6843, #2331, #12534 ) ) ;
#7431 = EDGE_CURVE ( 'NONE', #12432, #9145, #1294, .T. ) ;
#7432 = CARTESIAN_POINT ( 'NONE',  ( -4.999999999999993783, 107.2933624945068090, 90.03083239009136207 ) ) ;
#7433 = EDGE_CURVE ( 'NONE', #9800, #351, #7712, .T. ) ;
#7434 = AXIS2_PLACEMENT_3D ( 'NONE', #6926, #7756, #11687 ) ;
#7435 = VECTOR ( 'NONE', #1453, 1000.000000000000114 ) ;
#7436 = CARTESIAN_POINT ( 'NONE',  ( 4.999999999999999112, -72.74911232729570543, 33.28012403207824832 ) ) ;
#7437 = AXIS2_PLACEMENT_3D ( 'NONE', #2688, #6507, #8621 ) ;
#7438 = CARTESIAN_POINT ( 'NONE',  ( -4.999999999999993783, 135.8029720483196456, -34.60692065529412531 ) ) ;
#7439 = ORIENTED_EDGE ( 'NONE', *, *, #5277, .F. ) ;
#7440 = FACE_BOUND ( 'NONE', #2125, .T. ) ;
#7441 = CARTESIAN_POINT ( 'NONE',  ( 59.79898987322338400, 35.26711513754881366, -41.54101966249653799 ) ) ;
#7442 = CARTESIAN_POINT ( 'NONE',  ( -4.999999999999992895, -69.99999999999887734, 121.2435565298220865 ) ) ;
#7443 = DIRECTION ( 'NONE',  ( 0.000000000000000000, 0.000000000000000000, 1.000000000000000000 ) ) ;
#7445 = CARTESIAN_POINT ( 'NONE',  ( -4.999999999999993783, -27.30284647801090614, -75.19677236556661626 ) ) ;
#7444 = CIRCLE ( 'NONE', #5814, 100.0000000000002132 ) ;
#7446 = AXIS2_PLACEMENT_3D ( 'NONE', #7994, #10011, #9823 ) ;
#7447 = VECTOR ( 'NONE', #10090, 1000.000000000000000 ) ;
#7448 = ORIENTED_EDGE ( 'NONE', *, *, #8383, .F. ) ;
#7449 = CARTESIAN_POINT ( 'NONE',  ( 15.30675582010438340, 53.56599702107469341, 12.47733798284957452 ) ) ;
#7450 = AXIS2_PLACEMENT_3D ( 'NONE', #5571, #12405, #3583 ) ;
#7451 = DIRECTION ( 'NONE',  ( 1.000000000000000000, 0.000000000000000000, 0.000000000000000000 ) ) ;
#7452 = EDGE_CURVE ( 'NONE', #11531, #8152, #12440, .T. ) ;
#7453 = CARTESIAN_POINT ( 'NONE',  ( 5.000000000000006217, -154.0402834560585177, -74.37371037525505812 ) ) ;
#7454 = VECTOR ( 'NONE', #3384, 1000.000000000000114 ) ;
#7455 = VECTOR ( 'NONE', #2880, 1000.000000000000114 ) ;
#7456 = AXIS2_PLACEMENT_3D ( 'NONE', #484, #8467, #9435 ) ;
#7457 = VECTOR ( 'NONE', #1237, 1000.000000000000114 ) ;
#7458 = AXIS2_PLACEMENT_3D ( 'NONE', #405, #12079, #5193 ) ;
#7459 = CARTESIAN_POINT ( 'NONE',  ( -4.999999999999774403, 28.41945699475576603, -47.08858103747859047 ) ) ;
#7460 = DIRECTION ( 'NONE',  ( -1.000000000000000000, -0.000000000000000000, -0.000000000000000000 ) ) ;
#7461 = ORIENTED_EDGE ( 'NONE', *, *, #11775, .T. ) ;
#7462 = CARTESIAN_POINT ( 'NONE',  ( 5.000000000000006217, 80.37303019083840638, 149.6241146709413385 ) ) ;
#7463 = CARTESIAN_POINT ( 'NONE',  ( 5.000000000000004441, 0.000000000000000000, 0.000000000000000000 ) ) ;
#7464 = ORIENTED_EDGE ( 'NONE', *, *, #1530, .T. ) ;
#7465 = DIRECTION ( 'NONE',  ( 0.000000000000000000, -0.4739787468447093643, 0.8805362840562102056 ) ) ;
#7466 = ORIENTED_EDGE ( 'NONE', *, *, #11769, .T. ) ;
#7467 = ORIENTED_EDGE ( 'NONE', *, *, #7237, .F. ) ;
#7468 = CARTESIAN_POINT ( 'NONE',  ( 17.34835222219579620, -28.64326104045239774, -46.27229880975182397 ) ) ;
#7469 = ORIENTED_EDGE ( 'NONE', *, *, #3581, .F. ) ;
#7470 = AXIS2_PLACEMENT_3D ( 'NONE', #12725, #11748, #9769 ) ;
#7471 = AXIS2_PLACEMENT_3D ( 'NONE', #7099, #11030, #2193 ) ;
#7472 = ORIENTED_EDGE ( 'NONE', *, *, #693, .T. ) ;
#7473 = ADVANCED_FACE ( 'NONE', ( #9222 ), #4314, .F. ) ;
#7474 = AXIS2_PLACEMENT_3D ( 'NONE', #12068, #9962, #5120 ) ;
#7475 = AXIS2_PLACEMENT_3D ( 'NONE', #10626, #8560, #10485 ) ;
#7476 = EDGE_CURVE ( 'NONE', #7845, #3730, #7913, .T. ) ;
#7477 = ORIENTED_EDGE ( 'NONE', *, *, #9619, .T. ) ;
#7478 = DIRECTION ( 'NONE',  ( 0.000000000000000000, -0.4739787468447062002, 0.8805362840562118709 ) ) ;
#7479 = DIRECTION ( 'NONE',  ( 1.000000000000000000, 0.000000000000000000, 0.000000000000000000 ) ) ;
#7480 = AXIS2_PLACEMENT_3D ( 'NONE', #8786, #1952, #5819 ) ;
#7481 = VECTOR ( 'NONE', #6451, 1000.000000000000114 ) ;
#7482 = ORIENTED_EDGE ( 'NONE', *, *, #1828, .F. ) ;
#7483 = AXIS2_PLACEMENT_3D ( 'NONE', #1985, #5920, #9848 ) ;
#7484 = ORIENTED_EDGE ( 'NONE', *, *, #153, .F. ) ;
#7485 = DIRECTION ( 'NONE',  ( 1.000000000000000000, 0.000000000000000000, 0.000000000000000000 ) ) ;
#7486 = CARTESIAN_POINT ( 'NONE',  ( 5.000000000000004441, 0.000000000000000000, 0.000000000000000000 ) ) ;
#7487 = ORIENTED_EDGE ( 'NONE', *, *, #10260, .F. ) ;
#7488 = ORIENTED_EDGE ( 'NONE', *, *, #8192, .F. ) ;
#7489 = CIRCLE ( 'NONE', #5646, 140.0000000000000000 ) ;
#7490 = CARTESIAN_POINT ( 'NONE',  ( -4.999999999999993783, 138.7852061507327335, 99.99262110727862307 ) ) ;
#7491 = ADVANCED_FACE ( 'NONE', ( #1409, #8240 ), #3615, .F. ) ;
#7492 = CARTESIAN_POINT ( 'NONE',  ( 5.000000000000006217, 69.25074739081651387, 40.05413818588529296 ) ) ;
#7493 = CARTESIAN_POINT ( 'NONE',  ( -4.999999999999993783, -140.0621876725833772, -0.0007748487318643802616 ) ) ;
#7494 = DIRECTION ( 'NONE',  ( -1.000000000000000000, 0.000000000000000000, -0.000000000000000000 ) ) ;
#7495 = CIRCLE ( 'NONE', #10382, 35.00000000000002842 ) ;
#7496 = ORIENTED_EDGE ( 'NONE', *, *, #2594, .F. ) ;
#7497 = CARTESIAN_POINT ( 'NONE',  ( -4.999999999999993783, -46.49499208839309006, 164.6149246967158604 ) ) ;
#7498 = CARTESIAN_POINT ( 'NONE',  ( 4.999999999999999112, -0.06252750026095044156, 79.99997556444867541 ) ) ;
#7499 = PERSON_AND_ORGANIZATION_ROLE ( 'creator' ) ;
#7500 = CC_DESIGN_APPROVAL ( #11061, ( #8117 ) ) ;
#7501 = ORIENTED_EDGE ( 'NONE', *, *, #2418, .F. ) ;
#7502 = ORIENTED_EDGE ( 'NONE', *, *, #1184, .F. ) ;
#7503 = DIRECTION ( 'NONE',  ( 0.000000000000000000, -0.02979050640667118069, -0.9995561643689833131 ) ) ;
#7504 = ORIENTED_EDGE ( 'NONE', *, *, #5301, .T. ) ;
#7505 = LINE ( 'NONE', #12464, #7072 ) ;
#7506 = EDGE_CURVE ( 'NONE', #518, #2637, #11827, .T. ) ;
#7507 = CIRCLE ( 'NONE', #8957, 140.0000000000000000 ) ;
#7508 = DIRECTION ( 'NONE',  ( -1.000000000000000000, 0.000000000000000000, 0.000000000000000000 ) ) ;
#7509 = CARTESIAN_POINT ( 'NONE',  ( -4.999999999999993783, 24.32078057235056789, 137.9344628748810351 ) ) ;
#7510 = EDGE_LOOP ( 'NONE', ( #2396, #10499, #6399, #10632, #6645, #2409 ) ) ;
#7511 = CARTESIAN_POINT ( 'NONE',  ( -4.999999999999993783, 90.03083239009245631, -107.2933624945058710 ) ) ;
#7512 = EDGE_CURVE ( 'NONE', #6535, #727, #6894, .T. ) ;
#7513 = EDGE_CURVE ( 'NONE', #4282, #3725, #566, .T. ) ;
#7514 = DIRECTION ( 'NONE',  ( 1.000000000000000000, 0.000000000000000000, 0.000000000000000000 ) ) ;
#7515 = DIRECTION ( 'NONE',  ( -1.000000000000000000, 0.000000000000000000, 0.000000000000000000 ) ) ;
#7516 = FACE_OUTER_BOUND ( 'NONE', #3920, .T. ) ;
#7517 = VECTOR ( 'NONE', #11065, 1000.000000000000000 ) ;
#7518 = CARTESIAN_POINT ( 'NONE',  ( -4.999999999999993783, 13.95342753719945783, -78.77373839018177648 ) ) ;
#7519 = ORIENTED_EDGE ( 'NONE', *, *, #11283, .F. ) ;
#7520 = FACE_OUTER_BOUND ( 'NONE', #3441, .T. ) ;
#7521 = DIRECTION ( 'NONE',  ( 0.000000000000000000, -0.8660254037844432595, -0.4999999999999919509 ) ) ;
#7522 = FACE_OUTER_BOUND ( 'NONE', #182, .T. ) ;
#7523 = EDGE_CURVE ( 'NONE', #4842, #5911, #2156, .T. ) ;
#7524 = AXIS2_PLACEMENT_3D ( 'NONE', #12014, #3188, #7119 ) ;
#7525 = LINE ( 'NONE', #4689, #10812 ) ;
#7526 = EDGE_CURVE ( 'NONE', #4970, #4726, #2565, .T. ) ;
#7527 = CARTESIAN_POINT ( 'NONE',  ( -5.999999989902971009E-06, -4.686149805543998070, 54.80000000000000426 ) ) ;
#7528 = ORIENTED_EDGE ( 'NONE', *, *, #749, .T. ) ;
#7529 = DIRECTION ( 'NONE',  ( 0.000000000000000000, 0.000000000000000000, 1.000000000000000000 ) ) ;
#7530 = DIRECTION ( 'NONE',  ( 0.000000000000000000, 0.000000000000000000, 1.000000000000000000 ) ) ;
#7531 = EDGE_LOOP ( 'NONE', ( #6775, #10178, #12359, #7808 ) ) ;
#7532 = LINE ( 'NONE', #1591, #5178 ) ;
#7533 = ORIENTED_EDGE ( 'NONE', *, *, #5889, .T. ) ;
#7534 = EDGE_LOOP ( 'NONE', ( #9861, #10463, #2175, #3305 ) ) ;
#7535 = CARTESIAN_POINT ( 'NONE',  ( 5.000000000000004441, 0.000000000000000000, 0.000000000000000000 ) ) ;
#7536 = ORIENTED_EDGE ( 'NONE', *, *, #1044, .F. ) ;
#7537 = ORIENTED_EDGE ( 'NONE', *, *, #12318, .T. ) ;
#7538 = VERTEX_POINT ( 'NONE', #11468 ) ;
#7539 = CARTESIAN_POINT ( 'NONE',  ( 5.000000000000006217, -17.20354699452700231, 170.1878247496343590 ) ) ;
#7540 = CARTESIAN_POINT ( 'NONE',  ( 17.25282650428157893, -4.081926995773761391, 54.31266514488526553 ) ) ;
#7541 = ORIENTED_EDGE ( 'NONE', *, *, #11771, .T. ) ;
#7542 = LINE ( 'NONE', #714, #11989 ) ;
#7543 = ORIENTED_EDGE ( 'NONE', *, *, #10430, .F. ) ;
#7544 = CARTESIAN_POINT ( 'NONE',  ( -4.999999999999993783, 61.32372863323276846, -51.37509422393597447 ) ) ;
#7545 = EDGE_CURVE ( 'NONE', #276, #6632, #520, .T. ) ;
#7546 = CARTESIAN_POINT ( 'NONE',  ( -87.20833333333341386, 0.000000000000000000, 0.000000000000000000 ) ) ;
#7547 = ORIENTED_EDGE ( 'NONE', *, *, #12220, .F. ) ;
#7548 = EDGE_LOOP ( 'NONE', ( #8689, #9875, #8372 ) ) ;
#7549 = CARTESIAN_POINT ( 'NONE',  ( -4.999999999999993783, -96.21594349147476066, -141.4296642867064975 ) ) ;
#7550 = LINE ( 'NONE', #5751, #8050 ) ;
#7551 = CYLINDRICAL_SURFACE ( 'NONE', #8487, 100.0000000000000000 ) ;
#7552 = EDGE_CURVE ( 'NONE', #10584, #7673, #1533, .T. ) ;
#7553 = CARTESIAN_POINT ( 'NONE',  ( -4.999999999999993783, 165.8082026736152272, -42.04161805105150052 ) ) ;
#7554 = ORIENTED_EDGE ( 'NONE', *, *, #12472, .T. ) ;
#7555 = DIRECTION ( 'NONE',  ( -1.000000000000000000, -0.000000000000000000, 0.000000000000000000 ) ) ;
#7556 = LINE ( 'NONE', #786, #1858 ) ;
#7557 = EDGE_CURVE ( 'NONE', #3819, #4693, #7507, .T. ) ;
#7558 = APPROVAL_ROLE ( '' ) ;
#7559 = ORIENTED_EDGE ( 'NONE', *, *, #8945, .F. ) ;
#7560 = ORIENTED_EDGE ( 'NONE', *, *, #7167, .T. ) ;
#7561 = DIRECTION ( 'NONE',  ( -1.000000000000000000, -0.000000000000000000, -0.000000000000000000 ) ) ;
#7562 = ORIENTED_EDGE ( 'NONE', *, *, #4706, .T. ) ;
#7563 = CARTESIAN_POINT ( 'NONE',  ( -87.20833333333341386, 0.000000000000000000, 80.00000000000000000 ) ) ;
#7564 = LINE ( 'NONE', #8740, #6222 ) ;
#7565 = CARTESIAN_POINT ( 'NONE',  ( 4.999999999999999112, -51.37509422393618053, -61.32372863323258372 ) ) ;
#7566 = ORIENTED_EDGE ( 'NONE', *, *, #5798, .F. ) ;
#7567 = DIRECTION ( 'NONE',  ( 1.000000000000000000, 0.000000000000000000, 0.000000000000000000 ) ) ;
#7568 = CARTESIAN_POINT ( 'NONE',  ( 5.000000000000006217, 122.5733066456637772, -119.3132105852207872 ) ) ;
#7569 = DIRECTION ( 'NONE',  ( 0.000000000000000000, -0.9549225324549481808, 0.2968551111398091136 ) ) ;
#7570 = EDGE_CURVE ( 'NONE', #4914, #4776, #2357, .T. ) ;
#7571 = LINE ( 'NONE', #5462, #7897 ) ;
#7572 = CARTESIAN_POINT ( 'NONE',  ( 5.000000000000006217, 53.17002841738505481, 161.3076183917390267 ) ) ;
#7573 = ORIENTED_EDGE ( 'NONE', *, *, #10832, .F. ) ;
#7574 = DIRECTION ( 'NONE',  ( 1.000000000000000000, 0.000000000000000000, 0.000000000000000000 ) ) ;
#7575 = DIRECTION ( 'NONE',  ( 0.000000000000000000, 0.000000000000000000, -1.000000000000000000 ) ) ;
#7576 = ADVANCED_FACE ( 'NONE', ( #5738 ), #9806, .F. ) ;
#7577 = DIRECTION ( 'NONE',  ( 0.000000000000000000, 0.000000000000000000, 1.000000000000000000 ) ) ;
#7578 = DIRECTION ( 'NONE',  ( -1.000000000000000000, -0.000000000000000000, -0.000000000000000000 ) ) ;
#7579 = CARTESIAN_POINT ( 'NONE',  ( 5.000000000000004441, 0.000000000000000000, 0.000000000000000000 ) ) ;
#7580 = CARTESIAN_POINT ( 'NONE',  ( -25.00000000000000000, 5.510910596163089556E-15, -45.00000000000000000 ) ) ;
#7582 = VERTEX_POINT ( 'NONE', #1799 ) ;
#7581 = EDGE_CURVE ( 'NONE', #3805, #404, #12498, .T. ) ;
#7583 = CYLINDRICAL_SURFACE ( 'NONE', #7475, 100.0000000000001990 ) ;
#7584 = EDGE_CURVE ( 'NONE', #12117, #4970, #712, .T. ) ;
#7585 = CARTESIAN_POINT ( 'NONE',  ( 5.000000000000006217, -137.9344628748811488, 24.32078057235014867 ) ) ;
#7586 = VERTEX_POINT ( 'NONE', #9546 ) ;
#7587 = CARTESIAN_POINT ( 'NONE',  ( 5.000000000000006217, 46.49499208839421271, -164.6149246967155477 ) ) ;
#7588 = ORIENTED_EDGE ( 'NONE', *, *, #7452, .F. ) ;
#7589 = DIRECTION ( 'NONE',  ( 0.000000000000000000, 0.1736481776669241694, -0.9848077530122092416 ) ) ;
#7590 = EDGE_CURVE ( 'NONE', #5729, #7582, #1124, .T. ) ;
#7591 = VERTEX_POINT ( 'NONE', #8572 ) ;
#7592 = ORIENTED_EDGE ( 'NONE', *, *, #1524, .F. ) ;
#7593 = CYLINDRICAL_SURFACE ( 'NONE', #3752, 100.0000000000000000 ) ;
#7594 = EDGE_CURVE ( 'NONE', #1927, #7673, #4650, .T. ) ;
#7595 = EDGE_CURVE ( 'NONE', #6909, #10711, #2895, .T. ) ;
#7596 = AXIS2_PLACEMENT_3D ( 'NONE', #4699, #10490, #8623 ) ;
#7597 = ORIENTED_EDGE ( 'NONE', *, *, #2999, .T. ) ;
#7598 = DIRECTION ( 'NONE',  ( 0.000000000000000000, -0.5000000000000069944, -0.8660254037844345998 ) ) ;
#7599 = CARTESIAN_POINT ( 'NONE',  ( 5.000000000000006217, 24.32230672642583258, -137.9341937727408549 ) ) ;
#7600 = LINE ( 'NONE', #2702, #3068 ) ;
#7601 = DIRECTION ( 'NONE',  ( -1.000000000000000000, -0.000000000000000000, 0.000000000000000000 ) ) ;
#7602 = VERTEX_POINT ( 'NONE', #10768 ) ;
#7603 = LINE ( 'NONE', #5617, #5794 ) ;
#7604 = DIRECTION ( 'NONE',  ( 0.000000000000000000, -0.1442331847429578762, 0.9895437273910151488 ) ) ;
#7605 = EDGE_LOOP ( 'NONE', ( #11027, #11491, #6372 ) ) ;
#7606 = ORIENTED_EDGE ( 'NONE', *, *, #2525, .T. ) ;
#7607 = CARTESIAN_POINT ( 'NONE',  ( 5.000000000000006217, 39.94583737856329719, 69.31327489107731310 ) ) ;
#7608 = EDGE_CURVE ( 'NONE', #3197, #3021, #8326, .T. ) ;
#7609 = DIRECTION ( 'NONE',  ( 0.000000000000000000, -0.9995561643689834241, 0.02979050640667118416 ) ) ;
#7610 = CIRCLE ( 'NONE', #8643, 140.0000000000000000 ) ;
#7611 = DIRECTION ( 'NONE',  ( 0.000000000000000000, -0.02979050640667118069, -0.9995561643689833131 ) ) ;
#7612 = CARTESIAN_POINT ( 'NONE',  ( 34.99999999999996447, 0.000000000000000000, 80.00000000000000000 ) ) ;
#7613 = ORIENTED_EDGE ( 'NONE', *, *, #7753, .F. ) ;
#7614 = CARTESIAN_POINT ( 'NONE',  ( -40.00000000000000000, 0.000000000000000000, 34.99999999999999289 ) ) ;
#7615 = DIRECTION ( 'NONE',  ( 0.000000000000000000, -0.1736481776669172583, 0.9848077530122103518 ) ) ;
#7616 = ORIENTED_EDGE ( 'NONE', *, *, #8070, .F. ) ;
#7617 = AXIS2_PLACEMENT_3D ( 'NONE', #10806, #4089, #8008 ) ;
#7618 = ORIENTED_EDGE ( 'NONE', *, *, #7552, .F. ) ;
#7619 = DIRECTION ( 'NONE',  ( 0.000000000000000000, 0.000000000000000000, 1.000000000000000000 ) ) ;
#7620 = VERTEX_POINT ( 'NONE', #2969 ) ;
#7621 = VECTOR ( 'NONE', #10215, 1000.000000000000000 ) ;
#7622 = DIRECTION ( 'NONE',  ( 1.000000000000000000, 0.000000000000000000, 0.000000000000000000 ) ) ;
#7623 = ADVANCED_FACE ( 'NONE', ( #11794 ), #12757, .F. ) ;
#7624 = CARTESIAN_POINT ( 'NONE',  ( 5.000000000000004441, -47.88282006559416715, -131.5569669100270005 ) ) ;
#7625 = DIRECTION ( 'NONE',  ( 0.000000000000000000, -0.1265246573978889566, -0.9919634625682272056 ) ) ;
#7626 = VECTOR ( 'NONE', #4921, 1000.000000000000000 ) ;
#7627 = ORIENTED_EDGE ( 'NONE', *, *, #947, .F. ) ;
#7628 = AXIS2_PLACEMENT_3D ( 'NONE', #1668, #836, #11416 ) ;
#7629 = DIRECTION ( 'NONE',  ( 0.000000000000000000, 0.2203771987371510310, -0.9754147273220588055 ) ) ;
#7630 = CARTESIAN_POINT ( 'NONE',  ( -4.999999999999993783, -70.19520364235647492, -155.9887531452612848 ) ) ;
#7631 = DIRECTION ( 'NONE',  ( 1.000000000000000000, 0.000000000000000000, 0.000000000000000000 ) ) ;
#7632 = CARTESIAN_POINT ( 'NONE',  ( 5.000000000000004441, 0.000000000000000000, 0.000000000000000000 ) ) ;
#7633 = DIRECTION ( 'NONE',  ( -1.000000000000000000, -0.000000000000000000, -0.000000000000000000 ) ) ;
#7634 = CARTESIAN_POINT ( 'NONE',  ( -5.417338765090084607, 50.27263500402841601, 16.78890194707043904 ) ) ;
#7635 = ORIENTED_EDGE ( 'NONE', *, *, #223, .F. ) ;
#7636 = LINE ( 'NONE', #8671, #588 ) ;
#7637 = CIRCLE ( 'NONE', #9909, 140.0000000000000000 ) ;
#7638 = CARTESIAN_POINT ( 'NONE',  ( 5.000000000000006217, -144.4171432598692491, -89.39176922837376082 ) ) ;
#7639 = AXIS2_PLACEMENT_3D ( 'NONE', #1558, #7609, #6526 ) ;
#7640 = AXIS2_PLACEMENT_3D ( 'NONE', #2380, #6316, #1280 ) ;
#7641 = EDGE_CURVE ( 'NONE', #3658, #8152, #10574, .T. ) ;
#7642 = CARTESIAN_POINT ( 'NONE',  ( 5.000000000000006217, 47.90336138264957100, 131.6156692209314372 ) ) ;
#7643 = CARTESIAN_POINT ( 'NONE',  ( -5.393444885518502652, -50.71737260281272341, 15.57891869417249353 ) ) ;
#7644 = AXIS2_PLACEMENT_3D ( 'NONE', #7946, #9881, #16 ) ;
#7645 = AXIS2_PLACEMENT_3D ( 'NONE', #11454, #11230, #9170 ) ;
#7646 = CIRCLE ( 'NONE', #3521, 140.0000000000000000 ) ;
#7647 = DIRECTION ( 'NONE',  ( 0.000000000000000000, 0.000000000000000000, 1.000000000000000000 ) ) ;
#7648 = PLANE ( 'NONE',  #1893 ) ;
#7649 = ORIENTED_EDGE ( 'NONE', *, *, #10601, .F. ) ;
#7650 = CARTESIAN_POINT ( 'NONE',  ( 4.999999999999997335, 0.000000000000000000, 67.00000000000000000 ) ) ;
#7651 = CIRCLE ( 'NONE', #12176, 35.00000000000002842 ) ;
#7652 = FACE_OUTER_BOUND ( 'NONE', #8591, .T. ) ;
#7653 = EDGE_LOOP ( 'NONE', ( #9588, #8593, #10004, #8589 ) ) ;
#7654 = VERTEX_POINT ( 'NONE', #6643 ) ;
#7655 = LINE ( 'NONE', #7725, #3063 ) ;
#7656 = ORIENTED_EDGE ( 'NONE', *, *, #12400, .F. ) ;
#7657 = ORIENTED_EDGE ( 'NONE', *, *, #4725, .F. ) ;
#7658 = PLANE ( 'NONE',  #8888 ) ;
#7659 = AXIS2_PLACEMENT_3D ( 'NONE', #5778, #808, #3650 ) ;
#7660 = VECTOR ( 'NONE', #6690, 1000.000000000000000 ) ;
#7661 = AXIS2_PLACEMENT_3D ( 'NONE', #6226, #5016, #10164 ) ;
#7662 = ADVANCED_FACE ( 'NONE', ( #5682 ), #9610, .T. ) ;
#7663 = ORIENTED_EDGE ( 'NONE', *, *, #11819, .F. ) ;
#7664 = CIRCLE ( 'NONE', #12610, 100.0000000000001847 ) ;
#7665 = CIRCLE ( 'NONE', #9315, 34.99999999999999289 ) ;
#7666 = DIRECTION ( 'NONE',  ( 0.000000000000000000, 0.000000000000000000, 1.000000000000000000 ) ) ;
#7667 = DIRECTION ( 'NONE',  ( 0.000000000000000000, 0.3698622616393665297, 0.9290865984476435191 ) ) ;
#7668 = CARTESIAN_POINT ( 'NONE',  ( -12.99999999999999822, 0.000000000000000000, 0.000000000000000000 ) ) ;
#7669 = DIRECTION ( 'NONE',  ( 1.000000000000000000, 0.000000000000000000, 0.000000000000000000 ) ) ;
#7670 = CIRCLE ( 'NONE', #57, 140.0000000000000000 ) ;
#7671 = ADVANCED_FACE ( 'NONE', ( #4705 ), #8631, .F. ) ;
#7672 = AXIS2_PLACEMENT_3D ( 'NONE', #9475, #10256, #582 ) ;
#7673 = VERTEX_POINT ( 'NONE', #2778 ) ;
#7674 = EDGE_CURVE ( 'NONE', #8921, #11313, #4424, .T. ) ;
#7675 = AXIS2_PLACEMENT_3D ( 'NONE', #10722, #6599, #10529 ) ;
#7676 = DIRECTION ( 'NONE',  ( 0.000000000000000000, -0.9396926207859046531, 0.3420201433256790380 ) ) ;
#7677 = FACE_OUTER_BOUND ( 'NONE', #5740, .T. ) ;
#7678 = CIRCLE ( 'NONE', #10358, 100.0000000000001990 ) ;
#7679 = ORIENTED_EDGE ( 'NONE', *, *, #7974, .T. ) ;
#7680 = EDGE_LOOP ( 'NONE', ( #7197, #6439 ) ) ;
#7681 = AXIS2_PLACEMENT_3D ( 'NONE', #2799, #8654, #11486 ) ;
#7682 = DIRECTION ( 'NONE',  ( 0.000000000000000000, 0.5255774175242728941, 0.8507457776495372936 ) ) ;
#7683 = CIRCLE ( 'NONE', #677, 100.0000000000002132 ) ;
#7684 = CARTESIAN_POINT ( 'NONE',  ( 5.000000000000004441, 0.000000000000000000, 0.000000000000000000 ) ) ;
#7685 = AXIS2_PLACEMENT_3D ( 'NONE', #8319, #2254, #6376 ) ;
#7686 = CARTESIAN_POINT ( 'NONE',  ( 4.999999999999997335, 57.06339097770900537, 25.54101966249750788 ) ) ;
#7687 = AXIS2_PLACEMENT_3D ( 'NONE', #7079, #6234, #3394 ) ;
#7688 = DIRECTION ( 'NONE',  ( -1.000000000000000000, -0.000000000000000000, -0.000000000000000000 ) ) ;
#7689 = ORIENTED_EDGE ( 'NONE', *, *, #3926, .F. ) ;
#7690 = EDGE_CURVE ( 'NONE', #12312, #953, #5251, .T. ) ;
#7691 = DIRECTION ( 'NONE',  ( 0.000000000000000000, -0.6427876096865456912, -0.7660444431189725734 ) ) ;
#7692 = DIRECTION ( 'NONE',  ( 0.000000000000000000, -0.9919634625682268725, 0.1265246573978923150 ) ) ;
#7693 = CIRCLE ( 'NONE', #10783, 100.0000000000000000 ) ;
#7694 = ORIENTED_EDGE ( 'NONE', *, *, #4020, .T. ) ;
#7695 = DIRECTION ( 'NONE',  ( -1.000000000000000000, -0.000000000000000000, 0.000000000000000000 ) ) ;
#7696 = ORIENTED_EDGE ( 'NONE', *, *, #192, .F. ) ;
#7697 = CIRCLE ( 'NONE', #3584, 140.0000000000000000 ) ;
#7698 = DIRECTION ( 'NONE',  ( 0.000000000000000000, 0.000000000000000000, 1.000000000000000000 ) ) ;
#7699 = LINE ( 'NONE', #7814, #12607 ) ;
#7700 = AXIS2_PLACEMENT_3D ( 'NONE', #7778, #171, #11846 ) ;
#7701 = CARTESIAN_POINT ( 'NONE',  ( -5.000000000000004441, 0.000000000000000000, 0.000000000000000000 ) ) ;
#7702 = ORIENTED_EDGE ( 'NONE', *, *, #9318, .T. ) ;
#7703 = CARTESIAN_POINT ( 'NONE',  ( 4.999999999999997335, 35.26711513754881366, -48.54101966249653799 ) ) ;
#7704 = CARTESIAN_POINT ( 'NONE',  ( 5.000000000000006217, -12.61061916935168981, -170.5896538667299751 ) ) ;
#7705 = DIRECTION ( 'NONE',  ( 1.000000000000000000, 0.000000000000000000, 0.000000000000000000 ) ) ;
#7706 = CARTESIAN_POINT ( 'NONE',  ( 5.000000000000006217, -27.30284647801090614, -75.19677236556661626 ) ) ;
#7707 = DIRECTION ( 'NONE',  ( 0.000000000000000000, -0.7660444431189835646, -0.6427876096865328126 ) ) ;
#7708 = CARTESIAN_POINT ( 'NONE',  ( -5.033041543453770750, 52.84543736019551119, 12.95040842022431526 ) ) ;
#7709 = EDGE_CURVE ( 'NONE', #5533, #9109, #6275, .T. ) ;
#7710 = ORIENTED_EDGE ( 'NONE', *, *, #415, .T. ) ;
#7711 = CARTESIAN_POINT ( 'NONE',  ( 4.999999999999999112, -69.25074739081624386, -40.05413818588578323 ) ) ;
#7712 = CIRCLE ( 'NONE', #3595, 40.00000000000003553 ) ;
#7713 = PLANE ( 'NONE',  #6445 ) ;
#7714 = LINE ( 'NONE', #8757, #9298 ) ;
#7715 = CARTESIAN_POINT ( 'NONE',  ( -4.999999999999166889, -50.49413475442018040, 20.99683633278899819 ) ) ;
#7716 = AXIS2_PLACEMENT_3D ( 'NONE', #4494, #8418, #9210 ) ;
#7717 = DIRECTION ( 'NONE',  ( 0.000000000000000000, -0.3138744235596992449, 0.9494645049895580335 ) ) ;
#7718 = DIRECTION ( 'NONE',  ( -1.000000000000000000, 0.000000000000000000, 0.000000000000000000 ) ) ;
#7719 = ORIENTED_EDGE ( 'NONE', *, *, #11771, .F. ) ;
#7720 = CARTESIAN_POINT ( 'NONE',  ( -4.999999999999993783, -47.90336138264867571, -131.6156692209317498 ) ) ;
#7721 = CARTESIAN_POINT ( 'NONE',  ( -5.000000000000004441, 0.000000000000000000, 0.000000000000000000 ) ) ;
#7722 = ORIENTED_EDGE ( 'NONE', *, *, #3329, .T. ) ;
#7723 = EDGE_CURVE ( 'NONE', #3422, #8971, #4017, .T. ) ;
#7724 = EDGE_LOOP ( 'NONE', ( #9654, #4342, #9852 ) ) ;
#7725 = CARTESIAN_POINT ( 'NONE',  ( 5.000000000000006217, -70.03042279760637712, -121.2978000584464837 ) ) ;
#7726 = EDGE_LOOP ( 'NONE', ( #8292, #6237, #5809 ) ) ;
#7727 = ORIENTED_EDGE ( 'NONE', *, *, #2320, .F. ) ;
#7728 = DIRECTION ( 'NONE',  ( 0.000000000000000000, -0.6653231695327214146, -0.7465554768956782494 ) ) ;
#7729 = AXIS2_PLACEMENT_3D ( 'NONE', #9438, #5766, #9698 ) ;
#7730 = ORIENTED_EDGE ( 'NONE', *, *, #8462, .T. ) ;
#7731 = DIRECTION ( 'NONE',  ( 0.000000000000000000, 0.7848534137046764281, 0.6196814657516521718 ) ) ;
#7732 = DIRECTION ( 'NONE',  ( -1.000000000000000000, -0.000000000000000000, -0.000000000000000000 ) ) ;
#7733 = EDGE_LOOP ( 'NONE', ( #3032, #12507, #10959, #3922, #364, #12022 ) ) ;
#7734 = ORIENTED_EDGE ( 'NONE', *, *, #5239, .T. ) ;
#7735 = DIRECTION ( 'NONE',  ( 1.000000000000000000, 0.000000000000000000, 0.000000000000000000 ) ) ;
#7736 = AXIS2_PLACEMENT_3D ( 'NONE', #11176, #7172, #11243 ) ;
#7737 = EDGE_LOOP ( 'NONE', ( #3454, #6557, #5994, #6804 ) ) ;
#7738 = CARTESIAN_POINT ( 'NONE',  ( -4.999999999999990230, -137.0876630329396448, 28.40726393314286113 ) ) ;
#7739 = VERTEX_POINT ( 'NONE', #11722 ) ;
#7740 = EDGE_CURVE ( 'NONE', #2907, #11331, #2981, .T. ) ;
#7741 = DIRECTION ( 'NONE',  ( 0.000000000000000000, 0.3138744235597054066, -0.9494645049895560351 ) ) ;
#7742 = ORIENTED_EDGE ( 'NONE', *, *, #9415, .F. ) ;
#7743 = VERTEX_POINT ( 'NONE', #4963 ) ;
#7744 = DIRECTION ( 'NONE',  ( -1.000000000000000000, -0.000000000000000000, 0.000000000000000000 ) ) ;
#7745 = CARTESIAN_POINT ( 'NONE',  ( -4.999999999999990230, 138.5361218347422607, 20.19264586401411776 ) ) ;
#7746 = EDGE_CURVE ( 'NONE', #12294, #390, #2123, .T. ) ;
#7747 = EDGE_CURVE ( 'NONE', #5758, #3476, #11014, .T. ) ;
#7748 = DIRECTION ( 'NONE',  ( 0.000000000000000000, 0.4581657725456800279, 0.8888667644071411855 ) ) ;
#7749 = DIRECTION ( 'NONE',  ( -1.000000000000000000, -0.000000000000000000, -0.000000000000000000 ) ) ;
#7750 = ORIENTED_EDGE ( 'NONE', *, *, #4279, .T. ) ;
#7751 = DIRECTION ( 'NONE',  ( 1.000000000000000000, 0.000000000000000000, 0.000000000000000000 ) ) ;
#7752 = PLANE ( 'NONE',  #8035 ) ;
#7753 = EDGE_CURVE ( 'NONE', #4635, #12659, #12097, .T. ) ;
#7754 = ADVANCED_FACE ( 'NONE', ( #2186 ), #8171, .F. ) ;
#7755 = ORIENTED_EDGE ( 'NONE', *, *, #8785, .F. ) ;
#7756 = DIRECTION ( 'NONE',  ( -1.000000000000000000, 0.000000000000000000, -0.000000000000000000 ) ) ;
#7757 = EDGE_CURVE ( 'NONE', #1554, #10866, #3186, .T. ) ;
#7758 = CARTESIAN_POINT ( 'NONE',  ( -4.999999999999992895, 47.88282006559506954, 131.5569669100266594 ) ) ;
#7759 = EDGE_CURVE ( 'NONE', #12679, #473, #1957, .T. ) ;
#7760 = CARTESIAN_POINT ( 'NONE',  ( -4.999999999999993783, 90.03083239009245631, -107.2933624945058710 ) ) ;
#7761 = CARTESIAN_POINT ( 'NONE',  ( -4.999999999999993783, 166.2815095599040376, 34.60721386647542630 ) ) ;
#7762 = DIRECTION ( 'NONE',  ( -1.000000000000000000, 0.000000000000000000, 0.000000000000000000 ) ) ;
#7763 = DIRECTION ( 'NONE',  ( -1.000000000000000000, -0.000000000000000000, -0.000000000000000000 ) ) ;
#7764 = DIRECTION ( 'NONE',  ( -1.000000000000000000, 0.000000000000000000, -0.000000000000000000 ) ) ;
#7765 = CARTESIAN_POINT ( 'NONE',  ( 5.000000000000006217, 149.6241146709421628, -80.37303019083685740 ) ) ;
#7766 = PLANE ( 'NONE',  #9523 ) ;
#7767 = ORIENTED_EDGE ( 'NONE', *, *, #12437, .T. ) ;
#7768 = ORIENTED_EDGE ( 'NONE', *, *, #4312, .F. ) ;
#7769 = DIRECTION ( 'NONE',  ( 0.000000000000000000, -0.4739787468447000385, 0.8805362840562152016 ) ) ;
#7770 = CARTESIAN_POINT ( 'NONE',  ( 5.000000000000006217, 96.21594349147569858, 141.4296642867059006 ) ) ;
#7771 = EDGE_CURVE ( 'NONE', #4051, #6535, #8429, .T. ) ;
#7772 = CARTESIAN_POINT ( 'NONE',  ( -4.999999999999993783, -46.36251736216657804, 65.19598901652466338 ) ) ;
#7773 = DIRECTION ( 'NONE',  ( -1.000000000000000000, -0.000000000000000000, -0.000000000000000000 ) ) ;
#7774 = CARTESIAN_POINT ( 'NONE',  ( 14.99999999999997158, 50.66979716487420404, 21.39092460064557244 ) ) ;
#7775 = CARTESIAN_POINT ( 'NONE',  ( 5.000000000000006217, 72.74911232729596122, -33.28012403207775094 ) ) ;
#7776 = ORIENTED_EDGE ( 'NONE', *, *, #190, .F. ) ;
#7777 = CARTESIAN_POINT ( 'NONE',  ( -40.00000000000000000, 8.572527594031474176E-16, 53.00000000000000000 ) ) ;
#7778 = CARTESIAN_POINT ( 'NONE',  ( -5.000000000000004441, 0.000000000000000000, 0.000000000000000000 ) ) ;
#7779 = ORIENTED_EDGE ( 'NONE', *, *, #905, .F. ) ;
#7780 = VERTEX_POINT ( 'NONE', #8892 ) ;
#7781 = FACE_OUTER_BOUND ( 'NONE', #185, .T. ) ;
#7782 = ORIENTED_EDGE ( 'NONE', *, *, #12027, .T. ) ;
#7783 = ORIENTED_EDGE ( 'NONE', *, *, #6835, .F. ) ;
#7784 = DIRECTION ( 'NONE',  ( 0.000000000000000000, 0.000000000000000000, 1.000000000000000000 ) ) ;
#7785 = EDGE_CURVE ( 'NONE', #10557, #7081, #5658, .T. ) ;
#7786 = ORIENTED_EDGE ( 'NONE', *, *, #3990, .T. ) ;
#7787 = EDGE_CURVE ( 'NONE', #11559, #539, #9154, .T. ) ;
#7788 = DIRECTION ( 'NONE',  ( 0.000000000000000000, 0.000000000000000000, 1.000000000000000000 ) ) ;
#7789 = DIRECTION ( 'NONE',  ( 0.000000000000000000, -0.1265246573978956179, -0.9919634625682264284 ) ) ;
#7790 = VERTEX_POINT ( 'NONE', #4248 ) ;
#7791 = ORIENTED_EDGE ( 'NONE', *, *, #8048, .F. ) ;
#7792 = LINE ( 'NONE', #2899, #6235 ) ;
#7793 = ORIENTED_EDGE ( 'NONE', *, *, #10399, .F. ) ;
#7794 = DIRECTION ( 'NONE',  ( 0.000000000000000000, -0.5000000000000069944, -0.8660254037844345998 ) ) ;
#7795 = ORIENTED_EDGE ( 'NONE', *, *, #7216, .F. ) ;
#7796 = FACE_OUTER_BOUND ( 'NONE', #12259, .T. ) ;
#7797 = VERTEX_POINT ( 'NONE', #3154 ) ;
#7798 = ORIENTED_EDGE ( 'NONE', *, *, #7570, .F. ) ;
#7799 = AXIS2_PLACEMENT_3D ( 'NONE', #10544, #6493, #8753 ) ;
#7800 = DIRECTION ( 'NONE',  ( -1.000000000000000000, -0.000000000000000000, -0.000000000000000000 ) ) ;
#7801 = CARTESIAN_POINT ( 'NONE',  ( 5.000000000000005329, 97.77485216734963558, 100.2001910360101817 ) ) ;
#7802 = EDGE_CURVE ( 'NONE', #1797, #897, #7299, .T. ) ;
#7803 = FACE_OUTER_BOUND ( 'NONE', #4302, .T. ) ;
#7804 = DIRECTION ( 'NONE',  ( 0.000000000000000000, -0.1442331847429578762, 0.9895437273910151488 ) ) ;
#7805 = ORIENTED_EDGE ( 'NONE', *, *, #6270, .F. ) ;
#7806 = DIRECTION ( 'NONE',  ( -1.000000000000000000, 0.000000000000000000, 0.000000000000000000 ) ) ;
#7807 = CARTESIAN_POINT ( 'NONE',  ( -4.999999999999993783, -141.4296642867061848, 96.21594349147515857 ) ) ;
#7808 = ORIENTED_EDGE ( 'NONE', *, *, #5326, .T. ) ;
#7809 = DIRECTION ( 'NONE',  ( -1.000000000000000000, -0.000000000000000000, -0.000000000000000000 ) ) ;
#7810 = PLANE ( 'NONE',  #7470 ) ;
#7811 = AXIS2_PLACEMENT_3D ( 'NONE', #1003, #2033, #12742 ) ;
#7812 = VERTEX_POINT ( 'NONE', #6058 ) ;
#7813 = ADVANCED_FACE ( 'NONE', ( #7012 ), #8966, .F. ) ;
#7814 = CARTESIAN_POINT ( 'NONE',  ( 5.000000000000006217, 65.86485695397730922, -45.40727495051985585 ) ) ;
#7815 = EDGE_CURVE ( 'NONE', #6175, #6342, #6489, .T. ) ;
#7816 = DIRECTION ( 'NONE',  ( -1.000000000000000000, -0.000000000000000000, -0.000000000000000000 ) ) ;
#7817 = PLANE ( 'NONE',  #246 ) ;
#7818 = LINE ( 'NONE', #3002, #8860 ) ;
#7819 = AXIS2_PLACEMENT_3D ( 'NONE', #605, #9700, #6605 ) ;
#7820 = FACE_OUTER_BOUND ( 'NONE', #9953, .T. ) ;
#7821 = DIRECTION ( 'NONE',  ( -1.000000000000000000, 0.000000000000000000, 0.000000000000000000 ) ) ;
#7822 = AXIS2_PLACEMENT_3D ( 'NONE', #2276, #9303, #5374 ) ;
#7823 = EDGE_CURVE ( 'NONE', #2195, #2436, #314, .T. ) ;
#7824 = ORIENTED_EDGE ( 'NONE', *, *, #7237, .T. ) ;
#7825 = EDGE_CURVE ( 'NONE', #11965, #10752, #8965, .T. ) ;
#7826 = ORIENTED_EDGE ( 'NONE', *, *, #6015, .T. ) ;
#7827 = DIRECTION ( 'NONE',  ( -1.000000000000000000, 0.000000000000000000, 0.000000000000000000 ) ) ;
#7828 = CARTESIAN_POINT ( 'NONE',  ( -4.999999999999993783, 149.6241146709421628, -80.37303019083685740 ) ) ;
#7829 = CIRCLE ( 'NONE', #5572, 140.0000000000000000 ) ;
#7830 = PLANE ( 'NONE',  #2095 ) ;
#7831 = VECTOR ( 'NONE', #7353, 1000.000000000000114 ) ;
#7832 = CARTESIAN_POINT ( 'NONE',  ( 5.000000000000006217, -7.553123310770939014, 79.64264139424489031 ) ) ;
#7833 = DIRECTION ( 'NONE',  ( 1.000000000000000000, 0.000000000000000000, 0.000000000000000000 ) ) ;
#7834 = CARTESIAN_POINT ( 'NONE',  ( -4.999999999999993783, 12.61061916935282667, 170.5896538667299183 ) ) ;
#7835 = VERTEX_POINT ( 'NONE', #10885 ) ;
#7836 = DIRECTION ( 'NONE',  ( -1.000000000000000000, 0.000000000000000000, 0.000000000000000000 ) ) ;
#7838 = DIRECTION ( 'NONE',  ( 1.000000000000000000, 0.000000000000000000, 0.000000000000000000 ) ) ;
#7837 = AXIS2_PLACEMENT_3D ( 'NONE', #8861, #3056, #12018 ) ;
#7839 = ORIENTED_EDGE ( 'NONE', *, *, #6644, .T. ) ;
#7840 = EDGE_CURVE ( 'NONE', #5169, #9604, #4230, .T. ) ;
#7841 = CIRCLE ( 'NONE', #5584, 140.0000000000000000 ) ;
#7842 = EDGE_LOOP ( 'NONE', ( #8248, #8088, #9203, #9029 ) ) ;
#7843 = CARTESIAN_POINT ( 'NONE',  ( 18.71844557892314853, 50.05799930757469696, 18.43662279967976048 ) ) ;
#7844 = CIRCLE ( 'NONE', #2700, 140.0000000000000000 ) ;
#7845 = VERTEX_POINT ( 'NONE', #11078 ) ;
#7846 = DIRECTION ( 'NONE',  ( 0.000000000000000000, 0.9290865984476422978, -0.3698622616393698048 ) ) ;
#7847 = ORIENTED_EDGE ( 'NONE', *, *, #5944, .T. ) ;
#7848 = VECTOR ( 'NONE', #2264, 1000.000000000000000 ) ;
#7849 = VECTOR ( 'NONE', #3948, 1000.000000000000114 ) ;
#7850 = AXIS2_PLACEMENT_3D ( 'NONE', #6811, #809, #5661 ) ;
#7851 = CIRCLE ( 'NONE', #3336, 100.0000000000000000 ) ;
#7852 = DIRECTION ( 'NONE',  ( 0.000000000000000000, -0.9919634625682264284, 0.1265246573978956179 ) ) ;
#7853 = ORIENTED_EDGE ( 'NONE', *, *, #9648, .T. ) ;
#7854 = ORIENTED_EDGE ( 'NONE', *, *, #7349, .T. ) ;
#7855 = CARTESIAN_POINT ( 'NONE',  ( 5.000000000000006217, -137.9344628748811488, 24.32078057235014867 ) ) ;
#7856 = ORIENTED_EDGE ( 'NONE', *, *, #3064, .F. ) ;
#7857 = CARTESIAN_POINT ( 'NONE',  ( 5.000000000000006217, 137.9344628748812909, -24.32078057234920365 ) ) ;
#7858 = ORIENTED_EDGE ( 'NONE', *, *, #12318, .F. ) ;
#7859 = CARTESIAN_POINT ( 'NONE',  ( -10.00000000000002309, 0.000000000000000000, 49.99999999999998579 ) ) ;
#7860 = ORIENTED_EDGE ( 'NONE', *, *, #8711, .T. ) ;
#7861 = AXIS2_PLACEMENT_3D ( 'NONE', #9992, #6900, #1267 ) ;
#7862 = ORIENTED_EDGE ( 'NONE', *, *, #6973, .T. ) ;
#7863 = AXIS2_PLACEMENT_3D ( 'NONE', #1577, #4547, #6415 ) ;
#7864 = CIRCLE ( 'NONE', #4996, 140.0000000000000000 ) ;
#7865 = EDGE_CURVE ( 'NONE', #7591, #10615, #6904, .T. ) ;
#7866 = CIRCLE ( 'NONE', #2722, 100.0000000000002132 ) ;
#7867 = LINE ( 'NONE', #2059, #12015 ) ;
#7868 = LINE ( 'NONE', #2239, #9710 ) ;
#7869 = DIRECTION ( 'NONE',  ( 0.000000000000000000, -0.6427876096865300370, 0.7660444431189857850 ) ) ;
#7870 = CIRCLE ( 'NONE', #1085, 140.0000000000000000 ) ;
#7871 = VECTOR ( 'NONE', #8836, 1000.000000000000114 ) ;
#7872 = VECTOR ( 'NONE', #3003, 1000.000000000000000 ) ;
#7873 = CIRCLE ( 'NONE', #5837, 140.0000000000000000 ) ;
#7874 = AXIS2_PLACEMENT_3D ( 'NONE', #3158, #12100, #3273 ) ;
#7875 = DIRECTION ( 'NONE',  ( -1.000000000000000000, -0.000000000000000000, -0.000000000000000000 ) ) ;
#7876 = ORIENTED_EDGE ( 'NONE', *, *, #11373, .T. ) ;
#7877 = CARTESIAN_POINT ( 'NONE',  ( 5.000000000000004441, 0.000000000000000000, 0.000000000000000000 ) ) ;
#7878 = CIRCLE ( 'NONE', #5607, 100.0000000000001990 ) ;
#7879 = DIRECTION ( 'NONE',  ( 0.000000000000000000, 0.000000000000000000, 1.000000000000000000 ) ) ;
#7880 = EDGE_LOOP ( 'NONE', ( #387, #8180, #10631, #9066, #8090, #5453 ) ) ;
#7881 = EDGE_CURVE ( 'NONE', #5911, #2730, #10396, .T. ) ;
#7882 = DIRECTION ( 'NONE',  ( -1.000000000000000000, 0.000000000000000000, -0.000000000000000000 ) ) ;
#7883 = AXIS2_PLACEMENT_3D ( 'NONE', #988, #6014, #4928 ) ;
#7884 = CIRCLE ( 'NONE', #11994, 140.0000000000000000 ) ;
#7885 = DIRECTION ( 'NONE',  ( -1.000000000000000000, -0.000000000000000000, -0.000000000000000000 ) ) ;
#7886 = AXIS2_PLACEMENT_3D ( 'NONE', #5942, #2913, #5999 ) ;
#7887 = EDGE_LOOP ( 'NONE', ( #10385, #7559, #6324 ) ) ;
#7888 = VECTOR ( 'NONE', #11070, 1000.000000000000000 ) ;
#7889 = CARTESIAN_POINT ( 'NONE',  ( 18.91511914005975825, -50.87096919452441313, 15.26289830781780132 ) ) ;
#7890 = DIRECTION ( 'NONE',  ( -0.000000000000000000, 1.000000000000000000, 1.224646799147353207E-16 ) ) ;
#7891 = CIRCLE ( 'NONE', #2137, 49.99999999999998579 ) ;
#7892 = FACE_OUTER_BOUND ( 'NONE', #4498, .T. ) ;
#7893 = VECTOR ( 'NONE', #9741, 1000.000000000000114 ) ;
#7894 = DIRECTION ( 'NONE',  ( -1.000000000000000000, -0.000000000000000000, -0.000000000000000000 ) ) ;
#7895 = DIRECTION ( 'NONE',  ( 0.000000000000000000, 0.000000000000000000, 1.000000000000000000 ) ) ;
#7896 = CARTESIAN_POINT ( 'NONE',  ( 5.000000000000006217, 140.0621876725833772, 0.0007748487318643802616 ) ) ;
#7897 = VECTOR ( 'NONE', #2420, 999.9999999999998863 ) ;
#7898 = VERTEX_POINT ( 'NONE', #6501 ) ;
#7899 = ADVANCED_FACE ( 'NONE', ( #9451 ), #4443, .F. ) ;
#7900 = ORIENTED_EDGE ( 'NONE', *, *, #2079, .T. ) ;
#7901 = CARTESIAN_POINT ( 'NONE',  ( -4.999999999999993783, -24.35148223580090132, -168.0898717532972171 ) ) ;
#7902 = DIRECTION ( 'NONE',  ( -1.000000000000000000, 0.000000000000000000, -0.000000000000000000 ) ) ;
#7903 = AXIS2_PLACEMENT_3D ( 'NONE', #7721, #11397, #11657 ) ;
#7904 = AXIS2_PLACEMENT_3D ( 'NONE', #4039, #9969, #7060 ) ;
#7905 = CYLINDRICAL_SURFACE ( 'NONE', #6020, 54.99999999999999289 ) ;
#7906 = ADVANCED_FACE ( 'NONE', ( #3405 ), #8364, .T. ) ;
#7907 = EDGE_CURVE ( 'NONE', #658, #4051, #5516, .T. ) ;
#7908 = CARTESIAN_POINT ( 'NONE',  ( 16.71828288876557167, 28.51833393981812037, -46.67965113986812042 ) ) ;
#7909 = LINE ( 'NONE', #1143, #1631 ) ;
#7910 = CARTESIAN_POINT ( 'NONE',  ( -4.999999999999993783, 61.24334482836764693, 51.47089191217038007 ) ) ;
#7911 = VERTEX_POINT ( 'NONE', #2490 ) ;
#7912 = DIRECTION ( 'NONE',  ( 0.000000000000000000, 0.000000000000000000, -1.000000000000000000 ) ) ;
#7913 = CIRCLE ( 'NONE', #8125, 140.0000000000000000 ) ;
#7914 = FACE_OUTER_BOUND ( 'NONE', #9706, .T. ) ;
#7915 = ORIENTED_EDGE ( 'NONE', *, *, #11190, .F. ) ;
#7916 = EDGE_LOOP ( 'NONE', ( #3672, #1694, #2624 ) ) ;
#7917 = DIRECTION ( 'NONE',  ( 1.000000000000000000, 0.000000000000000000, 0.000000000000000000 ) ) ;
#7918 = ORIENTED_EDGE ( 'NONE', *, *, #7557, .F. ) ;
#7919 = CARTESIAN_POINT ( 'NONE',  ( 5.000000000000006217, -119.3132105852211708, -122.5733066456633935 ) ) ;
#7920 = ORIENTED_EDGE ( 'NONE', *, *, #10900, .F. ) ;
#7921 = AXIS2_PLACEMENT_3D ( 'NONE', #7091, #7923, #11907 ) ;
#7922 = ADVANCED_FACE ( 'NONE', ( #9341 ), #11268, .F. ) ;
#7923 = DIRECTION ( 'NONE',  ( -1.000000000000000000, 0.000000000000000000, 0.000000000000000000 ) ) ;
#7924 = DIRECTION ( 'NONE',  ( -1.000000000000000000, -0.000000000000000000, -0.000000000000000000 ) ) ;
#7925 = VERTEX_POINT ( 'NONE', #3461 ) ;
#7926 = DIRECTION ( 'NONE',  ( -1.000000000000000000, 0.000000000000000000, 0.000000000000000000 ) ) ;
#7927 = VERTEX_POINT ( 'NONE', #11321 ) ;
#7928 = DIRECTION ( 'NONE',  ( 0.000000000000000000, 0.000000000000000000, 1.000000000000000000 ) ) ;
#7929 = VERTEX_POINT ( 'NONE', #5472 ) ;
#7930 = CARTESIAN_POINT ( 'NONE',  ( -5.025828699911925490, 35.26711513754879945, -41.54101966249653799 ) ) ;
#7931 = CIRCLE ( 'NONE', #5073, 6.999999999999999112 ) ;
#7932 = ORIENTED_EDGE ( 'NONE', *, *, #6877, .T. ) ;
#7933 = ORIENTED_EDGE ( 'NONE', *, *, #10427, .T. ) ;
#7934 = CARTESIAN_POINT ( 'NONE',  ( -35.00000000000000000, 4.286263797015734919E-15, -34.99999999999999289 ) ) ;
#7935 = ADVANCED_FACE ( 'NONE', ( #6435 ), #10183, .F. ) ;
#7936 = DIRECTION ( 'NONE',  ( 0.000000000000000000, -0.9791975930924242677, 0.2029090280938803392 ) ) ;
#7938 = DIRECTION ( 'NONE',  ( 0.000000000000000000, 0.000000000000000000, 1.000000000000000000 ) ) ;
#7937 = AXIS2_PLACEMENT_3D ( 'NONE', #1423, #5185, #3435 ) ;
#7940 = EDGE_CURVE ( 'NONE', #4726, #1243, #9398, .T. ) ;
#7939 = ORIENTED_EDGE ( 'NONE', *, *, #2797, .T. ) ;
#7941 = CARTESIAN_POINT ( 'NONE',  ( 5.000000000000006217, -13.95342753719890716, 78.77373839018187596 ) ) ;
#7942 = EDGE_LOOP ( 'NONE', ( #11125, #234, #9157 ) ) ;
#7943 = DIRECTION ( 'NONE',  ( 0.000000000000000000, 0.000000000000000000, 1.000000000000000000 ) ) ;
#7944 = LINE ( 'NONE', #4026, #9272 ) ;
#7945 = ORIENTED_EDGE ( 'NONE', *, *, #178, .F. ) ;
#7946 = CARTESIAN_POINT ( 'NONE',  ( 20.00000000000000355, 0.000000000000000000, 0.000000000000000000 ) ) ;
#7947 = CARTESIAN_POINT ( 'NONE',  ( -5.000000000000004441, 0.000000000000000000, 0.000000000000000000 ) ) ;
#7948 = ORIENTED_EDGE ( 'NONE', *, *, #12272, .F. ) ;
#7949 = EDGE_CURVE ( 'NONE', #5046, #10820, #7108, .T. ) ;
#7950 = CARTESIAN_POINT ( 'NONE',  ( 18.24671057677521802, -50.13192319800689489, 19.54995979822903251 ) ) ;
#7951 = EDGE_CURVE ( 'NONE', #10405, #10933, #12350, .T. ) ;
#7952 = DIRECTION ( 'NONE',  ( -1.000000000000000000, -0.000000000000000000, -0.000000000000000000 ) ) ;
#7953 = DIRECTION ( 'NONE',  ( 0.000000000000000000, 0.000000000000000000, 1.000000000000000000 ) ) ;
#7954 = CARTESIAN_POINT ( 'NONE',  ( -4.999999999999993783, -79.74427681403238921, 6.391425146786776423 ) ) ;
#7955 = CARTESIAN_POINT ( 'NONE',  ( 5.000000000000006217, -74.37371037525457496, 154.0402834560586882 ) ) ;
#7956 = CARTESIAN_POINT ( 'NONE',  ( 5.000000000000004441, 0.000000000000000000, 0.000000000000000000 ) ) ;
#7957 = VERTEX_POINT ( 'NONE', #10425 ) ;
#7958 = ORIENTED_EDGE ( 'NONE', *, *, #8967, .F. ) ;
#7959 = DIRECTION ( 'NONE',  ( 0.000000000000000000, 0.7660444431189749048, -0.6427876096865430267 ) ) ;
#7960 = PLANE ( 'NONE',  #4166 ) ;
#7961 = CARTESIAN_POINT ( 'NONE',  ( -4.999999999999993783, -72.74911232729571964, 33.28012403207824832 ) ) ;
#7962 = EDGE_CURVE ( 'NONE', #6345, #7790, #371, .T. ) ;
#7963 = CARTESIAN_POINT ( 'NONE',  ( 4.999999999999999112, -45.40727495052006901, -65.86485695397718132 ) ) ;
#7964 = DIRECTION ( 'NONE',  ( 1.000000000000000000, 0.000000000000000000, 0.000000000000000000 ) ) ;
#7965 = LINE ( 'NONE', #229, #3134 ) ;
#7966 = VERTEX_POINT ( 'NONE', #8224 ) ;
#7967 = DIRECTION ( 'NONE',  ( 0.000000000000000000, 0.000000000000000000, 1.000000000000000000 ) ) ;
#7968 = DIRECTION ( 'NONE',  ( 0.000000000000000000, -0.7660444431189836756, -0.6427876096865327016 ) ) ;
#7969 = ORIENTED_EDGE ( 'NONE', *, *, #12590, .T. ) ;
#7970 = ORIENTED_EDGE ( 'NONE', *, *, #5149, .T. ) ;
#7971 = CARTESIAN_POINT ( 'NONE',  ( 4.999999999999999112, -79.64264139424493294, -7.553123310771185039 ) ) ;
#7972 = ORIENTED_EDGE ( 'NONE', *, *, #7125, .T. ) ;
#7973 = DIRECTION ( 'NONE',  ( -1.000000000000000000, 0.000000000000000000, -0.000000000000000000 ) ) ;
#7974 = EDGE_CURVE ( 'NONE', #4403, #8807, #11425, .T. ) ;
#7975 = ORIENTED_EDGE ( 'NONE', *, *, #382, .T. ) ;
#7976 = EDGE_CURVE ( 'NONE', #12688, #2467, #5886, .T. ) ;
#7977 = EDGE_CURVE ( 'NONE', #12764, #9025, #8335, .T. ) ;
#7978 = CARTESIAN_POINT ( 'NONE',  ( 5.000000000000006217, 138.7852061507327335, 99.99262110727862307 ) ) ;
#7979 = CARTESIAN_POINT ( 'NONE',  ( 5.000000000000006217, -170.1878247496343022, -17.20354699452759917 ) ) ;
#7980 = ORIENTED_EDGE ( 'NONE', *, *, #4427, .T. ) ;
#7981 = DIRECTION ( 'NONE',  ( 0.000000000000000000, -0.7345453337178000641, -0.6785596161822524675 ) ) ;
#7982 = EDGE_CURVE ( 'NONE', #1615, #8493, #12482, .T. ) ;
#7983 = ORIENTED_EDGE ( 'NONE', *, *, #8985, .T. ) ;
#7984 = DIRECTION ( 'NONE',  ( 0.000000000000000000, 0.000000000000000000, 1.000000000000000000 ) ) ;
#7985 = ORIENTED_EDGE ( 'NONE', *, *, #3586, .T. ) ;
#7986 = DIRECTION ( 'NONE',  ( 1.000000000000000000, 0.000000000000000000, 0.000000000000000000 ) ) ;
#7987 = ORIENTED_EDGE ( 'NONE', *, *, #2696, .F. ) ;
#7988 = EDGE_CURVE ( 'NONE', #7128, #3324, #9994, .T. ) ;
#7989 = VERTEX_POINT ( 'NONE', #950 ) ;
#7990 = ADVANCED_FACE ( 'NONE', ( #12619 ), #5663, .F. ) ;
#7991 = CARTESIAN_POINT ( 'NONE',  ( -34.99999999999996447, 0.000000000000000000, 0.000000000000000000 ) ) ;
#7992 = PLANE ( 'NONE',  #298 ) ;
#7993 = ORIENTED_EDGE ( 'NONE', *, *, #8034, .F. ) ;
#7994 = CARTESIAN_POINT ( 'NONE',  ( 59.79898987322338400, 0.000000000000000000, 60.00000000000000000 ) ) ;
#7995 = ORIENTED_EDGE ( 'NONE', *, *, #3579, .T. ) ;
#7996 = CARTESIAN_POINT ( 'NONE',  ( -5.325728186664410835, 1.703017519537485258, 53.19667338838026183 ) ) ;
#7997 = CARTESIAN_POINT ( 'NONE',  ( -18.00000000000000000, 0.000000000000000000, 0.000000000000000000 ) ) ;
#7998 = AXIS2_PLACEMENT_3D ( 'NONE', #3609, #11714, #7589 ) ;
#7999 = DIRECTION ( 'NONE',  ( 0.000000000000000000, 0.9791975930924249338, -0.2029090280938773416 ) ) ;
#8000 = ORIENTED_EDGE ( 'NONE', *, *, #6203, .F. ) ;
#8001 = EDGE_CURVE ( 'NONE', #7620, #697, #12684, .T. ) ;
#8002 = DIRECTION ( 'NONE',  ( 0.000000000000000000, -0.7660444431189835646, -0.6427876096865328126 ) ) ;
#8003 = DIRECTION ( 'NONE',  ( -1.000000000000000000, -0.000000000000000000, -0.000000000000000000 ) ) ;
#8004 = ORIENTED_EDGE ( 'NONE', *, *, #12277, .T. ) ;
#8005 = CARTESIAN_POINT ( 'NONE',  ( 19.00005489421613802, -50.49875171122275219, 16.09221679586607934 ) ) ;
#8006 = FACE_OUTER_BOUND ( 'NONE', #7268, .T. ) ;
#8007 = DIRECTION ( 'NONE',  ( 0.000000000000000000, 0.9848077530122085754, 0.1736481776669273891 ) ) ;
#8008 = DIRECTION ( 'NONE',  ( 0.000000000000000000, -0.6427876096865456912, -0.7660444431189725734 ) ) ;
#8009 = DIRECTION ( 'NONE',  ( 0.000000000000000000, -0.9848077530122063550, 0.1736481776669404620 ) ) ;
#8010 = DIRECTION ( 'NONE',  ( -1.000000000000000000, -0.000000000000000000, -0.000000000000000000 ) ) ;
#8011 = ORIENTED_EDGE ( 'NONE', *, *, #5006, .T. ) ;
#8012 = EDGE_CURVE ( 'NONE', #6462, #89, #4023, .T. ) ;
#8013 = CIRCLE ( 'NONE', #7200, 140.0000000000000000 ) ;
#8014 = ORIENTED_EDGE ( 'NONE', *, *, #11891, .T. ) ;
#8015 = LINE ( 'NONE', #4942, #6224 ) ;
#8016 = ORIENTED_EDGE ( 'NONE', *, *, #3980, .T. ) ;
#8017 = EDGE_CURVE ( 'NONE', #5931, #4070, #3854, .T. ) ;
#8018 = CYLINDRICAL_SURFACE ( 'NONE', #1903, 100.0000000000001990 ) ;
#8019 = EDGE_CURVE ( 'NONE', #727, #658, #11223, .T. ) ;
#8020 = DIRECTION ( 'NONE',  ( 0.000000000000000000, 0.000000000000000000, 1.000000000000000000 ) ) ;
#8021 = AXIS2_PLACEMENT_3D ( 'NONE', #5070, #5846, #8998 ) ;
#8022 = CARTESIAN_POINT ( 'NONE',  ( 18.71513362257616464, 33.00717317092360759, -41.91130012029909579 ) ) ;
#8023 = PLANE ( 'NONE',  #9463 ) ;
#8024 = DIRECTION ( 'NONE',  ( -1.000000000000000000, -0.000000000000000000, -0.000000000000000000 ) ) ;
#8025 = VERTEX_POINT ( 'NONE', #755 ) ;
#8026 = DIRECTION ( 'NONE',  ( 0.000000000000000000, -0.4999999999999888978, 0.8660254037844450359 ) ) ;
#8027 = CARTESIAN_POINT ( 'NONE',  ( 5.000000000000004441, 0.000000000000000000, 0.000000000000000000 ) ) ;
#8028 = VERTEX_POINT ( 'NONE', #5587 ) ;
#8029 = ORIENTED_EDGE ( 'NONE', *, *, #9174, .F. ) ;
#8030 = CARTESIAN_POINT ( 'NONE',  ( 5.000000000000004441, 0.000000000000000000, 0.000000000000000000 ) ) ;
#8031 = ORIENTED_EDGE ( 'NONE', *, *, #8465, .F. ) ;
#8032 = DIRECTION ( 'NONE',  ( -1.000000000000000000, -0.000000000000000000, -0.000000000000000000 ) ) ;
#8033 = CIRCLE ( 'NONE', #4542, 140.0000000000000000 ) ;
#8034 = EDGE_CURVE ( 'NONE', #6401, #6368, #12667, .T. ) ;
#8035 = AXIS2_PLACEMENT_3D ( 'NONE', #3834, #5635, #9567 ) ;
#8036 = CARTESIAN_POINT ( 'NONE',  ( -5.000000000000004441, 0.000000000000000000, 0.000000000000000000 ) ) ;
#8037 = AXIS2_PLACEMENT_3D ( 'NONE', #3176, #7110, #2202 ) ;
#8038 = DIRECTION ( 'NONE',  ( 0.000000000000000000, 0.000000000000000000, 1.000000000000000000 ) ) ;
#8039 = ORIENTED_EDGE ( 'NONE', *, *, #4177, .T. ) ;
#8040 = CARTESIAN_POINT ( 'NONE',  ( -40.00000000000000000, 35.26711513754881366, -48.54101966249653799 ) ) ;
#8041 = VECTOR ( 'NONE', #10315, 1000.000000000000000 ) ;
#8042 = EDGE_LOOP ( 'NONE', ( #12707, #11206, #902 ) ) ;
#8043 = CARTESIAN_POINT ( 'NONE',  ( -5.000000000000004441, 0.000000000000000000, 0.000000000000000000 ) ) ;
#8044 = VERTEX_POINT ( 'NONE', #813 ) ;
#8045 = DIRECTION ( 'NONE',  ( 0.000000000000000000, 0.3698622616393602569, 0.9290865984476459616 ) ) ;
#8046 = ORIENTED_EDGE ( 'NONE', *, *, #3455, .T. ) ;
#8047 = ORIENTED_EDGE ( 'NONE', *, *, #5175, .F. ) ;
#8048 = EDGE_CURVE ( 'NONE', #3070, #8357, #7525, .T. ) ;
#8049 = CIRCLE ( 'NONE', #5393, 7.000000000000006217 ) ;
#8050 = VECTOR ( 'NONE', #11679, 1000.000000000000000 ) ;
#8051 = CIRCLE ( 'NONE', #11545, 140.0000000000000000 ) ;
#8052 = DIRECTION ( 'NONE',  ( 0.000000000000000000, 0.4999999999999949485, -0.8660254037844415942 ) ) ;
#8053 = DIRECTION ( 'NONE',  ( 0.000000000000000000, 0.000000000000000000, 1.000000000000000000 ) ) ;
#8054 = EDGE_CURVE ( 'NONE', #2065, #3343, #10622, .T. ) ;
#8055 = EDGE_CURVE ( 'NONE', #3197, #11272, #7045, .T. ) ;
#8056 = ORIENTED_EDGE ( 'NONE', *, *, #1725, .F. ) ;
#8057 = CYLINDRICAL_SURFACE ( 'NONE', #4983, 100.0000000000000000 ) ;
#8058 = CIRCLE ( 'NONE', #3132, 100.0000000000002132 ) ;
#8059 = CIRCLE ( 'NONE', #12174, 29.99999999999999289 ) ;
#8060 = EDGE_LOOP ( 'NONE', ( #1593, #1074, #2844, #12060, #2439, #2693 ) ) ;
#8061 = CARTESIAN_POINT ( 'NONE',  ( 59.79898987322338400, -35.26711513754810312, -48.54101966249704958 ) ) ;
#8062 = AXIS2_PLACEMENT_3D ( 'NONE', #6117, #7146, #6172 ) ;
#8063 = PLANE ( 'NONE',  #10511 ) ;
#8064 = CARTESIAN_POINT ( 'NONE',  ( -4.999999999999993783, -138.7852061507327335, -99.99262110727862307 ) ) ;
#8065 = CIRCLE ( 'NONE', #1896, 140.0000000000000000 ) ;
#8066 = ORIENTED_EDGE ( 'NONE', *, *, #9803, .F. ) ;
#8067 = CARTESIAN_POINT ( 'NONE',  ( 5.000000000000006217, 70.03042279760722977, 121.2978000584459721 ) ) ;
#8068 = CARTESIAN_POINT ( 'NONE',  ( -4.999999999999990230, 36.00180665649987333, -41.57968154601481103 ) ) ;
#8069 = ORIENTED_EDGE ( 'NONE', *, *, #11890, .F. ) ;
#8070 = EDGE_CURVE ( 'NONE', #4618, #8820, #5664, .T. ) ;
#8071 = VECTOR ( 'NONE', #1991, 1000.000000000000000 ) ;
#8072 = AXIS2_PLACEMENT_3D ( 'NONE', #1669, #5619, #4656 ) ;
#8073 = CIRCLE ( 'NONE', #5207, 100.0000000000000142 ) ;
#8074 = AXIS2_PLACEMENT_3D ( 'NONE', #11751, #1895, #8658 ) ;
#8075 = CARTESIAN_POINT ( 'NONE',  ( 5.000000000000006217, 137.9344628748812909, -24.32078057234920365 ) ) ;
#8076 = VECTOR ( 'NONE', #12016, 1000.000000000000000 ) ;
#8077 = CIRCLE ( 'NONE', #4764, 140.0000000000000000 ) ;
#8078 = EDGE_CURVE ( 'NONE', #2217, #1037, #227, .T. ) ;
#8079 = PLANE ( 'NONE',  #7524 ) ;
#8080 = LINE ( 'NONE', #3298, #8076 ) ;
#8081 = CARTESIAN_POINT ( 'NONE',  ( -4.999999999999993783, -96.21594349147476066, -141.4296642867064975 ) ) ;
#8082 = PLANE ( 'NONE',  #10935 ) ;
#8083 = DIRECTION ( 'NONE',  ( -1.000000000000000000, -0.000000000000000000, -0.000000000000000000 ) ) ;
#8084 = AXIS2_PLACEMENT_3D ( 'NONE', #7828, #8092, #10869 ) ;
#8085 = CIRCLE ( 'NONE', #11182, 140.0000000000000000 ) ;
#8086 = ORIENTED_EDGE ( 'NONE', *, *, #342, .F. ) ;
#8087 = CIRCLE ( 'NONE', #8914, 7.000000000000013323 ) ;
#8088 = ORIENTED_EDGE ( 'NONE', *, *, #4153, .F. ) ;
#8089 = CYLINDRICAL_SURFACE ( 'NONE', #10546, 54.99999999999999289 ) ;
#8090 = ORIENTED_EDGE ( 'NONE', *, *, #11224, .F. ) ;
#8091 = AXIS2_PLACEMENT_3D ( 'NONE', #9998, #5808, #11859 ) ;
#8092 = DIRECTION ( 'NONE',  ( 1.000000000000000000, 0.000000000000000000, 0.000000000000000000 ) ) ;
#8093 = AXIS2_PLACEMENT_3D ( 'NONE', #664, #4535, #6536 ) ;
#8094 = DIRECTION ( 'NONE',  ( 0.000000000000000000, 0.9223278869090069110, 0.3864081637724107732 ) ) ;
#8095 = VECTOR ( 'NONE', #8536, 1000.000000000000000 ) ;
#8096 = CIRCLE ( 'NONE', #8505, 80.00000000000000000 ) ;
#8097 = CARTESIAN_POINT ( 'NONE',  ( 18.98215899015576014, 31.64808847528363600, -42.54379414011523153 ) ) ;
#8098 = CARTESIAN_POINT ( 'NONE',  ( -4.999999999999993783, -0.06252750026095044156, 79.99997556444867541 ) ) ;
#8099 = EDGE_CURVE ( 'NONE', #5873, #8290, #9007, .T. ) ;
#8100 = DIRECTION ( 'NONE',  ( 0.000000000000000000, 0.6427876096865404731, 0.7660444431189770143 ) ) ;
#8101 = DIRECTION ( 'NONE',  ( -1.000000000000000000, -0.000000000000000000, -0.000000000000000000 ) ) ;
#8102 = DIRECTION ( 'NONE',  ( 0.000000000000000000, 0.000000000000000000, 1.000000000000000000 ) ) ;
#8103 = ORIENTED_EDGE ( 'NONE', *, *, #10831, .F. ) ;
#8104 = ORIENTED_EDGE ( 'NONE', *, *, #9267, .F. ) ;
#8105 = DIRECTION ( 'NONE',  ( -1.000000000000000000, -0.000000000000000000, -0.000000000000000000 ) ) ;
#8106 = AXIS2_PLACEMENT_3D ( 'NONE', #5050, #12488, #6505 ) ;
#8107 = ORIENTED_EDGE ( 'NONE', *, *, #1967, .F. ) ;
#8108 = FACE_OUTER_BOUND ( 'NONE', #5089, .T. ) ;
#8109 = DIRECTION ( 'NONE',  ( 0.000000000000000000, 0.000000000000000000, 1.000000000000000000 ) ) ;
#8110 = ADVANCED_FACE ( 'NONE', ( #1254 ), #9844, .F. ) ;
#8111 = CARTESIAN_POINT ( 'NONE',  ( 5.000000000000006217, 141.4296642867068385, -96.21594349147424907 ) ) ;
#8112 = CIRCLE ( 'NONE', #11205, 100.0000000000001847 ) ;
#8113 = ADVANCED_FACE ( 'NONE', ( #8871 ), #3066, .F. ) ;
#8114 = DIRECTION ( 'NONE',  ( 0.000000000000000000, -1.000000000000000000, 0.000000000000000000 ) ) ;
#8115 = EDGE_CURVE ( 'NONE', #5108, #12727, #11662, .T. ) ;
#8116 = ORIENTED_EDGE ( 'NONE', *, *, #1840, .F. ) ;
#8118 = DIRECTION ( 'NONE',  ( -1.000000000000000000, -0.000000000000000000, -0.000000000000000000 ) ) ;
#8117 = PRODUCT_DEFINITION_FORMATION_WITH_SPECIFIED_SOURCE ( 'ANY', '', #10323, .NOT_KNOWN. ) ;
#8119 = ORIENTED_EDGE ( 'NONE', *, *, #8563, .T. ) ;
#8120 = CARTESIAN_POINT ( 'NONE',  ( 18.91480207082920018, 1.205793035375436473, 53.09801404888976606 ) ) ;
#8121 = ORIENTED_EDGE ( 'NONE', *, *, #5628, .T. ) ;
#8122 = CARTESIAN_POINT ( 'NONE',  ( -4.999999999999993783, 74.37371037525558393, -154.0402834560582050 ) ) ;
#8123 = VERTEX_POINT ( 'NONE', #2099 ) ;
#8124 = VERTEX_POINT ( 'NONE', #7963 ) ;
#8125 = AXIS2_PLACEMENT_3D ( 'NONE', #11280, #6323, #8320 ) ;
#8126 = CARTESIAN_POINT ( 'NONE',  ( -4.999999999999774403, -50.66979716487418273, 21.39092460064475532 ) ) ;
#8127 = DIRECTION ( 'NONE',  ( 0.000000000000000000, 0.000000000000000000, 1.000000000000000000 ) ) ;
#8128 = ORIENTED_EDGE ( 'NONE', *, *, #6015, .F. ) ;
#8129 = EDGE_CURVE ( 'NONE', #7911, #2499, #3612, .T. ) ;
#8130 = DIRECTION ( 'NONE',  ( 0.000000000000000000, 0.1736481776669241417, -0.9848077530122090195 ) ) ;
#8131 = VECTOR ( 'NONE', #8209, 1000.000000000000000 ) ;
#8132 = VERTEX_POINT ( 'NONE', #7075 ) ;
#8133 = CARTESIAN_POINT ( 'NONE',  ( 4.999999999999999112, -56.97933123133745426, 56.15474879678063047 ) ) ;
#8134 = CARTESIAN_POINT ( 'NONE',  ( 5.000000000000006217, -137.9341937727409118, -24.32230672642538138 ) ) ;
#8135 = VERTEX_POINT ( 'NONE', #5969 ) ;
#8136 = DIRECTION ( 'NONE',  ( 0.000000000000000000, 0.000000000000000000, 1.000000000000000000 ) ) ;
#8137 = CARTESIAN_POINT ( 'NONE',  ( -4.999999999999993783, -74.37371037525457496, 154.0402834560586882 ) ) ;
#8138 = ADVANCED_FACE ( 'NONE', ( #1192 ), #8950, .F. ) ;
#8139 = AXIS2_PLACEMENT_3D ( 'NONE', #2019, #936, #10860 ) ;
#8140 = DIRECTION ( 'NONE',  ( -1.000000000000000000, 0.000000000000000000, -0.000000000000000000 ) ) ;
#8141 = DIRECTION ( 'NONE',  ( 0.000000000000000000, -0.5406983122834214672, 0.8412165803726526780 ) ) ;
#8142 = EDGE_CURVE ( 'NONE', #6966, #10489, #8537, .T. ) ;
#8143 = DIRECTION ( 'NONE',  ( 0.000000000000000000, -0.7660444431189706860, 0.6427876096865481337 ) ) ;
#8144 = EDGE_CURVE ( 'NONE', #10884, #6315, #1575, .T. ) ;
#8145 = DIRECTION ( 'NONE',  ( -0.000000000000000000, 0.000000000000000000, 1.000000000000000000 ) ) ;
#8146 = DIRECTION ( 'NONE',  ( 0.000000000000000000, -0.9995561643689829801, 0.02979050640668165148 ) ) ;
#8147 = DIRECTION ( 'NONE',  ( 0.000000000000000000, -0.6427876096865456912, -0.7660444431189727954 ) ) ;
#8148 = CARTESIAN_POINT ( 'NONE',  ( 5.000000000000004441, -53.56599702107438077, 12.47733798284914464 ) ) ;
#8149 = EDGE_CURVE ( 'NONE', #4618, #9597, #12141, .T. ) ;
#8150 = AXIS2_PLACEMENT_3D ( 'NONE', #11103, #12266, #2212 ) ;
#8151 = ORIENTED_EDGE ( 'NONE', *, *, #9058, .F. ) ;
#8152 = VERTEX_POINT ( 'NONE', #7322 ) ;
#8153 = PLANE ( 'NONE',  #7055 ) ;
#8154 = ORIENTED_EDGE ( 'NONE', *, *, #7313, .F. ) ;
#8155 = CARTESIAN_POINT ( 'NONE',  ( -40.00000000000000000, -57.06339097770928248, 11.54101966249669786 ) ) ;
#8156 = EDGE_CURVE ( 'NONE', #7673, #8044, #11633, .T. ) ;
#8157 = DIRECTION ( 'NONE',  ( 1.000000000000000000, 0.000000000000000000, 0.000000000000000000 ) ) ;
#8158 = CARTESIAN_POINT ( 'NONE',  ( 5.000000000000006217, 24.35148223580200977, 168.0898717532970466 ) ) ;
#8159 = CARTESIAN_POINT ( 'NONE',  ( 5.000000000000006217, -99.99262110727715935, 138.7852061507337851 ) ) ;
#8160 = DIRECTION ( 'NONE',  ( 0.000000000000000000, 0.3420201433256629397, -0.9396926207859104263 ) ) ;
#8161 = DIRECTION ( 'NONE',  ( 0.000000000000000000, 0.2968551111398125553, 0.9549225324549471816 ) ) ;
#8162 = DIRECTION ( 'NONE',  ( 0.000000000000000000, 0.7465554768956782494, -0.6653231695327214146 ) ) ;
#8163 = DIRECTION ( 'NONE',  ( -1.000000000000000000, 0.000000000000000000, 0.000000000000000000 ) ) ;
#8164 = ORIENTED_EDGE ( 'NONE', *, *, #9478, .T. ) ;
#8165 = ORIENTED_EDGE ( 'NONE', *, *, #11415, .F. ) ;
#8166 = CARTESIAN_POINT ( 'NONE',  ( 16.87990284805655961, 35.50499451594996714, -41.54101966249644562 ) ) ;
#8167 = EDGE_LOOP ( 'NONE', ( #7750, #4577, #2540 ) ) ;
#8168 = CARTESIAN_POINT ( 'NONE',  ( 13.00000000000000178, 140.0000000000000000, 0.000000000000000000 ) ) ;
#8169 = EDGE_CURVE ( 'NONE', #1927, #5152, #10195, .T. ) ;
#8170 = DIRECTION ( 'NONE',  ( 0.000000000000000000, -0.3420201433256568335, 0.9396926207859126468 ) ) ;
#8171 = PLANE ( 'NONE',  #7102 ) ;
#8172 = CARTESIAN_POINT ( 'NONE',  ( -5.000000000000004441, 0.000000000000000000, 0.000000000000000000 ) ) ;
#8173 = EDGE_LOOP ( 'NONE', ( #2888, #7826, #2046, #5534, #12047, #12038, #9458, #5521, #10449, #4984, #2190, #10317, #6564, #662, #702, #1, #3974 ) ) ;
#8174 = DIRECTION ( 'NONE',  ( -1.000000000000000000, -0.000000000000000000, -0.000000000000000000 ) ) ;
#8175 = VERTEX_POINT ( 'NONE', #5515 ) ;
#8176 = DIRECTION ( 'NONE',  ( 0.000000000000000000, 0.000000000000000000, 1.000000000000000000 ) ) ;
#8177 = EDGE_LOOP ( 'NONE', ( #10683, #8269, #10407 ) ) ;
#8178 = CARTESIAN_POINT ( 'NONE',  ( 18.95266629509692891, -30.44551175620905070, -43.46011093445473961 ) ) ;
#8179 = ORIENTED_EDGE ( 'NONE', *, *, #10107, .T. ) ;
#8180 = ORIENTED_EDGE ( 'NONE', *, *, #5289, .T. ) ;
#8181 = ADVANCED_FACE ( 'NONE', ( #301 ), #548, .T. ) ;
#8182 = DIRECTION ( 'NONE',  ( -1.000000000000000000, -0.000000000000000000, -0.000000000000000000 ) ) ;
#8183 = CARTESIAN_POINT ( 'NONE',  ( -87.20833333333341386, 0.000000000000000000, 0.000000000000000000 ) ) ;
#8184 = ORIENTED_EDGE ( 'NONE', *, *, #4072, .F. ) ;
#8185 = CARTESIAN_POINT ( 'NONE',  ( 59.79898987322338400, 57.06339097770900537, 18.54101966249749367 ) ) ;
#8186 = ORIENTED_EDGE ( 'NONE', *, *, #8885, .T. ) ;
#8187 = CARTESIAN_POINT ( 'NONE',  ( -4.999999999999993783, -105.1339381126578445, -33.39435793932296548 ) ) ;
#8188 = FACE_OUTER_BOUND ( 'NONE', #10031, .T. ) ;
#8189 = EDGE_LOOP ( 'NONE', ( #5358, #4759, #4207, #9011, #5746, #4454 ) ) ;
#8190 = DIRECTION ( 'NONE',  ( -1.000000000000000000, 0.000000000000000000, -0.000000000000000000 ) ) ;
#8191 = DIRECTION ( 'NONE',  ( 1.000000000000000000, 0.000000000000000000, 0.000000000000000000 ) ) ;
#8192 = EDGE_CURVE ( 'NONE', #10580, #6951, #6282, .T. ) ;
#8193 = DIRECTION ( 'NONE',  ( -1.000000000000000000, -0.000000000000000000, -0.000000000000000000 ) ) ;
#8194 = CARTESIAN_POINT ( 'NONE',  ( 4.999999999999999112, 77.42292273537675840, -20.14177338547628437 ) ) ;
#8195 = CYLINDRICAL_SURFACE ( 'NONE', #9387, 100.0000000000001990 ) ;
#8196 = FACE_OUTER_BOUND ( 'NONE', #7531, .T. ) ;
#8197 = CARTESIAN_POINT ( 'NONE',  ( 4.999999999999999112, 51.37509422393662106, 61.32372863323227818 ) ) ;
#8198 = DIRECTION ( 'NONE',  ( -1.000000000000000000, 0.000000000000000000, -0.000000000000000000 ) ) ;
#8199 = DIRECTION ( 'NONE',  ( -1.000000000000000000, 0.000000000000000000, -0.000000000000000000 ) ) ;
#8200 = ORIENTED_EDGE ( 'NONE', *, *, #3822, .F. ) ;
#8201 = EDGE_LOOP ( 'NONE', ( #10912, #6948 ) ) ;
#8202 = CARTESIAN_POINT ( 'NONE',  ( 5.000000000000006217, 70.03042279760722977, 121.2978000584459721 ) ) ;
#8203 = ORIENTED_EDGE ( 'NONE', *, *, #1290, .F. ) ;
#8204 = CARTESIAN_POINT ( 'NONE',  ( 5.000000000000006217, -42.04161805105204053, -165.8082026736150567 ) ) ;
#8205 = AXIS2_PLACEMENT_3D ( 'NONE', #11786, #2112, #7143 ) ;
#8206 = EDGE_CURVE ( 'NONE', #11058, #734, #5329, .T. ) ;
#8207 = DIRECTION ( 'NONE',  ( 1.000000000000000000, 0.000000000000000000, 0.000000000000000000 ) ) ;
#8208 = CARTESIAN_POINT ( 'NONE',  ( 14.99999999999997158, 0.000000000000000000, 0.000000000000000000 ) ) ;
#8209 = DIRECTION ( 'NONE',  ( -1.000000000000000000, -0.000000000000000000, -0.000000000000000000 ) ) ;
#8210 = ADVANCED_FACE ( 'NONE', ( #8405, #1515, #7440, #5458, #1441, #2416, #6297 ), #9319, .F. ) ;
#8211 = ADVANCED_FACE ( 'NONE', ( #359 ), #1384, .F. ) ;
#8212 = CARTESIAN_POINT ( 'NONE',  ( 5.000000000000006217, -165.8082026736149714, 42.04161805105262317 ) ) ;
#8213 = AXIS2_PLACEMENT_3D ( 'NONE', #7093, #1275, #8968 ) ;
#8214 = DIRECTION ( 'NONE',  ( -1.000000000000000000, 0.000000000000000000, 0.000000000000000000 ) ) ;
#8215 = CARTESIAN_POINT ( 'NONE',  ( 5.000000000000006217, -137.9341937727409118, -24.32230672642538138 ) ) ;
#8216 = CARTESIAN_POINT ( 'NONE',  ( -5.000000000000004441, -13.90933603049043832, 139.3073234657492776 ) ) ;
#8217 = ORIENTED_EDGE ( 'NONE', *, *, #8299, .T. ) ;
#8218 = ORIENTED_EDGE ( 'NONE', *, *, #4978, .T. ) ;
#8219 = CARTESIAN_POINT ( 'NONE',  ( 16.53279853181912884, 35.68858549973869998, -41.55258786114683289 ) ) ;
#8220 = ORIENTED_EDGE ( 'NONE', *, *, #11622, .T. ) ;
#8221 = DIRECTION ( 'NONE',  ( 0.000000000000000000, 0.9995561643689832021, -0.02979050640667467095 ) ) ;
#8222 = CIRCLE ( 'NONE', #10911, 100.0000000000002132 ) ;
#8223 = DIRECTION ( 'NONE',  ( 1.000000000000000000, 0.000000000000000000, 0.000000000000000000 ) ) ;
#8224 = CARTESIAN_POINT ( 'NONE',  ( -5.000000000000004441, 127.5983490698006619, -57.60782338069456898 ) ) ;
#8225 = EDGE_CURVE ( 'NONE', #10027, #9414, #6710, .T. ) ;
#8226 = CARTESIAN_POINT ( 'NONE',  ( 14.99999999999997158, -53.56599702107438077, 12.47733798284911799 ) ) ;
#8227 = ORIENTED_EDGE ( 'NONE', *, *, #4153, .T. ) ;
#8228 = DIRECTION ( 'NONE',  ( 0.000000000000000000, -0.8660254037844432595, -0.4999999999999919509 ) ) ;
#8229 = ORIENTED_EDGE ( 'NONE', *, *, #6347, .T. ) ;
#8230 = CARTESIAN_POINT ( 'NONE',  ( 16.20250998197388625, 4.543172646457037445, 54.67408888360780139 ) ) ;
#8231 = VECTOR ( 'NONE', #12072, 1000.000000000000000 ) ;
#8232 = ORIENTED_EDGE ( 'NONE', *, *, #8851, .T. ) ;
#8233 = CARTESIAN_POINT ( 'NONE',  ( 17.53969384947958332, -28.70033810450737377, -46.10945459085839815 ) ) ;
#8234 = AXIS2_PLACEMENT_3D ( 'NONE', #6672, #2598, #12662 ) ;
#8235 = ORIENTED_EDGE ( 'NONE', *, *, #9864, .T. ) ;
#8236 = ORIENTED_EDGE ( 'NONE', *, *, #710, .F. ) ;
#8237 = AXIS2_PLACEMENT_3D ( 'NONE', #12456, #5634, #2597 ) ;
#8238 = DIRECTION ( 'NONE',  ( 0.000000000000000000, 0.000000000000000000, 1.000000000000000000 ) ) ;
#8239 = VECTOR ( 'NONE', #11529, 1000.000000000000000 ) ;
#8240 = FACE_OUTER_BOUND ( 'NONE', #5923, .T. ) ;
#8241 = ORIENTED_EDGE ( 'NONE', *, *, #3153, .F. ) ;
#8242 = DIRECTION ( 'NONE',  ( 0.000000000000000000, 0.000000000000000000, 1.000000000000000000 ) ) ;
#8243 = VERTEX_POINT ( 'NONE', #9386 ) ;
#8244 = DIRECTION ( 'NONE',  ( 0.000000000000000000, 0.000000000000000000, 1.000000000000000000 ) ) ;
#8245 = EDGE_CURVE ( 'NONE', #4954, #12245, #8351, .T. ) ;
#8246 = CARTESIAN_POINT ( 'NONE',  ( 15.39407805541796570, -35.98593388378426994, -41.57795190681614628 ) ) ;
#8247 = TOROIDAL_SURFACE ( 'NONE', #2284, 54.99999999999999289, 5.000000000000001776 ) ;
#8248 = ORIENTED_EDGE ( 'NONE', *, *, #416, .T. ) ;
#8249 = AXIS2_PLACEMENT_3D ( 'NONE', #6280, #10209, #3371 ) ;
#8250 = CARTESIAN_POINT ( 'NONE',  ( 5.000000000000006217, 131.6156692209318919, -47.90336138264822097 ) ) ;
#8251 = AXIS2_PLACEMENT_3D ( 'NONE', #7587, #4568, #623 ) ;
#8252 = CARTESIAN_POINT ( 'NONE',  ( -5.000000000000004441, 0.000000000000000000, 0.000000000000000000 ) ) ;
#8253 = DIRECTION ( 'NONE',  ( -1.000000000000000000, -0.000000000000000000, -0.000000000000000000 ) ) ;
#8254 = DIRECTION ( 'NONE',  ( -1.000000000000000000, 0.000000000000000000, 0.000000000000000000 ) ) ;
#8255 = CIRCLE ( 'NONE', #3949, 6.999999999999999112 ) ;
#8256 = AXIS2_PLACEMENT_3D ( 'NONE', #9035, #7031, #10974 ) ;
#8257 = AXIS2_PLACEMENT_3D ( 'NONE', #7453, #12422, #4367 ) ;
#8258 = AXIS2_PLACEMENT_3D ( 'NONE', #8469, #5708, #1825 ) ;
#8259 = CARTESIAN_POINT ( 'NONE',  ( 5.000000000000004441, 104.5177667653956064, -93.14524373458029061 ) ) ;
#8260 = DIRECTION ( 'NONE',  ( -1.000000000000000000, -0.000000000000000000, -0.000000000000000000 ) ) ;
#8261 = ORIENTED_EDGE ( 'NONE', *, *, #5705, .T. ) ;
#8262 = DIRECTION ( 'NONE',  ( 0.000000000000000000, -0.9290865984476422978, 0.3698622616393698048 ) ) ;
#8263 = DIRECTION ( 'NONE',  ( -1.000000000000000000, 0.000000000000000000, -0.000000000000000000 ) ) ;
#8264 = ADVANCED_FACE ( 'NONE', ( #414 ), #489, .T. ) ;
#8265 =( NAMED_UNIT ( * ) SI_UNIT ( $, .STERADIAN. ) SOLID_ANGLE_UNIT ( ) );
#8266 = ORIENTED_EDGE ( 'NONE', *, *, #77, .F. ) ;
#8267 = VERTEX_POINT ( 'NONE', #5274 ) ;
#8268 = LINE ( 'NONE', #3196, #2108 ) ;
#8269 = ORIENTED_EDGE ( 'NONE', *, *, #918, .T. ) ;
#8270 = AXIS2_PLACEMENT_3D ( 'NONE', #1527, #368, #6309 ) ;
#8271 = VECTOR ( 'NONE', #10767, 1000.000000000000000 ) ;
#8272 = AXIS2_PLACEMENT_3D ( 'NONE', #9906, #7137, #8100 ) ;
#8273 = DIRECTION ( 'NONE',  ( 0.000000000000000000, -0.3698622616393665297, -0.9290865984476435191 ) ) ;
#8274 = VECTOR ( 'NONE', #9196, 1000.000000000000000 ) ;
#8275 = CIRCLE ( 'NONE', #656, 100.0000000000000000 ) ;
#8276 = AXIS2_PLACEMENT_3D ( 'NONE', #10219, #1378, #6151 ) ;
#8277 = CARTESIAN_POINT ( 'NONE',  ( 5.000000000000006217, 137.9341937727411391, 24.32230672642442215 ) ) ;
#8278 = CARTESIAN_POINT ( 'NONE',  ( -87.20833333333341386, 4.286263797015735707E-15, -34.99999999999999289 ) ) ;
#8279 = DIRECTION ( 'NONE',  ( 0.000000000000000000, 0.000000000000000000, 1.000000000000000000 ) ) ;
#8280 = AXIS2_PLACEMENT_3D ( 'NONE', #7638, #9590, #11575 ) ;
#8281 = VECTOR ( 'NONE', #459, 1000.000000000000000 ) ;
#8282 = CIRCLE ( 'NONE', #3112, 100.0000000000000000 ) ;
#8283 = AXIS2_PLACEMENT_3D ( 'NONE', #6281, #2270, #6204 ) ;
#8284 = DIRECTION ( 'NONE',  ( 1.000000000000000000, 0.000000000000000000, 0.000000000000000000 ) ) ;
#8285 = DIRECTION ( 'NONE',  ( 0.000000000000000000, -0.9848077530122097967, -0.1736481776669206445 ) ) ;
#8286 = EDGE_CURVE ( 'NONE', #3916, #1246, #2374, .T. ) ;
#8287 = LINE ( 'NONE', #7326, #9139 ) ;
#8288 = AXIS2_PLACEMENT_3D ( 'NONE', #10954, #7735, #7016 ) ;
#8289 = CARTESIAN_POINT ( 'NONE',  ( -40.00000000000000000, 0.000000000000000000, 60.00000000000000000 ) ) ;
#8290 = VERTEX_POINT ( 'NONE', #11307 ) ;
#8291 = CIRCLE ( 'NONE', #7681, 140.0000000000000000 ) ;
#8292 = ORIENTED_EDGE ( 'NONE', *, *, #2648, .T. ) ;
#8293 = CARTESIAN_POINT ( 'NONE',  ( -4.999999999999993783, 24.32230672642583258, -137.9341937727408549 ) ) ;
#8294 = VERTEX_POINT ( 'NONE', #2476 ) ;
#8295 = LINE ( 'NONE', #4438, #7248 ) ;
#8296 = CIRCLE ( 'NONE', #5834, 100.0000000000002132 ) ;
#8297 = ADVANCED_FACE ( 'NONE', ( #6413 ), #12670, .T. ) ;
#8298 = AXIS2_PLACEMENT_3D ( 'NONE', #2056, #7986, #11863 ) ;
#8299 = EDGE_CURVE ( 'NONE', #5533, #2886, #11435, .T. ) ;
#8300 = CIRCLE ( 'NONE', #11802, 100.0000000000001847 ) ;
#8301 = AXIS2_PLACEMENT_3D ( 'NONE', #47, #8162, #12144 ) ;
#8302 = CARTESIAN_POINT ( 'NONE',  ( -4.999999999999993783, 137.9341937727411391, 24.32230672642442215 ) ) ;
#8303 = DIRECTION ( 'NONE',  ( -1.000000000000000000, -0.000000000000000000, -0.000000000000000000 ) ) ;
#8304 = CARTESIAN_POINT ( 'NONE',  ( 5.000000000000006217, 90.03083239009245631, -107.2933624945058710 ) ) ;
#8305 = EDGE_LOOP ( 'NONE', ( #11896, #5933, #3018, #4778, #11487, #8227 ) ) ;
#8306 = LINE ( 'NONE', #2378, #9133 ) ;
#8307 = AXIS2_PLACEMENT_3D ( 'NONE', #9230, #9179, #1231 ) ;
#8308 = ORIENTED_EDGE ( 'NONE', *, *, #12685, .F. ) ;
#8309 = CIRCLE ( 'NONE', #9934, 100.0000000000000000 ) ;
#8310 = CARTESIAN_POINT ( 'NONE',  ( 19.00000000000000355, -3.339284814946545227E-20, 53.00000000000000000 ) ) ;
#8311 = ORIENTED_EDGE ( 'NONE', *, *, #6891, .T. ) ;
#8312 = DIRECTION ( 'NONE',  ( 1.000000000000000000, 0.000000000000000000, 0.000000000000000000 ) ) ;
#8313 = CIRCLE ( 'NONE', #6885, 100.0000000000001847 ) ;
#8314 = EDGE_CURVE ( 'NONE', #523, #10220, #2172, .T. ) ;
#8315 = ORIENTED_EDGE ( 'NONE', *, *, #2289, .T. ) ;
#8316 = ORIENTED_EDGE ( 'NONE', *, *, #10914, .T. ) ;
#8317 = EDGE_CURVE ( 'NONE', #8688, #514, #1629, .T. ) ;
#8318 = AXIS2_PLACEMENT_3D ( 'NONE', #4637, #8687, #12624 ) ;
#8319 = CARTESIAN_POINT ( 'NONE',  ( 5.000000000000006217, 46.49499208839421271, -164.6149246967155477 ) ) ;
#8320 = DIRECTION ( 'NONE',  ( 0.000000000000000000, 0.000000000000000000, 1.000000000000000000 ) ) ;
#8321 = ORIENTED_EDGE ( 'NONE', *, *, #12756, .F. ) ;
#8322 = DIRECTION ( 'NONE',  ( 0.000000000000000000, -0.1736481776669173416, 0.9848077530122103518 ) ) ;
#8323 = EDGE_LOOP ( 'NONE', ( #2318, #12129, #631, #8632, #6403, #8496 ) ) ;
#8324 = DIRECTION ( 'NONE',  ( 0.000000000000000000, -1.000000000000000000, 1.054711873393896662E-14 ) ) ;
#8325 = DIRECTION ( 'NONE',  ( -1.000000000000000000, 0.000000000000000000, 0.000000000000000000 ) ) ;
#8326 = CIRCLE ( 'NONE', #306, 55.00000000000002842 ) ;
#8327 = ORIENTED_EDGE ( 'NONE', *, *, #10292, .F. ) ;
#8328 = VERTEX_POINT ( 'NONE', #8744 ) ;
#8329 = DIRECTION ( 'NONE',  ( 0.000000000000000000, 0.9396926207859092051, 0.3420201433256662704 ) ) ;
#8330 = CARTESIAN_POINT ( 'NONE',  ( 5.000000000000006217, 34.60692065529546113, 135.8029720483192762 ) ) ;
#8331 = EDGE_CURVE ( 'NONE', #7397, #4970, #9802, .T. ) ;
#8332 = CARTESIAN_POINT ( 'NONE',  ( 5.000000000000004441, -140.0000000000000000, 0.000000000000000000 ) ) ;
#8333 = EDGE_CURVE ( 'NONE', #8432, #9796, #7317, .T. ) ;
#8334 = CARTESIAN_POINT ( 'NONE',  ( -4.999999999999993783, 70.19520364235756915, 155.9887531452608016 ) ) ;
#8335 = CIRCLE ( 'NONE', #5259, 100.0000000000002132 ) ;
#8336 = CARTESIAN_POINT ( 'NONE',  ( -10.00000000000002309, 0.000000000000000000, 0.000000000000000000 ) ) ;
#8337 = ORIENTED_EDGE ( 'NONE', *, *, #3025, .T. ) ;
#8338 = LINE ( 'NONE', #3243, #8231 ) ;
#8339 = LINE ( 'NONE', #2406, #5781 ) ;
#8340 = CALENDAR_DATE ( 2026, 23, 9 ) ;
#8341 = ORIENTED_EDGE ( 'NONE', *, *, #8149, .F. ) ;
#8342 = VERTEX_POINT ( 'NONE', #3642 ) ;
#8343 = PLANE ( 'NONE',  #4796 ) ;
#8344 = ORIENTED_EDGE ( 'NONE', *, *, #6715, .T. ) ;
#8345 = AXIS2_PLACEMENT_3D ( 'NONE', #11937, #8802, #12730 ) ;
#8346 = CARTESIAN_POINT ( 'NONE',  ( -4.999999999999993783, 170.1878247496342169, 17.20354699452879288 ) ) ;
#8347 = EDGE_CURVE ( 'NONE', #1551, #8535, #12254, .T. ) ;
#8348 = ADVANCED_FACE ( 'NONE', ( #12470 ), #798, .T. ) ;
#8349 = DIRECTION ( 'NONE',  ( -0.000000000000000000, 0.5255774175242760027, 0.8507457776495355173 ) ) ;
#8350 = FACE_OUTER_BOUND ( 'NONE', #1988, .T. ) ;
#8351 = LINE ( 'NONE', #3255, #6087 ) ;
#8352 = VECTOR ( 'NONE', #8728, 1000.000000000000114 ) ;
#8353 = CARTESIAN_POINT ( 'NONE',  ( 5.000000000000006217, -105.1339381126578445, -133.3943579393231573 ) ) ;
#8354 = LINE ( 'NONE', #2419, #654 ) ;
#8355 = FACE_OUTER_BOUND ( 'NONE', #169, .T. ) ;
#8356 = DIRECTION ( 'NONE',  ( -1.000000000000000000, -0.000000000000000000, -0.000000000000000000 ) ) ;
#8357 = VERTEX_POINT ( 'NONE', #2863 ) ;
#8358 = EDGE_LOOP ( 'NONE', ( #9407, #3321, #792, #4734, #3641, #2889 ) ) ;
#8359 = CARTESIAN_POINT ( 'NONE',  ( 15.78246811338907385, 35.93934261284223908, -41.57223737792334362 ) ) ;
#8360 = ORIENTED_EDGE ( 'NONE', *, *, #6161, .F. ) ;
#8361 = DIRECTION ( 'NONE',  ( -1.000000000000000000, -0.000000000000000000, -0.000000000000000000 ) ) ;
#8362 = EDGE_CURVE ( 'NONE', #2634, #7966, #3828, .T. ) ;
#8363 = DIRECTION ( 'NONE',  ( -1.000000000000000000, 0.000000000000000000, 0.000000000000000000 ) ) ;
#8364 = PLANE ( 'NONE',  #718 ) ;
#8365 = CARTESIAN_POINT ( 'NONE',  ( 5.000000000000006217, -0.0007748487303973066202, 140.0621876725833772 ) ) ;
#8366 = ORIENTED_EDGE ( 'NONE', *, *, #12069, .T. ) ;
#8367 = PLANE ( 'NONE',  #9526 ) ;
#8368 = EDGE_LOOP ( 'NONE', ( #2956, #9274, #3175 ) ) ;
#8369 = DIRECTION ( 'NONE',  ( 0.000000000000000000, -0.7660444431189835646, -0.6427876096865328126 ) ) ;
#8370 = ORIENTED_EDGE ( 'NONE', *, *, #4711, .F. ) ;
#8371 = DIRECTION ( 'NONE',  ( -1.000000000000000000, 0.000000000000000000, 0.000000000000000000 ) ) ;
#8372 = ORIENTED_EDGE ( 'NONE', *, *, #11911, .F. ) ;
#8373 = ORIENTED_EDGE ( 'NONE', *, *, #8192, .T. ) ;
#8374 = EDGE_CURVE ( 'NONE', #9145, #451, #12463, .T. ) ;
#8375 = ORIENTED_EDGE ( 'NONE', *, *, #962, .F. ) ;
#8376 = ADVANCED_FACE ( 'NONE', ( #4735 ), #11492, .F. ) ;
#8377 = LINE ( 'NONE', #12055, #5426 ) ;
#8378 = EDGE_CURVE ( 'NONE', #12286, #7341, #3404, .T. ) ;
#8379 = DIRECTION ( 'NONE',  ( 1.000000000000000000, 0.000000000000000000, 0.000000000000000000 ) ) ;
#8380 = VERTEX_POINT ( 'NONE', #7511 ) ;
#8381 = ADVANCED_FACE ( 'NONE', ( #6604 ), #11440, .F. ) ;
#8382 = ORIENTED_EDGE ( 'NONE', *, *, #689, .T. ) ;
#8383 = EDGE_CURVE ( 'NONE', #3532, #2182, #5275, .T. ) ;
#8384 = LINE ( 'NONE', #4208, #7831 ) ;
#8385 = DIRECTION ( 'NONE',  ( -1.000000000000000000, -0.000000000000000000, -0.000000000000000000 ) ) ;
#8386 = ORIENTED_EDGE ( 'NONE', *, *, #1219, .F. ) ;
#8387 = VERTEX_POINT ( 'NONE', #6543 ) ;
#8388 = DIRECTION ( 'NONE',  ( 0.000000000000000000, 0.000000000000000000, 1.000000000000000000 ) ) ;
#8389 = DIRECTION ( 'NONE',  ( -1.000000000000000000, -0.000000000000000000, -0.000000000000000000 ) ) ;
#8390 = CYLINDRICAL_SURFACE ( 'NONE', #5011, 99.99999999999997158 ) ;
#8391 = DIRECTION ( 'NONE',  ( 0.000000000000000000, -0.1736481776669374644, -0.9848077530122067991 ) ) ;
#8392 = ORIENTED_EDGE ( 'NONE', *, *, #6499, .T. ) ;
#8393 = ADVANCED_FACE ( 'NONE', ( #6685 ), #5893, .T. ) ;
#8394 = FACE_OUTER_BOUND ( 'NONE', #11084, .T. ) ;
#8395 = DIRECTION ( 'NONE',  ( -1.000000000000000000, -0.000000000000000000, -0.000000000000000000 ) ) ;
#8396 = CARTESIAN_POINT ( 'NONE',  ( 0.000000000000000000, 0.000000000000000000, 0.000000000000000000 ) ) ;
#8397 = ORIENTED_EDGE ( 'NONE', *, *, #8543, .T. ) ;
#8398 = ORIENTED_EDGE ( 'NONE', *, *, #6565, .F. ) ;
#8399 = CARTESIAN_POINT ( 'NONE',  ( 5.000000000000006217, -33.28012403207798542, -72.74911232729583332 ) ) ;
#8400 = ORIENTED_EDGE ( 'NONE', *, *, #4789, .F. ) ;
#8401 = CARTESIAN_POINT ( 'NONE',  ( -87.20833333333341386, 0.000000000000000000, 49.99999999999998579 ) ) ;
#8402 = DIRECTION ( 'NONE',  ( 0.000000000000000000, 0.6427876096865404731, 0.7660444431189770143 ) ) ;
#8403 = DIRECTION ( 'NONE',  ( -1.000000000000000000, -0.000000000000000000, -0.000000000000000000 ) ) ;
#8404 = ORIENTED_EDGE ( 'NONE', *, *, #345, .F. ) ;
#8405 = FACE_BOUND ( 'NONE', #12078, .T. ) ;
#8406 = EDGE_CURVE ( 'NONE', #10308, #6609, #3203, .T. ) ;
#8407 = CARTESIAN_POINT ( 'NONE',  ( 5.000000000000004441, -137.8730854217089927, 24.31074487337123102 ) ) ;
#8408 = FACE_OUTER_BOUND ( 'NONE', #9381, .T. ) ;
#8409 = DIRECTION ( 'NONE',  ( -1.000000000000000000, 0.000000000000000000, 0.000000000000000000 ) ) ;
#8410 = CARTESIAN_POINT ( 'NONE',  ( -4.999999999999993783, -70.03176487497644587, 121.2970252097155566 ) ) ;
#8411 = AXIS2_PLACEMENT_3D ( 'NONE', #3998, #8105, #5868 ) ;
#8412 = ADVANCED_FACE ( 'NONE', ( #6740 ), #3775, .F. ) ;
#8413 = EDGE_LOOP ( 'NONE', ( #9926, #9911, #6575 ) ) ;
#8414 = CARTESIAN_POINT ( 'NONE',  ( 17.01414445937236763, 53.05602447139943223, 12.80090513473886027 ) ) ;
#8415 = DIRECTION ( 'NONE',  ( -1.000000000000000000, -0.000000000000000000, -0.000000000000000000 ) ) ;
#8416 = LINE ( 'NONE', #10294, #12175 ) ;
#8417 = AXIS2_PLACEMENT_3D ( 'NONE', #4964, #4063, #8038 ) ;
#8418 = DIRECTION ( 'NONE',  ( 1.000000000000000000, 0.000000000000000000, 0.000000000000000000 ) ) ;
#8419 = DIRECTION ( 'NONE',  ( 1.000000000000000000, 0.000000000000000000, 0.000000000000000000 ) ) ;
#8420 = ORIENTED_EDGE ( 'NONE', *, *, #9803, .T. ) ;
#8421 = DIRECTION ( 'NONE',  ( 0.000000000000000000, -0.6196814657516496183, 0.7848534137046784265 ) ) ;
#8422 = ORIENTED_EDGE ( 'NONE', *, *, #1781, .T. ) ;
#8423 = DIRECTION ( 'NONE',  ( -1.000000000000000000, -0.000000000000000000, -0.000000000000000000 ) ) ;
#8424 = VERTEX_POINT ( 'NONE', #3053 ) ;
#8425 = ADVANCED_FACE ( 'NONE', ( #4151 ), #2157, .F. ) ;
#8426 = ORIENTED_EDGE ( 'NONE', *, *, #11767, .T. ) ;
#8427 = DIRECTION ( 'NONE',  ( 0.000000000000000000, 0.9396926207859093161, 0.3420201433256663259 ) ) ;
#8428 = ORIENTED_EDGE ( 'NONE', *, *, #3873, .T. ) ;
#8429 = B_SPLINE_CURVE_WITH_KNOTS ( 'NONE', 3,
 ( #5037, #3269, #5226, #247 ),
 .UNSPECIFIED., .F., .F.,
 ( 4, 4 ),
 ( 0.01779454424784923314, 0.01853284720978552735 ),
 .UNSPECIFIED. ) ;
#8430 = VERTEX_POINT ( 'NONE', #10804 ) ;
#8431 = CIRCLE ( 'NONE', #3087, 100.0000000000001847 ) ;
#8432 = VERTEX_POINT ( 'NONE', #5068 ) ;
#8433 = CARTESIAN_POINT ( 'NONE',  ( 5.000000000000006217, -121.2970252097153292, -70.03176487497685798 ) ) ;
#8434 = DIRECTION ( 'NONE',  ( 0.000000000000000000, 0.5406983122834239097, -0.8412165803726511237 ) ) ;
#8435 = VECTOR ( 'NONE', #800, 1000.000000000000000 ) ;
#8436 = ORIENTED_EDGE ( 'NONE', *, *, #6147, .F. ) ;
#8437 = CIRCLE ( 'NONE', #6802, 6.999999999999999112 ) ;
#8438 = EDGE_LOOP ( 'NONE', ( #8977, #12751, #1412, #2314, #1266, #10634, #926, #6075 ) ) ;
#8439 = CARTESIAN_POINT ( 'NONE',  ( -4.999999999999993783, 53.17002841738505481, 161.3076183917390267 ) ) ;
#8440 = EDGE_CURVE ( 'NONE', #12460, #3677, #1550, .T. ) ;
#8441 = DIRECTION ( 'NONE',  ( 0.000000000000000000, 0.000000000000000000, -1.000000000000000000 ) ) ;
#8442 = APPROVAL ( #8530, 'UNSPECIFIED' ) ;
#8443 = ORIENTED_EDGE ( 'NONE', *, *, #1268, .T. ) ;
#8444 = ORIENTED_EDGE ( 'NONE', *, *, #5486, .F. ) ;
#8445 = DIRECTION ( 'NONE',  ( 1.000000000000000000, 0.000000000000000000, 0.000000000000000000 ) ) ;
#8446 = CIRCLE ( 'NONE', #9074, 100.0000000000001990 ) ;
#8447 = AXIS2_PLACEMENT_3D ( 'NONE', #6327, #10255, #457 ) ;
#8448 = DIRECTION ( 'NONE',  ( 0.000000000000000000, 0.000000000000000000, 1.000000000000000000 ) ) ;
#8449 = EDGE_CURVE ( 'NONE', #5799, #7024, #9180, .T. ) ;
#8450 = ADVANCED_FACE ( 'NONE', ( #8006 ), #4878, .F. ) ;
#8451 = CARTESIAN_POINT ( 'NONE',  ( 5.000000000000006217, -138.7852061507327335, -99.99262110727862307 ) ) ;
#8452 = CARTESIAN_POINT ( 'NONE',  ( 5.000000000000006217, -138.7852061507327335, -99.99262110727862307 ) ) ;
#8453 = ORIENTED_EDGE ( 'NONE', *, *, #6105, .T. ) ;
#8454 = DIRECTION ( 'NONE',  ( -1.000000000000000000, -0.000000000000000000, 0.000000000000000000 ) ) ;
#8455 = CIRCLE ( 'NONE', #1660, 140.0000000000000000 ) ;
#8456 = CARTESIAN_POINT ( 'NONE',  ( 5.000000000000006217, 137.9344628748812909, -24.32078057234920365 ) ) ;
#8457 = AXIS2_PLACEMENT_3D ( 'NONE', #7152, #7340, #6255 ) ;
#8458 = ORIENTED_EDGE ( 'NONE', *, *, #1139, .T. ) ;
#8459 = ORIENTED_EDGE ( 'NONE', *, *, #4442, .T. ) ;
#8460 = CARTESIAN_POINT ( 'NONE',  ( 4.999999999999999112, -39.94583737856282823, -69.31327489107756890 ) ) ;
#8461 = ORIENTED_EDGE ( 'NONE', *, *, #4518, .T. ) ;
#8462 = EDGE_CURVE ( 'NONE', #3808, #5036, #10022, .T. ) ;
#8463 = CARTESIAN_POINT ( 'NONE',  ( 5.000000000000006217, 119.3132105852220661, 122.5733066456625693 ) ) ;
#8464 = AXIS2_PLACEMENT_3D ( 'NONE', #7114, #11046, #7229 ) ;
#8465 = EDGE_CURVE ( 'NONE', #6368, #9670, #3618, .T. ) ;
#8466 = CIRCLE ( 'NONE', #4163, 49.99999999999999289 ) ;
#8467 = DIRECTION ( 'NONE',  ( -1.000000000000000000, -0.000000000000000000, -0.000000000000000000 ) ) ;
#8468 = AXIS2_PLACEMENT_3D ( 'NONE', #6738, #9695, #2548 ) ;
#8469 = CARTESIAN_POINT ( 'NONE',  ( 5.000000000000004441, 0.000000000000000000, 0.000000000000000000 ) ) ;
#8470 = ORIENTED_EDGE ( 'NONE', *, *, #3418, .F. ) ;
#8471 = DIRECTION ( 'NONE',  ( 0.000000000000000000, -0.7660444431189835646, -0.6427876096865327016 ) ) ;
#8472 = CARTESIAN_POINT ( 'NONE',  ( -4.999999999999993783, 170.1878247496342169, 17.20354699452879288 ) ) ;
#8473 = DIRECTION ( 'NONE',  ( 0.000000000000000000, -0.3420201433256569445, 0.9396926207859126468 ) ) ;
#8474 = LINE ( 'NONE', #3704, #10998 ) ;
#8476 = CARTESIAN_POINT ( 'NONE',  ( -5.326364063801109161, 50.06747593659276419, 18.05157218663169516 ) ) ;
#8475 = AXIS2_PLACEMENT_3D ( 'NONE', #10291, #11207, #2371 ) ;
#8477 = VECTOR ( 'NONE', #9982, 1000.000000000000000 ) ;
#8478 = AXIS2_PLACEMENT_3D ( 'NONE', #8800, #3898, #9694 ) ;
#8479 = EDGE_LOOP ( 'NONE', ( #11398, #221, #5012 ) ) ;
#8480 = CARTESIAN_POINT ( 'NONE',  ( -4.999999999999993783, 140.0000000000000000, 0.000000000000000000 ) ) ;
#8481 = CIRCLE ( 'NONE', #262, 140.0000000000000000 ) ;
#8482 = CARTESIAN_POINT ( 'NONE',  ( 14.99999999999997158, -50.66979716487452379, 21.39092460064484413 ) ) ;
#8483 = CYLINDRICAL_SURFACE ( 'NONE', #1472, 100.0000000000000000 ) ;
#8484 = CIRCLE ( 'NONE', #2937, 100.0000000000001847 ) ;
#8485 = AXIS2_PLACEMENT_3D ( 'NONE', #5059, #8990, #146 ) ;
#8486 = CIRCLE ( 'NONE', #8272, 100.0000000000002274 ) ;
#8487 = AXIS2_PLACEMENT_3D ( 'NONE', #1612, #9759, #5630 ) ;
#8488 = EDGE_CURVE ( 'NONE', #6121, #540, #6913, .T. ) ;
#8489 = AXIS2_PLACEMENT_3D ( 'NONE', #12501, #10213, #11413 ) ;
#8490 = CIRCLE ( 'NONE', #10148, 100.0000000000001847 ) ;
#8491 = DIRECTION ( 'NONE',  ( -1.000000000000000000, -0.000000000000000000, -0.000000000000000000 ) ) ;
#8492 = DIRECTION ( 'NONE',  ( 1.000000000000000000, 0.000000000000000000, 0.000000000000000000 ) ) ;
#8493 = VERTEX_POINT ( 'NONE', #5001 ) ;
#8494 = DIRECTION ( 'NONE',  ( -1.000000000000000000, 0.000000000000000000, 0.000000000000000000 ) ) ;
#8495 = DIRECTION ( 'NONE',  ( 0.000000000000000000, 0.000000000000000000, -1.000000000000000000 ) ) ;
#8496 = ORIENTED_EDGE ( 'NONE', *, *, #9973, .T. ) ;
#8497 = FACE_OUTER_BOUND ( 'NONE', #9782, .T. ) ;
#8498 = VERTEX_POINT ( 'NONE', #8931 ) ;
#8499 = VERTEX_POINT ( 'NONE', #9889 ) ;
#8500 = DIRECTION ( 'NONE',  ( 0.000000000000000000, 0.8507457776495355173, -0.5255774175242760027 ) ) ;
#8501 = ORIENTED_EDGE ( 'NONE', *, *, #6458, .F. ) ;
#8502 = AXIS2_PLACEMENT_3D ( 'NONE', #5325, #5380, #5197 ) ;
#8503 = CIRCLE ( 'NONE', #1295, 140.0000000000000000 ) ;
#8504 = ORIENTED_EDGE ( 'NONE', *, *, #2269, .T. ) ;
#8505 = AXIS2_PLACEMENT_3D ( 'NONE', #7991, #11920, #3094 ) ;
#8506 = TOROIDAL_SURFACE ( 'NONE', #4599, 34.99999999999999289, 4.999999999999997335 ) ;
#8507 = VERTEX_POINT ( 'NONE', #25 ) ;
#8508 = ADVANCED_FACE ( 'NONE', ( #210 ), #6982, .F. ) ;
#8509 = DIRECTION ( 'NONE',  ( 0.000000000000000000, 0.000000000000000000, 1.000000000000000000 ) ) ;
#8510 = CARTESIAN_POINT ( 'NONE',  ( 16.61332886767800332, -4.402594196116616843, 54.55735223523660693 ) ) ;
#8511 = CIRCLE ( 'NONE', #8307, 140.0000000000000000 ) ;
#8512 = AXIS2_PLACEMENT_3D ( 'NONE', #9466, #11521, #8509 ) ;
#8513 = VERTEX_POINT ( 'NONE', #3966 ) ;
#8515 = CARTESIAN_POINT ( 'NONE',  ( 5.000000000000006217, -34.60721386647372100, 166.2815095599044071 ) ) ;
#8514 = VECTOR ( 'NONE', #11897, 1000.000000000000000 ) ;
#8516 = EDGE_LOOP ( 'NONE', ( #6560, #1132, #5481, #10362, #10120, #10731, #5795, #8983, #3221, #7768 ) ) ;
#8517 = DIRECTION ( 'NONE',  ( 0.000000000000000000, 0.000000000000000000, 1.000000000000000000 ) ) ;
#8518 = LINE ( 'NONE', #3363, #12616 ) ;
#8519 = ORIENTED_EDGE ( 'NONE', *, *, #12708, .T. ) ;
#8520 = ORIENTED_EDGE ( 'NONE', *, *, #7233, .T. ) ;
#8521 = CIRCLE ( 'NONE', #2970, 100.0000000000000284 ) ;
#8522 = FACE_OUTER_BOUND ( 'NONE', #1118, .T. ) ;
#8523 = CARTESIAN_POINT ( 'NONE',  ( -4.999999999999993783, -24.32078057234966550, -137.9344628748812056 ) ) ;
#8524 = EDGE_CURVE ( 'NONE', #6572, #1580, #4034, .T. ) ;
#8525 = FACE_OUTER_BOUND ( 'NONE', #956, .T. ) ;
#8526 = FACE_OUTER_BOUND ( 'NONE', #6789, .T. ) ;
#8527 = VERTEX_POINT ( 'NONE', #8996 ) ;
#8528 = CARTESIAN_POINT ( 'NONE',  ( 5.000000000000006217, -0.0007748487303973066202, 140.0621876725833772 ) ) ;
#8529 = DIRECTION ( 'NONE',  ( 0.000000000000000000, 0.000000000000000000, 1.000000000000000000 ) ) ;
#8530 = APPROVAL_STATUS ( 'not_yet_approved' ) ;
#8531 = ORIENTED_EDGE ( 'NONE', *, *, #1521, .T. ) ;
#8532 = ADVANCED_FACE ( 'NONE', ( #154 ), #2932, .F. ) ;
#8533 = ORIENTED_EDGE ( 'NONE', *, *, #3153, .T. ) ;
#8534 = LINE ( 'NONE', #8399, #1486 ) ;
#8535 = VERTEX_POINT ( 'NONE', #5122 ) ;
#8536 = DIRECTION ( 'NONE',  ( -1.000000000000000000, -0.000000000000000000, -0.000000000000000000 ) ) ;
#8537 = CIRCLE ( 'NONE', #4432, 140.0000000000000000 ) ;
#8538 = ADVANCED_FACE ( 'NONE', ( #9047 ), #8079, .T. ) ;
#8539 = DIRECTION ( 'NONE',  ( -1.000000000000000000, -0.000000000000000000, -0.000000000000000000 ) ) ;
#8540 = EDGE_CURVE ( 'NONE', #9897, #7929, #10003, .T. ) ;
#8541 = DIRECTION ( 'NONE',  ( 0.000000000000000000, 0.000000000000000000, 1.000000000000000000 ) ) ;
#8542 = ORIENTED_EDGE ( 'NONE', *, *, #742, .T. ) ;
#8543 = EDGE_CURVE ( 'NONE', #8424, #9352, #4644, .T. ) ;
#8544 = CARTESIAN_POINT ( 'NONE',  ( -5.999999989902971009E-06, 4.686149805543998070, 54.80000000000000426 ) ) ;
#8545 = CARTESIAN_POINT ( 'NONE',  ( 5.000000000000006217, -107.2943586208334068, 90.02964525296296472 ) ) ;
#8546 = DIRECTION ( 'NONE',  ( 0.000000000000000000, -0.7660444431189836756, -0.6427876096865327016 ) ) ;
#8547 = DIRECTION ( 'NONE',  ( -1.000000000000000000, -0.000000000000000000, -0.000000000000000000 ) ) ;
#8548 = DIRECTION ( 'NONE',  ( -1.000000000000000000, 0.000000000000000000, -0.000000000000000000 ) ) ;
#8549 = EDGE_CURVE ( 'NONE', #7927, #12548, #6293, .T. ) ;
#8550 = EDGE_CURVE ( 'NONE', #451, #2217, #7931, .T. ) ;
#8551 = ORIENTED_EDGE ( 'NONE', *, *, #4480, .F. ) ;
#8552 = DIRECTION ( 'NONE',  ( 0.000000000000000000, -1.224646799147352468E-16, 1.000000000000000000 ) ) ;
#8553 = CARTESIAN_POINT ( 'NONE',  ( 5.000000000000006217, -24.32078057234966550, -137.9344628748812056 ) ) ;
#8554 = CARTESIAN_POINT ( 'NONE',  ( 5.000000000000004441, 0.000000000000000000, 0.000000000000000000 ) ) ;
#8555 = CIRCLE ( 'NONE', #3005, 140.0000000000000000 ) ;
#8556 = CARTESIAN_POINT ( 'NONE',  ( -4.999999999999997335, 35.26711513754881366, -48.54101966249653799 ) ) ;
#8557 = CARTESIAN_POINT ( 'NONE',  ( 4.999999999999999112, 13.83027240313207429, 78.79545396313061190 ) ) ;
#8558 = CARTESIAN_POINT ( 'NONE',  ( -5.000000000000004441, 0.000000000000000000, 0.000000000000000000 ) ) ;
#8559 = ORIENTED_EDGE ( 'NONE', *, *, #3807, .T. ) ;
#8560 = DIRECTION ( 'NONE',  ( -1.000000000000000000, -0.000000000000000000, -0.000000000000000000 ) ) ;
#8561 = CARTESIAN_POINT ( 'NONE',  ( -4.999999999999988454, 6.735557395310444193E-15, -55.00000000000000711 ) ) ;
#8562 = VERTEX_POINT ( 'NONE', #10331 ) ;
#8563 = EDGE_CURVE ( 'NONE', #5282, #1771, #4874, .T. ) ;
#8564 = CARTESIAN_POINT ( 'NONE',  ( -4.999999999999993783, -90.03083239009171734, 107.2933624945064821 ) ) ;
#8565 = ORIENTED_EDGE ( 'NONE', *, *, #2869, .F. ) ;
#8566 = FACE_OUTER_BOUND ( 'NONE', #720, .T. ) ;
#8567 = ORIENTED_EDGE ( 'NONE', *, *, #12390, .T. ) ;
#8568 = ORIENTED_EDGE ( 'NONE', *, *, #140, .F. ) ;
#8569 = CARTESIAN_POINT ( 'NONE',  ( 5.000000000000006217, 47.90336138264957100, 131.6156692209314372 ) ) ;
#8570 = VERTEX_POINT ( 'NONE', #1312 ) ;
#8571 = PLANE ( 'NONE',  #6636 ) ;
#8572 = CARTESIAN_POINT ( 'NONE',  ( 5.000000000000006217, -131.6151391931836372, -47.90481762191844695 ) ) ;
#8573 = ORIENTED_EDGE ( 'NONE', *, *, #1992, .F. ) ;
#8574 = CARTESIAN_POINT ( 'NONE',  ( -4.999999999999993783, 79.99997556444867541, 0.06252750026174147546 ) ) ;
#8575 = ORIENTED_EDGE ( 'NONE', *, *, #2026, .T. ) ;
#8576 = EDGE_CURVE ( 'NONE', #321, #1656, #949, .T. ) ;
#8577 = DIRECTION ( 'NONE',  ( 1.000000000000000000, 0.000000000000000000, 0.000000000000000000 ) ) ;
#8578 = DIRECTION ( 'NONE',  ( -1.000000000000000000, -0.000000000000000000, -0.000000000000000000 ) ) ;
#8579 = ORIENTED_EDGE ( 'NONE', *, *, #10494, .T. ) ;
#8580 = ORIENTED_EDGE ( 'NONE', *, *, #6398, .F. ) ;
#8581 = EDGE_CURVE ( 'NONE', #3051, #5729, #5483, .T. ) ;
#8582 = PLANE ( 'NONE',  #6673 ) ;
#8583 = DIRECTION ( 'NONE',  ( -1.000000000000000000, -0.000000000000000000, -0.000000000000000000 ) ) ;
#8584 = FACE_OUTER_BOUND ( 'NONE', #526, .T. ) ;
#8585 = DIRECTION ( 'NONE',  ( 0.000000000000000000, 0.2968551111398058384, 0.9549225324549491800 ) ) ;
#8586 = EDGE_LOOP ( 'NONE', ( #598, #9766, #9266, #4872, #7793, #10441 ) ) ;
#8587 = FACE_OUTER_BOUND ( 'NONE', #11187, .T. ) ;
#8588 = CARTESIAN_POINT ( 'NONE',  ( -4.999999999999993783, -105.1339381126578445, -133.3943579393231573 ) ) ;
#8589 = ORIENTED_EDGE ( 'NONE', *, *, #4853, .T. ) ;
#8590 = ADVANCED_FACE ( 'NONE', ( #9373 ), #8195, .T. ) ;
#8591 = EDGE_LOOP ( 'NONE', ( #12651, #11713, #10893, #12646 ) ) ;
#8592 = LINE ( 'NONE', #11549, #1881 ) ;
#8593 = ORIENTED_EDGE ( 'NONE', *, *, #10717, .F. ) ;
#8594 = DIRECTION ( 'NONE',  ( 0.000000000000000000, 0.5000000000000009992, 0.8660254037844380415 ) ) ;
#8595 = FACE_OUTER_BOUND ( 'NONE', #5103, .T. ) ;
#8596 = DIRECTION ( 'NONE',  ( -1.000000000000000000, -0.000000000000000000, -0.000000000000000000 ) ) ;
#8597 = VERTEX_POINT ( 'NONE', #397 ) ;
#8598 = DIRECTION ( 'NONE',  ( 1.000000000000000000, 0.000000000000000000, 0.000000000000000000 ) ) ;
#8599 = CARTESIAN_POINT ( 'NONE',  ( 5.000000000000006217, -13.95342753719890716, 78.77373839018187596 ) ) ;
#8600 = CARTESIAN_POINT ( 'NONE',  ( 5.000000000000006217, -134.9122840309201479, -37.93101358992194605 ) ) ;
#8601 = CARTESIAN_POINT ( 'NONE',  ( -4.999999999999990230, -51.78071662951091270, -130.0721237826703600 ) ) ;
#8602 = CYLINDRICAL_SURFACE ( 'NONE', #2543, 100.0000000000001990 ) ;
#8603 = LINE ( 'NONE', #12532, #2138 ) ;
#8604 = ADVANCED_FACE ( 'NONE', ( #10079 ), #1498, .T. ) ;
#8605 = EDGE_CURVE ( 'NONE', #7356, #4403, #2184, .T. ) ;
#8606 = ADVANCED_FACE ( 'NONE', ( #2404 ), #9185, .F. ) ;
#8607 = ORIENTED_EDGE ( 'NONE', *, *, #2080, .F. ) ;
#8608 = CARTESIAN_POINT ( 'NONE',  ( 5.000000000000006217, -74.37371037525457496, 154.0402834560586882 ) ) ;
#8609 = DIRECTION ( 'NONE',  ( 0.000000000000000000, 0.9396926207859093161, 0.3420201433256663259 ) ) ;
#8610 = CARTESIAN_POINT ( 'NONE',  ( -4.999999999999993783, -78.77373839018171964, -13.95342753719973317 ) ) ;
#8611 = ADVANCED_FACE ( 'NONE', ( #7239 ), #6283, .F. ) ;
#8612 = EDGE_CURVE ( 'NONE', #6907, #118, #1236, .T. ) ;
#8613 = CARTESIAN_POINT ( 'NONE',  ( -5.326114355432564729, -50.06691638806216815, 18.05501411274856238 ) ) ;
#8614 = DIRECTION ( 'NONE',  ( -1.000000000000000000, -0.000000000000000000, -0.000000000000000000 ) ) ;
#8615 = AXIS2_PLACEMENT_3D ( 'NONE', #9589, #11499, #4686 ) ;
#8616 = CYLINDRICAL_SURFACE ( 'NONE', #1684, 100.0000000000000000 ) ;
#8617 = VERTEX_POINT ( 'NONE', #8259 ) ;
#8618 = FACE_OUTER_BOUND ( 'NONE', #11726, .T. ) ;
#8619 = DIRECTION ( 'NONE',  ( 0.000000000000000000, 0.000000000000000000, 1.000000000000000000 ) ) ;
#8620 = ORIENTED_EDGE ( 'NONE', *, *, #165, .F. ) ;
#8621 = DIRECTION ( 'NONE',  ( 0.000000000000000000, 0.000000000000000000, 1.000000000000000000 ) ) ;
#8622 = ORIENTED_EDGE ( 'NONE', *, *, #2206, .F. ) ;
#8623 = DIRECTION ( 'NONE',  ( 0.000000000000000000, 0.000000000000000000, 1.000000000000000000 ) ) ;
#8624 = ORIENTED_EDGE ( 'NONE', *, *, #4480, .T. ) ;
#8625 = ORIENTED_EDGE ( 'NONE', *, *, #11775, .F. ) ;
#8626 = CARTESIAN_POINT ( 'NONE',  ( 5.000000000000006217, 89.39176922837326345, -144.4171432598695333 ) ) ;
#8627 = CIRCLE ( 'NONE', #4715, 140.0000000000000000 ) ;
#8628 = ORIENTED_EDGE ( 'NONE', *, *, #2801, .F. ) ;
#8629 = ADVANCED_FACE ( 'NONE', ( #9120 ), #3374, .T. ) ;
#8630 = CARTESIAN_POINT ( 'NONE',  ( -4.999999999999993783, 107.2943586208340463, -90.02964525296222575 ) ) ;
#8631 = PLANE ( 'NONE',  #6693 ) ;
#8632 = ORIENTED_EDGE ( 'NONE', *, *, #12499, .F. ) ;
#8633 = DIRECTION ( 'NONE',  ( 0.000000000000000000, -0.9919634625682268725, 0.1265246573978923150 ) ) ;
#8634 = ORIENTED_EDGE ( 'NONE', *, *, #9174, .T. ) ;
#8635 = DIRECTION ( 'NONE',  ( 0.000000000000000000, 0.6427876096865354771, -0.7660444431189813441 ) ) ;
#8636 = VECTOR ( 'NONE', #4561, 1000.000000000000000 ) ;
#8637 = DIRECTION ( 'NONE',  ( 0.000000000000000000, -0.3864081637724108287, 0.9223278869090069110 ) ) ;
#8638 = ORIENTED_EDGE ( 'NONE', *, *, #7141, .T. ) ;
#8639 = VERTEX_POINT ( 'NONE', #4272 ) ;
#8640 = CARTESIAN_POINT ( 'NONE',  ( -4.999999999999993783, 61.24334482836764693, 51.47089191217038007 ) ) ;
#8641 = CARTESIAN_POINT ( 'NONE',  ( 5.000000000000005329, 37.88848481756498643, -134.7756013461974760 ) ) ;
#8642 = EDGE_CURVE ( 'NONE', #7109, #839, #12124, .T. ) ;
#8643 = AXIS2_PLACEMENT_3D ( 'NONE', #6232, #12086, #9388 ) ;
#8644 = PLANE ( 'NONE',  #10157 ) ;
#8645 = EDGE_CURVE ( 'NONE', #1870, #5962, #10414, .T. ) ;
#8646 = CARTESIAN_POINT ( 'NONE',  ( 5.000000000000006217, 155.9887531452615690, -70.19520364235592069 ) ) ;
#8647 = VERTEX_POINT ( 'NONE', #4413 ) ;
#8648 = CARTESIAN_POINT ( 'NONE',  ( -4.999999999999993783, 154.0402834560579777, 74.37371037525610973 ) ) ;
#8649 = CARTESIAN_POINT ( 'NONE',  ( -4.999999999999997335, 57.06339097770900537, 25.54101966249750788 ) ) ;
#8650 = SHAPE_DEFINITION_REPRESENTATION ( #4349, #616 ) ;
#8651 = ORIENTED_EDGE ( 'NONE', *, *, #8017, .F. ) ;
#8652 = CIRCLE ( 'NONE', #11737, 100.0000000000001847 ) ;
#8653 = ORIENTED_EDGE ( 'NONE', *, *, #4232, .T. ) ;
#8654 = DIRECTION ( 'NONE',  ( -1.000000000000000000, -0.000000000000000000, -0.000000000000000000 ) ) ;
#8655 = ORIENTED_EDGE ( 'NONE', *, *, #7163, .F. ) ;
#8656 = CIRCLE ( 'NONE', #3925, 140.0000000000000000 ) ;
#8657 = CARTESIAN_POINT ( 'NONE',  ( 5.000000000000006217, 40.05413818588598929, -69.25074739081610176 ) ) ;
#8658 = DIRECTION ( 'NONE',  ( 0.000000000000000000, -0.6653231695327163076, -0.7465554768956828013 ) ) ;
#8659 = PLANE ( 'NONE',  #7450 ) ;
#8660 = AXIS2_PLACEMENT_3D ( 'NONE', #536, #7241, #9123 ) ;
#8661 = EDGE_CURVE ( 'NONE', #4071, #11516, #12263, .T. ) ;
#8662 = ORIENTED_EDGE ( 'NONE', *, *, #4305, .T. ) ;
#8663 = CIRCLE ( 'NONE', #3108, 100.0000000000001990 ) ;
#8664 = CARTESIAN_POINT ( 'NONE',  ( -87.20833333333341386, 0.000000000000000000, 0.000000000000000000 ) ) ;
#8665 = PLANE ( 'NONE',  #8686 ) ;
#8666 = CARTESIAN_POINT ( 'NONE',  ( 5.000000000000006217, -169.7647994192103340, -5.206971411071736888 ) ) ;
#8667 = FACE_OUTER_BOUND ( 'NONE', #10379, .T. ) ;
#8668 = DIRECTION ( 'NONE',  ( 0.000000000000000000, 0.000000000000000000, 1.000000000000000000 ) ) ;
#8669 = DIRECTION ( 'NONE',  ( 0.000000000000000000, -0.9754147273220595826, -0.2203771987371476171 ) ) ;
#8670 = ORIENTED_EDGE ( 'NONE', *, *, #4711, .T. ) ;
#8671 = CARTESIAN_POINT ( 'NONE',  ( 5.000000000000006217, -135.8029720483194467, 34.60692065529506323 ) ) ;
#8672 = AXIS2_PLACEMENT_3D ( 'NONE', #10171, #3316, #5391 ) ;
#8673 = FACE_OUTER_BOUND ( 'NONE', #5580, .T. ) ;
#8674 = CIRCLE ( 'NONE', #11137, 140.0000000000000000 ) ;
#8675 = AXIS2_PLACEMENT_3D ( 'NONE', #1732, #7465, #11400 ) ;
#8676 = DIRECTION ( 'NONE',  ( -1.000000000000000000, -0.000000000000000000, 0.000000000000000000 ) ) ;
#8677 = EDGE_CURVE ( 'NONE', #638, #5911, #8555, .T. ) ;
#8678 = DIRECTION ( 'NONE',  ( 0.000000000000000000, 0.9848077530122073542, -0.1736481776669339672 ) ) ;
#8679 = CIRCLE ( 'NONE', #2294, 140.0000000000000000 ) ;
#8680 = AXIS2_PLACEMENT_3D ( 'NONE', #3285, #11156, #8130 ) ;
#8681 = CIRCLE ( 'NONE', #8890, 140.0000000000000000 ) ;
#8682 = LINE ( 'NONE', #12541, #12763 ) ;
#8683 = DIRECTION ( 'NONE',  ( 0.000000000000000000, -0.9848077530122062440, 0.1736481776669403787 ) ) ;
#8684 = ORIENTED_EDGE ( 'NONE', *, *, #3257, .F. ) ;
#8685 = DIRECTION ( 'NONE',  ( -1.000000000000000000, -0.000000000000000000, -0.000000000000000000 ) ) ;
#8686 = AXIS2_PLACEMENT_3D ( 'NONE', #9582, #1773, #2744 ) ;
#8687 = DIRECTION ( 'NONE',  ( -1.000000000000000000, -0.000000000000000000, -0.000000000000000000 ) ) ;
#8688 = VERTEX_POINT ( 'NONE', #12070 ) ;
#8689 = ORIENTED_EDGE ( 'NONE', *, *, #7785, .F. ) ;
#8690 = DIRECTION ( 'NONE',  ( -1.000000000000000000, -0.000000000000000000, -0.000000000000000000 ) ) ;
#8691 = EDGE_LOOP ( 'NONE', ( #8220, #8443, #3505, #1542, #8607, #2432 ) ) ;
#8692 = EDGE_CURVE ( 'NONE', #2192, #8493, #4451, .T. ) ;
#8693 = EDGE_LOOP ( 'NONE', ( #12112, #1636 ) ) ;
#8694 = CARTESIAN_POINT ( 'NONE',  ( 5.000000000000004441, 131.5569669100271426, -47.88282006559374082 ) ) ;
#8695 = ADVANCED_FACE ( 'NONE', ( #8526 ), #1688, .F. ) ;
#8696 = AXIS2_PLACEMENT_3D ( 'NONE', #6116, #6168, #2114 ) ;
#8697 = AXIS2_PLACEMENT_3D ( 'NONE', #2447, #1363, #6522 ) ;
#8698 = AXIS2_PLACEMENT_3D ( 'NONE', #6622, #5666, #12542 ) ;
#8699 = VECTOR ( 'NONE', #5327, 1000.000000000000114 ) ;
#8700 = ORIENTED_EDGE ( 'NONE', *, *, #9632, .T. ) ;
#8701 = AXIS2_PLACEMENT_3D ( 'NONE', #4035, #6144, #7953 ) ;
#8702 = AXIS2_PLACEMENT_3D ( 'NONE', #9243, #9380, #11251 ) ;
#8703 = EDGE_CURVE ( 'NONE', #8380, #3471, #7124, .T. ) ;
#8704 = EDGE_CURVE ( 'NONE', #8328, #3916, #531, .T. ) ;
#8705 = CARTESIAN_POINT ( 'NONE',  ( -4.999999999999997335, -57.06339097770928248, 18.54101966249669786 ) ) ;
#8706 = ADVANCED_FACE ( 'NONE', ( #3684 ), #11623, .F. ) ;
#8707 = CARTESIAN_POINT ( 'NONE',  ( -87.20833333333341386, 0.000000000000000000, 140.0000000000000000 ) ) ;
#8708 = ORIENTED_EDGE ( 'NONE', *, *, #3669, .F. ) ;
#8709 = VERTEX_POINT ( 'NONE', #7612 ) ;
#8710 = DIRECTION ( 'NONE',  ( 0.000000000000000000, 0.7660444431189749048, -0.6427876096865430267 ) ) ;
#8711 = EDGE_CURVE ( 'NONE', #102, #5115, #11539, .T. ) ;
#8712 = VECTOR ( 'NONE', #222, 1000.000000000000000 ) ;
#8713 = CIRCLE ( 'NONE', #8298, 100.0000000000001990 ) ;
#8714 = VERTEX_POINT ( 'NONE', #4797 ) ;
#8715 = AXIS2_PLACEMENT_3D ( 'NONE', #12452, #12655, #11478 ) ;
#8716 = CARTESIAN_POINT ( 'NONE',  ( 5.000000000000005329, -139.6062630547011452, 10.49244089340455055 ) ) ;
#8717 = LINE ( 'NONE', #12649, #12195 ) ;
#8718 = CIRCLE ( 'NONE', #11793, 140.0000000000000000 ) ;
#8719 = ORIENTED_EDGE ( 'NONE', *, *, #7177, .F. ) ;
#8720 = ORIENTED_EDGE ( 'NONE', *, *, #5644, .F. ) ;
#8721 = EDGE_CURVE ( 'NONE', #4021, #9218, #11037, .T. ) ;
#8722 = CYLINDRICAL_SURFACE ( 'NONE', #4827, 100.0000000000001990 ) ;
#8723 = VECTOR ( 'NONE', #8273, 1000.000000000000114 ) ;
#8724 = CARTESIAN_POINT ( 'NONE',  ( 5.000000000000006217, -121.2978000584462137, 70.03042279760680344 ) ) ;
#8725 = AXIS2_PLACEMENT_3D ( 'NONE', #4131, #8911, #9941 ) ;
#8726 = DIRECTION ( 'NONE',  ( 0.000000000000000000, -0.9290865984476422978, 0.3698622616393698048 ) ) ;
#8727 = AXIS2_PLACEMENT_3D ( 'NONE', #4172, #6046, #8026 ) ;
#8728 = DIRECTION ( 'NONE',  ( 0.000000000000000000, -0.5406983122834239097, 0.8412165803726510127 ) ) ;
#8729 = EDGE_LOOP ( 'NONE', ( #2971, #6214, #3412, #3997, #7783, #6821 ) ) ;
#8730 = LINE ( 'NONE', #8528, #3106 ) ;
#8731 = CARTESIAN_POINT ( 'NONE',  ( 5.000000000000006217, -161.3076183917391688, 53.17002841738447927 ) ) ;
#8732 = CIRCLE ( 'NONE', #8106, 140.0000000000000000 ) ;
#8733 = ORIENTED_EDGE ( 'NONE', *, *, #7815, .T. ) ;
#8734 = ADVANCED_FACE ( 'NONE', ( #726 ), #3565, .T. ) ;
#8735 = DIRECTION ( 'NONE',  ( 0.000000000000000000, -0.5000000000000069944, -0.8660254037844344888 ) ) ;
#8736 = VERTEX_POINT ( 'NONE', #1756 ) ;
#8737 = VECTOR ( 'NONE', #3846, 1000.000000000000000 ) ;
#8738 = EDGE_CURVE ( 'NONE', #895, #665, #4653, .T. ) ;
#8739 = DIRECTION ( 'NONE',  ( -1.000000000000000000, -0.000000000000000000, -0.000000000000000000 ) ) ;
#8740 = CARTESIAN_POINT ( 'NONE',  ( -4.999999999999993783, 75.15400103636444840, 27.42035973919391267 ) ) ;
#8741 = AXIS2_PLACEMENT_3D ( 'NONE', #10936, #5975, #6895 ) ;
#8742 = DIRECTION ( 'NONE',  ( -1.000000000000000000, -0.000000000000000000, -0.000000000000000000 ) ) ;
#8743 = CC_DESIGN_APPROVAL ( #2862, ( #9559 ) ) ;
#8744 = CARTESIAN_POINT ( 'NONE',  ( -5.000000000000004441, 139.3073234657493344, 13.90933603048998002 ) ) ;
#8745 = PLANE ( 'NONE',  #862 ) ;
#8746 = FACE_OUTER_BOUND ( 'NONE', #253, .T. ) ;
#8747 = DIRECTION ( 'NONE',  ( 0.000000000000000000, 0.000000000000000000, -1.000000000000000000 ) ) ;
#8748 = DIRECTION ( 'NONE',  ( 0.000000000000000000, -0.6785596161822446959, 0.7345453337178072806 ) ) ;
#8749 = DIRECTION ( 'NONE',  ( 0.000000000000000000, 0.1265246573978956179, 0.9919634625682264284 ) ) ;
#8750 = ORIENTED_EDGE ( 'NONE', *, *, #4177, .F. ) ;
#8751 = ADVANCED_FACE ( 'NONE', ( #783 ), #4720, .F. ) ;
#8752 = ORIENTED_EDGE ( 'NONE', *, *, #7388, .T. ) ;
#8753 = DIRECTION ( 'NONE',  ( 0.000000000000000000, 0.9396926207859069846, -0.3420201433256727652 ) ) ;
#8754 = AXIS2_PLACEMENT_3D ( 'NONE', #11522, #1861, #6905 ) ;
#8755 = CARTESIAN_POINT ( 'NONE',  ( -5.000000000000004441, 0.000000000000000000, 0.000000000000000000 ) ) ;
#8756 = EDGE_CURVE ( 'NONE', #11313, #3226, #6298, .T. ) ;
#8757 = CARTESIAN_POINT ( 'NONE',  ( 5.000000000000006217, -90.02964525296256681, -107.2943586208337052 ) ) ;
#8758 = CARTESIAN_POINT ( 'NONE',  ( -5.114225919802097842, -50.15710647684788626, 19.76014218056930005 ) ) ;
#8759 = AXIS2_PLACEMENT_3D ( 'NONE', #9980, #2031, #10036 ) ;
#8760 = CYLINDRICAL_SURFACE ( 'NONE', #403, 100.0000000000001990 ) ;
#8761 = DIRECTION ( 'NONE',  ( 0.000000000000000000, 0.8660254037844397068, 0.4999999999999979461 ) ) ;
#8762 = ORIENTED_EDGE ( 'NONE', *, *, #2071, .T. ) ;
#8763 = CARTESIAN_POINT ( 'NONE',  ( 40.00000000000000711, 35.26711513754881366, -55.54101966249653088 ) ) ;
#8764 = DIRECTION ( 'NONE',  ( -1.000000000000000000, -0.000000000000000000, -0.000000000000000000 ) ) ;
#8765 = ORIENTED_EDGE ( 'NONE', *, *, #12383, .F. ) ;
#8766 = EDGE_LOOP ( 'NONE', ( #6320, #1429, #11524, #12500, #11672, #10688 ) ) ;
#8767 = DIRECTION ( 'NONE',  ( -1.000000000000000000, -0.000000000000000000, -0.000000000000000000 ) ) ;
#8768 = ORIENTED_EDGE ( 'NONE', *, *, #7513, .T. ) ;
#8769 = ORIENTED_EDGE ( 'NONE', *, *, #354, .T. ) ;
#8770 = DIRECTION ( 'NONE',  ( -1.000000000000000000, 0.000000000000000000, -0.000000000000000000 ) ) ;
#8771 = EDGE_CURVE ( 'NONE', #6238, #4667, #9593, .T. ) ;
#8772 = ORIENTED_EDGE ( 'NONE', *, *, #8885, .F. ) ;
#8773 = CARTESIAN_POINT ( 'NONE',  ( 5.000000000000006217, -6.391425146786512634, -79.74427681403240342 ) ) ;
#8774 = DIRECTION ( 'NONE',  ( 0.000000000000000000, 0.000000000000000000, 1.000000000000000000 ) ) ;
#8775 = ORIENTED_EDGE ( 'NONE', *, *, #2462, .T. ) ;
#8776 = ORIENTED_EDGE ( 'NONE', *, *, #1195, .F. ) ;
#8777 = DIRECTION ( 'NONE',  ( 0.000000000000000000, 1.000000000000000000, -3.491481338843133355E-15 ) ) ;
#8778 = AXIS2_PLACEMENT_3D ( 'NONE', #5632, #6727, #6585 ) ;
#8779 = ORIENTED_EDGE ( 'NONE', *, *, #10307, .T. ) ;
#8780 = DIRECTION ( 'NONE',  ( -1.000000000000000000, -0.000000000000000000, -0.000000000000000000 ) ) ;
#8781 = ORIENTED_EDGE ( 'NONE', *, *, #6245, .T. ) ;
#8782 = DIRECTION ( 'NONE',  ( 0.000000000000000000, 0.9995561643689829801, -0.02979050640668165495 ) ) ;
#8783 = ORIENTED_EDGE ( 'NONE', *, *, #7581, .F. ) ;
#8784 = EDGE_LOOP ( 'NONE', ( #3139, #6718, #12180, #6045 ) ) ;
#8785 = EDGE_CURVE ( 'NONE', #2512, #4581, #9682, .T. ) ;
#8786 = CARTESIAN_POINT ( 'NONE',  ( 5.000000000000006217, 70.19520364235756915, 155.9887531452608016 ) ) ;
#8787 = EDGE_CURVE ( 'NONE', #4657, #7149, #2802, .T. ) ;
#8788 = DIRECTION ( 'NONE',  ( -1.000000000000000000, -0.000000000000000000, -0.000000000000000000 ) ) ;
#8789 = CARTESIAN_POINT ( 'NONE',  ( 5.000000000000004441, 93.14524373458132800, 104.5177667653946969 ) ) ;
#8790 = EDGE_CURVE ( 'NONE', #1079, #3637, #124, .T. ) ;
#8791 = ADVANCED_FACE ( 'NONE', ( #4601 ), #589, .F. ) ;
#8792 = DIRECTION ( 'NONE',  ( -1.000000000000000000, -0.000000000000000000, -0.000000000000000000 ) ) ;
#8793 = VERTEX_POINT ( 'NONE', #6529 ) ;
#8794 = CARTESIAN_POINT ( 'NONE',  ( -5.000000000000004441, 0.000000000000000000, 0.000000000000000000 ) ) ;
#8795 = CARTESIAN_POINT ( 'NONE',  ( -4.999999999999993783, -61.32372863323242029, 51.37509422393639369 ) ) ;
#8796 = VERTEX_POINT ( 'NONE', #1614 ) ;
#8797 = DIRECTION ( 'NONE',  ( 0.000000000000000000, 0.3864081637724170459, -0.9223278869090042464 ) ) ;
#8798 = DIRECTION ( 'NONE',  ( 0.000000000000000000, 0.000000000000000000, 1.000000000000000000 ) ) ;
#8799 = ORIENTED_EDGE ( 'NONE', *, *, #6253, .T. ) ;
#8800 = CARTESIAN_POINT ( 'NONE',  ( 5.000000000000006217, 79.99997556444867541, 0.06252750026174147546 ) ) ;
#8801 = EDGE_CURVE ( 'NONE', #10060, #8498, #3414, .T. ) ;
#8802 = DIRECTION ( 'NONE',  ( -1.000000000000000000, 0.000000000000000000, 0.000000000000000000 ) ) ;
#8803 = DIRECTION ( 'NONE',  ( -1.000000000000000000, -0.000000000000000000, -0.000000000000000000 ) ) ;
#8804 = CARTESIAN_POINT ( 'NONE',  ( 5.000000000000006217, 165.8082026736152272, -42.04161805105150052 ) ) ;
#8805 = FACE_OUTER_BOUND ( 'NONE', #806, .T. ) ;
#8806 = PLANE ( 'NONE',  #4829 ) ;
#8807 = VERTEX_POINT ( 'NONE', #6921 ) ;
#8808 = ORIENTED_EDGE ( 'NONE', *, *, #4600, .T. ) ;
#8809 = DIRECTION ( 'NONE',  ( 0.000000000000000000, 0.8660254037844363761, -0.5000000000000039968 ) ) ;
#8810 = CARTESIAN_POINT ( 'NONE',  ( -4.999999999999993783, 21.26817393859643701, -77.12110461681425022 ) ) ;
#8811 = ADVANCED_FACE ( 'NONE', ( #9761 ), #3886, .T. ) ;
#8812 = DIRECTION ( 'NONE',  ( 0.000000000000000000, 0.000000000000000000, 1.000000000000000000 ) ) ;
#8813 = EDGE_CURVE ( 'NONE', #11439, #8507, #9297, .T. ) ;
#8814 = DIRECTION ( 'NONE',  ( -1.000000000000000000, 0.000000000000000000, 0.000000000000000000 ) ) ;
#8815 = EDGE_CURVE ( 'NONE', #1658, #10200, #9874, .T. ) ;
#8816 = DIRECTION ( 'NONE',  ( -1.000000000000000000, -0.000000000000000000, -0.000000000000000000 ) ) ;
#8817 = ORIENTED_EDGE ( 'NONE', *, *, #12042, .F. ) ;
#8818 = LINE ( 'NONE', #7720, #9760 ) ;
#8819 = CARTESIAN_POINT ( 'NONE',  ( 5.000000000000006217, 134.9122840309204321, 37.93101358992105787 ) ) ;
#8820 = VERTEX_POINT ( 'NONE', #2066 ) ;
#8821 = ORIENTED_EDGE ( 'NONE', *, *, #9900, .T. ) ;
#8822 = CARTESIAN_POINT ( 'NONE',  ( 15.30641678441775611, 50.66979716487422536, 21.39092460064559731 ) ) ;
#8823 = VERTEX_POINT ( 'NONE', #4076 ) ;
#8824 = ORIENTED_EDGE ( 'NONE', *, *, #8815, .F. ) ;
#8825 = LINE ( 'NONE', #6385, #12173 ) ;
#8826 = ORIENTED_EDGE ( 'NONE', *, *, #974, .F. ) ;
#8827 = DIRECTION ( 'NONE',  ( -1.000000000000000000, -0.000000000000000000, 0.000000000000000000 ) ) ;
#8828 = ADVANCED_FACE ( 'NONE', ( #9949 ), #10789, .F. ) ;
#8829 = EDGE_LOOP ( 'NONE', ( #8808, #4460, #3813, #3284, #3801, #12429 ) ) ;
#8830 = EDGE_CURVE ( 'NONE', #351, #9800, #3126, .T. ) ;
#8831 = VERTEX_POINT ( 'NONE', #5054 ) ;
#8832 = DIRECTION ( 'NONE',  ( -1.000000000000000000, 0.000000000000000000, 0.000000000000000000 ) ) ;
#8833 = EDGE_LOOP ( 'NONE', ( #2589, #5709, #1170 ) ) ;
#8834 = DIRECTION ( 'NONE',  ( -1.000000000000000000, -0.000000000000000000, -0.000000000000000000 ) ) ;
#8835 = ORIENTED_EDGE ( 'NONE', *, *, #9638, .F. ) ;
#8836 = DIRECTION ( 'NONE',  ( 0.000000000000000000, 0.8888667644071397422, -0.4581657725456826369 ) ) ;
#8837 = VERTEX_POINT ( 'NONE', #1036 ) ;
#8838 = EDGE_LOOP ( 'NONE', ( #6701, #9430, #3346 ) ) ;
#8839 = AXIS2_PLACEMENT_3D ( 'NONE', #2691, #5673, #4571 ) ;
#8840 = CARTESIAN_POINT ( 'NONE',  ( -4.999999999999992895, -24.31074487336888623, 137.8730854217094191 ) ) ;
#8841 = DIRECTION ( 'NONE',  ( -1.000000000000000000, -0.000000000000000000, -0.000000000000000000 ) ) ;
#8842 = PLANE ( 'NONE',  #6041 ) ;
#8843 = CIRCLE ( 'NONE', #12122, 100.0000000000001990 ) ;
#8844 = ADVANCED_FACE ( 'NONE', ( #11815 ), #8984, .T. ) ;
#8845 = CARTESIAN_POINT ( 'NONE',  ( 5.000000000000006217, -133.3943579393228163, 105.1339381126582282 ) ) ;
#8846 = ORIENTED_EDGE ( 'NONE', *, *, #6440, .F. ) ;
#8847 = CARTESIAN_POINT ( 'NONE',  ( -4.999999999999998224, 4.365857870512272143, 54.51135846364114457 ) ) ;
#8848 = FACE_OUTER_BOUND ( 'NONE', #9002, .T. ) ;
#8849 = ORIENTED_EDGE ( 'NONE', *, *, #5749, .F. ) ;
#8850 = DIRECTION ( 'NONE',  ( -1.000000000000000000, -0.000000000000000000, -0.000000000000000000 ) ) ;
#8851 = EDGE_CURVE ( 'NONE', #4709, #12570, #1061, .T. ) ;
#8852 = FACE_OUTER_BOUND ( 'NONE', #7724, .T. ) ;
#8853 = EDGE_CURVE ( 'NONE', #2351, #10693, #9500, .T. ) ;
#8854 = AXIS2_PLACEMENT_3D ( 'NONE', #9141, #2362, #6414 ) ;
#8855 = ORIENTED_EDGE ( 'NONE', *, *, #5239, .F. ) ;
#8856 = CARTESIAN_POINT ( 'NONE',  ( 18.24513409807465081, -52.05083984121772289, 13.64833738932851581 ) ) ;
#8857 = CARTESIAN_POINT ( 'NONE',  ( 15.00000000000000711, 6.123233995736765296E-15, -49.99999999999999289 ) ) ;
#8858 = FACE_BOUND ( 'NONE', #8201, .T. ) ;
#8859 = DIRECTION ( 'NONE',  ( 0.000000000000000000, -0.1442331847429578762, 0.9895437273910151488 ) ) ;
#8860 = VECTOR ( 'NONE', #2159, 1000.000000000000000 ) ;
#8861 = CARTESIAN_POINT ( 'NONE',  ( 5.000000000000004441, 0.000000000000000000, 0.000000000000000000 ) ) ;
#8862 = CYLINDRICAL_SURFACE ( 'NONE', #1514, 100.0000000000000000 ) ;
#8863 = AXIS2_PLACEMENT_3D ( 'NONE', #3300, #11358, #8147 ) ;
#8864 = ORIENTED_EDGE ( 'NONE', *, *, #11853, .T. ) ;
#8865 = ORIENTED_EDGE ( 'NONE', *, *, #6225, .T. ) ;
#8866 = CARTESIAN_POINT ( 'NONE',  ( 5.000000000000006217, -155.9887531452610574, 70.19520364235701493 ) ) ;
#8867 = CARTESIAN_POINT ( 'NONE',  ( -4.999999999999993783, 119.3132105852220661, 122.5733066456625693 ) ) ;
#8868 = EDGE_CURVE ( 'NONE', #1537, #1058, #1956, .T. ) ;
#8869 = AXIS2_PLACEMENT_3D ( 'NONE', #9490, #7421, #3630 ) ;
#8870 = CARTESIAN_POINT ( 'NONE',  ( -4.999999999999993783, -105.1339381126578445, -133.3943579393231573 ) ) ;
#8871 = FACE_OUTER_BOUND ( 'NONE', #3576, .T. ) ;
#8872 = DIRECTION ( 'NONE',  ( -1.000000000000000000, -0.000000000000000000, -0.000000000000000000 ) ) ;
#8873 = CARTESIAN_POINT ( 'NONE',  ( 5.000000000000006217, -10.49922515126862521, -139.7492484617412174 ) ) ;
#8874 = VERTEX_POINT ( 'NONE', #11682 ) ;
#8875 = PLANE ( 'NONE',  #8301 ) ;
#8877 = DIRECTION ( 'NONE',  ( 0.000000000000000000, 0.9995561643689832021, -0.02979050640667467095 ) ) ;
#8876 = VECTOR ( 'NONE', #2363, 1000.000000000000114 ) ;
#8878 = ORIENTED_EDGE ( 'NONE', *, *, #318, .T. ) ;
#8879 = AXIS2_PLACEMENT_3D ( 'NONE', #4, #3267, #3946 ) ;
#8880 = ORIENTED_EDGE ( 'NONE', *, *, #7407, .F. ) ;
#8881 = CARTESIAN_POINT ( 'NONE',  ( 5.000000000000006217, 166.2815095599040376, 34.60721386647542630 ) ) ;
#8882 = AXIS2_PLACEMENT_3D ( 'NONE', #7396, #11326, #5479 ) ;
#8883 = ORIENTED_EDGE ( 'NONE', *, *, #165, .T. ) ;
#8884 = DIRECTION ( 'NONE',  ( 0.000000000000000000, 0.6427876096865404731, 0.7660444431189770143 ) ) ;
#8885 = EDGE_CURVE ( 'NONE', #3805, #5451, #3044, .T. ) ;
#8886 = ADVANCED_FACE ( 'NONE', ( #8917 ), #84, .F. ) ;
#8887 = ORIENTED_EDGE ( 'NONE', *, *, #5389, .F. ) ;
#8888 = AXIS2_PLACEMENT_3D ( 'NONE', #8569, #1856, #7846 ) ;
#8889 = AXIS2_PLACEMENT_3D ( 'NONE', #2144, #6076, #1169 ) ;
#8890 = AXIS2_PLACEMENT_3D ( 'NONE', #8554, #2562, #6497 ) ;
#8891 = AXIS2_PLACEMENT_3D ( 'NONE', #2740, #6540, #4540 ) ;
#8892 = CARTESIAN_POINT ( 'NONE',  ( -4.999999999999993783, -139.4493146771847591, -13.92748399611392252 ) ) ;
#8893 = CARTESIAN_POINT ( 'NONE',  ( -4.999999999999990230, 0.000000000000000000, 0.000000000000000000 ) ) ;
#8894 = ORIENTED_EDGE ( 'NONE', *, *, #10868, .F. ) ;
#8895 = PLANE ( 'NONE',  #11175 ) ;
#8896 = ORIENTED_EDGE ( 'NONE', *, *, #8017, .T. ) ;
#8897 = DIRECTION ( 'NONE',  ( -1.000000000000000000, -0.000000000000000000, -0.000000000000000000 ) ) ;
#8898 = ORIENTED_EDGE ( 'NONE', *, *, #1901, .T. ) ;
#8899 = FACE_OUTER_BOUND ( 'NONE', #12301, .T. ) ;
#8900 = ORIENTED_EDGE ( 'NONE', *, *, #10952, .T. ) ;
#8901 = AXIS2_PLACEMENT_3D ( 'NONE', #4297, #7386, #5285 ) ;
#8902 = VECTOR ( 'NONE', #3783, 1000.000000000000000 ) ;
#8903 = ORIENTED_EDGE ( 'NONE', *, *, #7049, .F. ) ;
#8904 = VECTOR ( 'NONE', #1726, 1000.000000000000000 ) ;
#8905 = EDGE_CURVE ( 'NONE', #8044, #8921, #4919, .T. ) ;
#8906 = AXIS2_PLACEMENT_3D ( 'NONE', #357, #10279, #4425 ) ;
#8907 = VECTOR ( 'NONE', #8260, 1000.000000000000000 ) ;
#8908 = AXIS2_PLACEMENT_3D ( 'NONE', #4341, #11300, #11112 ) ;
#8909 = DIRECTION ( 'NONE',  ( -1.000000000000000000, 0.000000000000000000, 0.000000000000000000 ) ) ;
#8910 = EDGE_CURVE ( 'NONE', #4868, #72, #8059, .T. ) ;
#8911 = DIRECTION ( 'NONE',  ( -1.000000000000000000, 0.000000000000000000, -0.000000000000000000 ) ) ;
#8912 = CIRCLE ( 'NONE', #11168, 100.0000000000001990 ) ;
#8913 = CIRCLE ( 'NONE', #10550, 140.0000000000000000 ) ;
#8914 = AXIS2_PLACEMENT_3D ( 'NONE', #10262, #7234, #1496 ) ;
#8915 = ORIENTED_EDGE ( 'NONE', *, *, #10194, .T. ) ;
#8916 = VECTOR ( 'NONE', #12240, 1000.000000000000000 ) ;
#8917 = FACE_OUTER_BOUND ( 'NONE', #4013, .T. ) ;
#8918 = ORIENTED_EDGE ( 'NONE', *, *, #9805, .T. ) ;
#8919 = DIRECTION ( 'NONE',  ( -1.000000000000000000, -0.000000000000000000, -0.000000000000000000 ) ) ;
#8920 = DIRECTION ( 'NONE',  ( 0.000000000000000000, 0.000000000000000000, 1.000000000000000000 ) ) ;
#8921 = VERTEX_POINT ( 'NONE', #3100 ) ;
#8922 = CARTESIAN_POINT ( 'NONE',  ( -5.000000000000004441, 0.000000000000000000, 0.000000000000000000 ) ) ;
#8923 = AXIS2_PLACEMENT_3D ( 'NONE', #8657, #736, #4672 ) ;
#8924 = CIRCLE ( 'NONE', #5627, 100.0000000000000000 ) ;
#8925 = LINE ( 'NONE', #93, #3984 ) ;
#8926 = AXIS2_PLACEMENT_3D ( 'NONE', #11279, #5488, #11226 ) ;
#8927 = ADVANCED_FACE ( 'NONE', ( #1113 ), #142, .F. ) ;
#8928 = ORIENTED_EDGE ( 'NONE', *, *, #3410, .T. ) ;
#8929 = AXIS2_PLACEMENT_3D ( 'NONE', #9655, #10876, #5025 ) ;
#8930 = CARTESIAN_POINT ( 'NONE',  ( 18.71844557892311656, -51.33454712796810782, 14.50781258843816701 ) ) ;
#8931 = CARTESIAN_POINT ( 'NONE',  ( -5.000000000000004441, 37.88848481756498643, -134.7756013461974760 ) ) ;
#8932 = AXIS2_PLACEMENT_3D ( 'NONE', #4467, #11047, #4215 ) ;
#8933 = DIRECTION ( 'NONE',  ( -1.000000000000000000, -0.000000000000000000, -0.000000000000000000 ) ) ;
#8934 = EDGE_CURVE ( 'NONE', #6869, #12312, #3535, .T. ) ;
#8935 = AXIS2_PLACEMENT_3D ( 'NONE', #11260, #9202, #10173 ) ;
#8936 = DIRECTION ( 'NONE',  ( 0.000000000000000000, 0.3420201433256629953, -0.9396926207859104263 ) ) ;
#8937 = DIRECTION ( 'NONE',  ( 0.000000000000000000, 0.000000000000000000, -1.000000000000000000 ) ) ;
#8938 = DIRECTION ( 'NONE',  ( 0.000000000000000000, 0.8660254037844399289, 0.4999999999999979461 ) ) ;
#8939 = AXIS2_PLACEMENT_3D ( 'NONE', #940, #9642, #2812 ) ;
#8940 = ORIENTED_EDGE ( 'NONE', *, *, #11756, .T. ) ;
#8941 = EDGE_LOOP ( 'NONE', ( #1103, #6177, #9880, #7140, #4296, #4176 ) ) ;
#8942 = CARTESIAN_POINT ( 'NONE',  ( 34.99999999999996447, 3.673940397442058389E-15, -29.99999999999999289 ) ) ;
#8943 = ADVANCED_FACE ( 'NONE', ( #5110 ), #3174, .T. ) ;
#8944 = DIRECTION ( 'NONE',  ( -1.000000000000000000, -0.000000000000000000, -0.000000000000000000 ) ) ;
#8945 = EDGE_CURVE ( 'NONE', #3593, #11947, #9224, .T. ) ;
#8946 = EDGE_CURVE ( 'NONE', #65, #12117, #9920, .T. ) ;
#8947 = CIRCLE ( 'NONE', #1313, 140.0000000000000000 ) ;
#8948 = DIRECTION ( 'NONE',  ( -1.000000000000000000, -0.000000000000000000, -0.000000000000000000 ) ) ;
#8949 = EDGE_CURVE ( 'NONE', #3021, #12036, #10328, .T. ) ;
#8950 = CYLINDRICAL_SURFACE ( 'NONE', #934, 7.000000000000013323 ) ;
#8951 = ADVANCED_FACE ( 'NONE', ( #5590 ), #4399, .T. ) ;
#8952 = EDGE_CURVE ( 'NONE', #10884, #8976, #4784, .T. ) ;
#8953 = CARTESIAN_POINT ( 'NONE',  ( -4.999999999999990230, -138.5361218347420049, -20.19264586401507700 ) ) ;
#8954 = CARTESIAN_POINT ( 'NONE',  ( 5.000000000000006217, -75.19677236556650257, 27.30284647801117259 ) ) ;
#8955 = ORIENTED_EDGE ( 'NONE', *, *, #5693, .F. ) ;
#8956 = DIRECTION ( 'NONE',  ( -1.000000000000000000, 0.000000000000000000, -0.000000000000000000 ) ) ;
#8957 = AXIS2_PLACEMENT_3D ( 'NONE', #2442, #2639, #6571 ) ;
#8958 = FACE_OUTER_BOUND ( 'NONE', #6068, .T. ) ;
#8959 = EDGE_LOOP ( 'NONE', ( #2379, #7428, #12364, #1587, #10044, #5796 ) ) ;
#8960 = EDGE_LOOP ( 'NONE', ( #9172, #10072, #2385, #11822, #11109, #6338, #7995, #4028, #5600, #12626 ) ) ;
#8961 = CARTESIAN_POINT ( 'NONE',  ( 14.99999999999997158, 50.66979716487420404, 21.39092460064557244 ) ) ;
#8962 = EDGE_LOOP ( 'NONE', ( #7562, #8458, #6836, #7094, #8200, #9544 ) ) ;
#8963 = CARTESIAN_POINT ( 'NONE',  ( 5.000000000000006217, 47.90336138264957100, 131.6156692209314372 ) ) ;
#8964 = EDGE_LOOP ( 'NONE', ( #7537, #11471, #11909, #4824, #8835, #6965 ) ) ;
#8965 = CIRCLE ( 'NONE', #6697, 6.999999999999999112 ) ;
#8966 = PLANE ( 'NONE',  #5055 ) ;
#8967 = EDGE_CURVE ( 'NONE', #7331, #8267, #11971, .T. ) ;
#8968 = DIRECTION ( 'NONE',  ( 0.000000000000000000, 0.000000000000000000, -1.000000000000000000 ) ) ;
#8969 = ORIENTED_EDGE ( 'NONE', *, *, #8645, .F. ) ;
#8970 = CARTESIAN_POINT ( 'NONE',  ( -4.999999999999993783, 51.47089191217101956, -61.24334482836710691 ) ) ;
#8971 = VERTEX_POINT ( 'NONE', #10066 ) ;
#8972 = LINE ( 'NONE', #11727, #1461 ) ;
#8973 = ORIENTED_EDGE ( 'NONE', *, *, #6245, .F. ) ;
#8974 = LINE ( 'NONE', #9163, #5007 ) ;
#8975 = AXIS2_PLACEMENT_3D ( 'NONE', #8664, #12407, #4814 ) ;
#8976 = VERTEX_POINT ( 'NONE', #7161 ) ;
#8977 = ORIENTED_EDGE ( 'NONE', *, *, #10277, .F. ) ;
#8978 = CYLINDRICAL_SURFACE ( 'NONE', #12639, 100.0000000000001990 ) ;
#8979 = LINE ( 'NONE', #1220, #12009 ) ;
#8981 = DIRECTION ( 'NONE',  ( -1.000000000000000000, -0.000000000000000000, -0.000000000000000000 ) ) ;
#8980 = AXIS2_PLACEMENT_3D ( 'NONE', #8452, #12385, #11426 ) ;
#8982 = EDGE_CURVE ( 'NONE', #1615, #10319, #5396, .T. ) ;
#8983 = ORIENTED_EDGE ( 'NONE', *, *, #10240, .T. ) ;
#8984 = CYLINDRICAL_SURFACE ( 'NONE', #3950, 100.0000000000001990 ) ;
#8985 = EDGE_CURVE ( 'NONE', #5115, #6922, #6419, .T. ) ;
#8986 = ORIENTED_EDGE ( 'NONE', *, *, #10211, .T. ) ;
#8987 = LINE ( 'NONE', #1115, #11535 ) ;
#8988 = CARTESIAN_POINT ( 'NONE',  ( -5.009686049557275922, -35.51155509001504385, -41.54101966249804434 ) ) ;
#8989 = ADVANCED_FACE ( 'NONE', ( #11092 ), #1645, .F. ) ;
#8990 = DIRECTION ( 'NONE',  ( -1.000000000000000000, -0.000000000000000000, -0.000000000000000000 ) ) ;
#8991 = ORIENTED_EDGE ( 'NONE', *, *, #12159, .F. ) ;
#8992 = DIRECTION ( 'NONE',  ( 0.000000000000000000, 0.000000000000000000, 1.000000000000000000 ) ) ;
#8993 = DIRECTION ( 'NONE',  ( -1.000000000000000000, -0.000000000000000000, -0.000000000000000000 ) ) ;
#8994 = ORIENTED_EDGE ( 'NONE', *, *, #331, .T. ) ;
#8995 = CARTESIAN_POINT ( 'NONE',  ( 18.91460863874191389, -50.12643107649424223, 17.55619183973027475 ) ) ;
#8996 = CARTESIAN_POINT ( 'NONE',  ( -4.999999999999993783, -39.94583737856282823, -69.31327489107758311 ) ) ;
#8997 = CARTESIAN_POINT ( 'NONE',  ( 5.000000000000006217, -105.1339381126578445, -133.3943579393231573 ) ) ;
#8998 = DIRECTION ( 'NONE',  ( 0.000000000000000000, 0.000000000000000000, 1.000000000000000000 ) ) ;
#8999 = LINE ( 'NONE', #10082, #3731 ) ;
#9000 = EDGE_CURVE ( 'NONE', #10774, #7654, #6269, .T. ) ;
#9001 = FACE_OUTER_BOUND ( 'NONE', #5350, .T. ) ;
#9002 = EDGE_LOOP ( 'NONE', ( #9749, #4108, #11797, #12693, #3377, #2794 ) ) ;
#9003 = ORIENTED_EDGE ( 'NONE', *, *, #991, .T. ) ;
#9004 = CARTESIAN_POINT ( 'NONE',  ( 5.000000000000006217, 0.0007748487313753557506, -140.0621876725833772 ) ) ;
#9005 = DIRECTION ( 'NONE',  ( 1.000000000000000000, 0.000000000000000000, 0.000000000000000000 ) ) ;
#9006 = CARTESIAN_POINT ( 'NONE',  ( -4.999999999999993783, 24.35148223580200977, 168.0898717532970466 ) ) ;
#9007 = LINE ( 'NONE', #7832, #9171 ) ;
#9008 = CARTESIAN_POINT ( 'NONE',  ( -5.191786055275110279, -33.68701603763275898, -41.71005907333478291 ) ) ;
#9009 = CARTESIAN_POINT ( 'NONE',  ( 5.000000000000006217, 170.1878247496342169, 17.20354699452879288 ) ) ;
#9011 = ORIENTED_EDGE ( 'NONE', *, *, #7974, .F. ) ;
#9010 = EDGE_CURVE ( 'NONE', #6704, #1094, #2916, .T. ) ;
#9012 = CARTESIAN_POINT ( 'NONE',  ( -5.000000000000004441, 126.1487907794871859, 60.71641116595391452 ) ) ;
#9013 = DIRECTION ( 'NONE',  ( -1.000000000000000000, 0.000000000000000000, 0.000000000000000000 ) ) ;
#9014 = ORIENTED_EDGE ( 'NONE', *, *, #4556, .T. ) ;
#9015 = ORIENTED_EDGE ( 'NONE', *, *, #11317, .F. ) ;
#9016 = CARTESIAN_POINT ( 'NONE',  ( 17.90191478615603060, 50.22344459852975973, 20.05070249411145866 ) ) ;
#9017 = ORIENTED_EDGE ( 'NONE', *, *, #6496, .F. ) ;
#9018 = LINE ( 'NONE', #10048, #11157 ) ;
#9019 = ADVANCED_FACE ( 'NONE', ( #2259 ), #8057, .F. ) ;
#9020 = EDGE_CURVE ( 'NONE', #1733, #8328, #11353, .T. ) ;
#9021 = DIRECTION ( 'NONE',  ( -1.000000000000000000, 0.000000000000000000, 0.000000000000000000 ) ) ;
#9022 = CARTESIAN_POINT ( 'NONE',  ( 5.000000000000006217, 126.2760119032861610, 60.78202852981828386 ) ) ;
#9023 = ORIENTED_EDGE ( 'NONE', *, *, #6412, .F. ) ;
#9024 = DIRECTION ( 'NONE',  ( 0.000000000000000000, -0.2029090280938773416, -0.9791975930924249338 ) ) ;
#9025 = VERTEX_POINT ( 'NONE', #6192 ) ;
#9026 = DIRECTION ( 'NONE',  ( -1.000000000000000000, -0.000000000000000000, -0.000000000000000000 ) ) ;
#9027 = ORIENTED_EDGE ( 'NONE', *, *, #5539, .T. ) ;
#9028 = DIRECTION ( 'NONE',  ( -1.000000000000000000, -0.000000000000000000, -0.000000000000000000 ) ) ;
#9029 = ORIENTED_EDGE ( 'NONE', *, *, #1033, .T. ) ;
#9030 = ORIENTED_EDGE ( 'NONE', *, *, #3536, .T. ) ;
#9031 = EDGE_CURVE ( 'NONE', #11931, #12312, #3745, .T. ) ;
#9032 = LINE ( 'NONE', #519, #7481 ) ;
#9033 = CARTESIAN_POINT ( 'NONE',  ( 5.000000000000006217, 149.6241146709421628, -80.37303019083685740 ) ) ;
#9034 = ORIENTED_EDGE ( 'NONE', *, *, #6388, .F. ) ;
#9035 = CARTESIAN_POINT ( 'NONE',  ( 5.000000000000006217, 164.6149246967153488, 46.49499208839476694 ) ) ;
#9036 = ORIENTED_EDGE ( 'NONE', *, *, #9550, .T. ) ;
#9037 = CYLINDRICAL_SURFACE ( 'NONE', #12573, 6.999999999999999112 ) ;
#9038 = CARTESIAN_POINT ( 'NONE',  ( -4.999999999999993783, 137.9341937727411391, 24.32230672642442215 ) ) ;
#9039 = CIRCLE ( 'NONE', #10263, 140.0000000000000000 ) ;
#9040 = CARTESIAN_POINT ( 'NONE',  ( 4.999999999999999112, 6.391425146787060640, 79.74427681403238921 ) ) ;
#9041 = ORIENTED_EDGE ( 'NONE', *, *, #10035, .F. ) ;
#9042 = CYLINDRICAL_SURFACE ( 'NONE', #10945, 100.0000000000001990 ) ;
#9043 = CARTESIAN_POINT ( 'NONE',  ( -24.99999999999996803, 0.000000000000000000, 34.99999999999999289 ) ) ;
#9044 = ORIENTED_EDGE ( 'NONE', *, *, #1428, .T. ) ;
#9045 = ADVANCED_FACE ( 'NONE', ( #12253 ), #5247, .F. ) ;
#9046 = DIRECTION ( 'NONE',  ( -1.000000000000000000, 0.000000000000000000, -0.000000000000000000 ) ) ;
#9047 = FACE_OUTER_BOUND ( 'NONE', #12391, .T. ) ;
#9048 = DIRECTION ( 'NONE',  ( 1.000000000000000000, 0.000000000000000000, 0.000000000000000000 ) ) ;
#9049 = CARTESIAN_POINT ( 'NONE',  ( -4.999999999999993783, 126.2760119032861610, 60.78202852981828386 ) ) ;
#9050 = CARTESIAN_POINT ( 'NONE',  ( -5.999999989902971009E-06, -53.56599702107435235, 12.47733798284913576 ) ) ;
#9051 = DIRECTION ( 'NONE',  ( 0.000000000000000000, 0.000000000000000000, 1.000000000000000000 ) ) ;
#9052 = VERTEX_POINT ( 'NONE', #5302 ) ;
#9053 = AXIS2_PLACEMENT_3D ( 'NONE', #4750, #2821, #10555 ) ;
#9054 = ORIENTED_EDGE ( 'NONE', *, *, #6412, .T. ) ;
#9055 = CARTESIAN_POINT ( 'NONE',  ( 5.000000000000006217, 139.7492484617412458, -10.49922515126813849 ) ) ;
#9056 = ORIENTED_EDGE ( 'NONE', *, *, #12290, .F. ) ;
#9057 = CARTESIAN_POINT ( 'NONE',  ( 5.000000000000006217, -105.1339381126578445, -33.39435793932296548 ) ) ;
#9058 = EDGE_CURVE ( 'NONE', #5427, #10939, #2297, .T. ) ;
#9059 = ADVANCED_FACE ( 'NONE', ( #2762 ), #7648, .T. ) ;
#9060 = DIRECTION ( 'NONE',  ( -1.000000000000000000, -0.000000000000000000, -0.000000000000000000 ) ) ;
#9061 = AXIS2_PLACEMENT_3D ( 'NONE', #4681, #10862, #4036 ) ;
#9062 = CIRCLE ( 'NONE', #11330, 100.0000000000000142 ) ;
#9063 = CARTESIAN_POINT ( 'NONE',  ( 5.000000000000004441, 0.000000000000000000, 0.000000000000000000 ) ) ;
#9064 = LINE ( 'NONE', #228, #3283 ) ;
#9065 = CARTESIAN_POINT ( 'NONE',  ( -4.999999999999993783, -168.0898717532971034, 24.35148223580149818 ) ) ;
#9066 = ORIENTED_EDGE ( 'NONE', *, *, #3624, .F. ) ;
#9067 = CARTESIAN_POINT ( 'NONE',  ( 5.000000000000006217, 107.2943586208340463, -90.02964525296222575 ) ) ;
#9068 = FACE_OUTER_BOUND ( 'NONE', #8438, .T. ) ;
#9069 = EDGE_LOOP ( 'NONE', ( #438, #8039, #4254, #8776, #10156, #10753 ) ) ;
#9070 = ORIENTED_EDGE ( 'NONE', *, *, #4137, .F. ) ;
#9071 = CARTESIAN_POINT ( 'NONE',  ( -5.275636018863073318, -2.112015083305027741, 53.31266441459966643 ) ) ;
#9072 = VERTEX_POINT ( 'NONE', #1785 ) ;
#9073 = DIRECTION ( 'NONE',  ( 0.000000000000000000, 0.000000000000000000, 1.000000000000000000 ) ) ;
#9074 = AXIS2_PLACEMENT_3D ( 'NONE', #6135, #200, #4138 ) ;
#9075 = AXIS2_PLACEMENT_3D ( 'NONE', #2535, #3379, #7311 ) ;
#9076 = EDGE_CURVE ( 'NONE', #5545, #2163, #9653, .T. ) ;
#9077 = CARTESIAN_POINT ( 'NONE',  ( 5.000000000000004441, 0.000000000000000000, 0.000000000000000000 ) ) ;
#9078 = DIRECTION ( 'NONE',  ( 0.000000000000000000, 0.9848077530122074652, -0.1736481776669340782 ) ) ;
#9079 = VECTOR ( 'NONE', #12096, 1000.000000000000000 ) ;
#9080 = CARTESIAN_POINT ( 'NONE',  ( -4.999999999999990230, 50.66979716487423246, 21.39092460064562928 ) ) ;
#9081 = ORIENTED_EDGE ( 'NONE', *, *, #9900, .F. ) ;
#9082 = CARTESIAN_POINT ( 'NONE',  ( 5.000000000000006217, -100.3053633756250065, 97.87195845839775643 ) ) ;
#9083 = AXIS2_PLACEMENT_3D ( 'NONE', #10387, #5492, #9417 ) ;
#9084 = ORIENTED_EDGE ( 'NONE', *, *, #9031, .F. ) ;
#9085 = EDGE_CURVE ( 'NONE', #11924, #5761, #10744, .T. ) ;
#9086 = CARTESIAN_POINT ( 'NONE',  ( 5.000000000000004441, 0.000000000000000000, 0.000000000000000000 ) ) ;
#9087 = ORIENTED_EDGE ( 'NONE', *, *, #8543, .F. ) ;
#9088 = DIRECTION ( 'NONE',  ( -1.000000000000000000, -0.000000000000000000, -0.000000000000000000 ) ) ;
#9089 = EDGE_LOOP ( 'NONE', ( #5321, #4839 ) ) ;
#9090 = VERTEX_POINT ( 'NONE', #696 ) ;
#9091 = AXIS2_PLACEMENT_3D ( 'NONE', #8067, #3181, #9110 ) ;
#9092 = AXIS2_PLACEMENT_3D ( 'NONE', #6886, #8676, #12740 ) ;
#9093 = EDGE_CURVE ( 'NONE', #9218, #12063, #4559, .T. ) ;
#9094 = AXIS2_PLACEMENT_3D ( 'NONE', #2001, #132, #5810 ) ;
#9095 = EDGE_CURVE ( 'NONE', #4920, #9730, #43, .T. ) ;
#9096 = DIRECTION ( 'NONE',  ( 0.000000000000000000, 0.9988640848291018282, 0.04765018403449350348 ) ) ;
#9097 = EDGE_CURVE ( 'NONE', #8837, #10116, #4371, .T. ) ;
#9098 = DIRECTION ( 'NONE',  ( 0.000000000000000000, 0.000000000000000000, 1.000000000000000000 ) ) ;
#9099 = ORIENTED_EDGE ( 'NONE', *, *, #10437, .F. ) ;
#9100 = CARTESIAN_POINT ( 'NONE',  ( 40.00000000000000711, 35.26711513754881366, -48.54101966249653799 ) ) ;
#9101 = VECTOR ( 'NONE', #7728, 1000.000000000000114 ) ;
#9102 = AXIS2_PLACEMENT_3D ( 'NONE', #4022, #10850, #198 ) ;
#9103 = EDGE_LOOP ( 'NONE', ( #3144, #10777, #8575 ) ) ;
#9104 = EDGE_CURVE ( 'NONE', #10405, #9628, #11654, .T. ) ;
#9105 = VECTOR ( 'NONE', #6039, 1000.000000000000114 ) ;
#9106 = DIRECTION ( 'NONE',  ( 1.000000000000000000, 0.000000000000000000, 0.000000000000000000 ) ) ;
#9107 = DIRECTION ( 'NONE',  ( -1.000000000000000000, -0.000000000000000000, -0.000000000000000000 ) ) ;
#9108 = AXIS2_PLACEMENT_3D ( 'NONE', #2607, #9504, #6483 ) ;
#9109 = VERTEX_POINT ( 'NONE', #5786 ) ;
#9110 = DIRECTION ( 'NONE',  ( 0.000000000000000000, 0.8507457776495318535, -0.5255774175242818869 ) ) ;
#9111 = DIRECTION ( 'NONE',  ( -1.000000000000000000, -0.000000000000000000, -0.000000000000000000 ) ) ;
#9112 = AXIS2_PLACEMENT_3D ( 'NONE', #355, #1380, #2355 ) ;
#9113 = DIRECTION ( 'NONE',  ( 0.000000000000000000, -0.1736481776669374644, -0.9848077530122067991 ) ) ;
#9114 = VECTOR ( 'NONE', #6329, 1000.000000000000000 ) ;
#9115 = VECTOR ( 'NONE', #10747, 1000.000000000000000 ) ;
#9116 = CIRCLE ( 'NONE', #270, 140.0000000000000000 ) ;
#9117 = CARTESIAN_POINT ( 'NONE',  ( 17.00652508135025442, -53.06018541782096065, 12.79800152390369661 ) ) ;
#9118 = VECTOR ( 'NONE', #2641, 1000.000000000000114 ) ;
#9119 = CIRCLE ( 'NONE', #9740, 140.0000000000000000 ) ;
#9120 = FACE_OUTER_BOUND ( 'NONE', #5029, .T. ) ;
#9121 = DIRECTION ( 'NONE',  ( 0.000000000000000000, 0.000000000000000000, 1.000000000000000000 ) ) ;
#9122 = EDGE_CURVE ( 'NONE', #602, #8135, #4995, .T. ) ;
#9123 = DIRECTION ( 'NONE',  ( 0.000000000000000000, -1.224646799147352714E-16, 1.000000000000000000 ) ) ;
#9124 = PLANE ( 'NONE',  #11171 ) ;
#9125 = CARTESIAN_POINT ( 'NONE',  ( 5.000000000000006217, -47.90336138264867571, -131.6156692209317498 ) ) ;
#9126 = AXIS2_PLACEMENT_3D ( 'NONE', #18, #7885, #8798 ) ;
#9127 = AXIS2_PLACEMENT_3D ( 'NONE', #10059, #7022, #10958 ) ;
#9128 = ORIENTED_EDGE ( 'NONE', *, *, #8440, .T. ) ;
#9129 = AXIS2_PLACEMENT_3D ( 'NONE', #9295, #470, #4411 ) ;
#9130 = ORIENTED_EDGE ( 'NONE', *, *, #6598, .T. ) ;
#9131 = DIRECTION ( 'NONE',  ( 0.000000000000000000, 0.9895437273910137055, 0.1442331847429680347 ) ) ;
#9132 = ORIENTED_EDGE ( 'NONE', *, *, #903, .F. ) ;
#9133 = VECTOR ( 'NONE', #4118, 1000.000000000000227 ) ;
#9134 = PLANE ( 'NONE',  #2127 ) ;
#9135 = DIRECTION ( 'NONE',  ( -1.000000000000000000, 0.000000000000000000, 0.000000000000000000 ) ) ;
#9136 = AXIS2_PLACEMENT_3D ( 'NONE', #6779, #7744, #4915 ) ;
#9137 = CARTESIAN_POINT ( 'NONE',  ( -4.999999999999993783, 164.6149246967153488, 46.49499208839476694 ) ) ;
#9138 = AXIS2_PLACEMENT_3D ( 'NONE', #1355, #6264, #10196 ) ;
#9139 = VECTOR ( 'NONE', #1257, 1000.000000000000227 ) ;
#9140 = CARTESIAN_POINT ( 'NONE',  ( 18.41900546083729751, 29.23035431833255871, -44.98953107050851230 ) ) ;
#9141 = CARTESIAN_POINT ( 'NONE',  ( 5.000000000000006217, 0.0007748487313753557506, -140.0621876725833772 ) ) ;
#9142 = CARTESIAN_POINT ( 'NONE',  ( -4.999999999999993783, -154.0402834560585177, -74.37371037525505812 ) ) ;
#9143 = CARTESIAN_POINT ( 'NONE',  ( -4.999999999999993783, 70.19520364235756915, 155.9887531452608016 ) ) ;
#9144 = PLANE ( 'NONE',  #8935 ) ;
#9145 = VERTEX_POINT ( 'NONE', #9596 ) ;
#9146 = ADVANCED_FACE ( 'NONE', ( #6754 ), #6817, .T. ) ;
#9147 = ORIENTED_EDGE ( 'NONE', *, *, #6734, .F. ) ;
#9148 = CARTESIAN_POINT ( 'NONE',  ( 40.00000000000000711, -35.26711513754810312, -41.54101966249704958 ) ) ;
#9149 = CIRCLE ( 'NONE', #1951, 99.99999999999998579 ) ;
#9150 = ORIENTED_EDGE ( 'NONE', *, *, #10672, .T. ) ;
#9151 = LINE ( 'NONE', #7145, #858 ) ;
#9152 = CIRCLE ( 'NONE', #2549, 140.0000000000000000 ) ;
#9153 = DIRECTION ( 'NONE',  ( -1.000000000000000000, -0.000000000000000000, -0.000000000000000000 ) ) ;
#9154 = LINE ( 'NONE', #6173, #96 ) ;
#9155 = AXIS2_PLACEMENT_3D ( 'NONE', #637, #7479, #11411 ) ;
#9156 = LINE ( 'NONE', #6906, #6783 ) ;
#9157 = ORIENTED_EDGE ( 'NONE', *, *, #10017, .F. ) ;
#9158 = CARTESIAN_POINT ( 'NONE',  ( 5.000000000000004441, 0.000000000000000000, 0.000000000000000000 ) ) ;
#9159 = ORIENTED_EDGE ( 'NONE', *, *, #12739, .F. ) ;
#9160 = CARTESIAN_POINT ( 'NONE',  ( 5.000000000000006217, 60.78202852981961257, -126.2760119032855215 ) ) ;
#9161 = ORIENTED_EDGE ( 'NONE', *, *, #5707, .T. ) ;
#9162 = EDGE_CURVE ( 'NONE', #11516, #7162, #6019, .T. ) ;
#9163 = CARTESIAN_POINT ( 'NONE',  ( 5.000000000000006217, 27.30284647801143549, 75.19677236556640310 ) ) ;
#9164 = ORIENTED_EDGE ( 'NONE', *, *, #7545, .F. ) ;
#9165 = ORIENTED_EDGE ( 'NONE', *, *, #5801, .F. ) ;
#9166 = VECTOR ( 'NONE', #12700, 1000.000000000000000 ) ;
#9167 = DIRECTION ( 'NONE',  ( -1.000000000000000000, -0.000000000000000000, -0.000000000000000000 ) ) ;
#9168 = CARTESIAN_POINT ( 'NONE',  ( -5.999999989902971009E-06, -36.00180665649923384, -41.57968154601532973 ) ) ;
#9169 = ORIENTED_EDGE ( 'NONE', *, *, #3653, .F. ) ;
#9170 = DIRECTION ( 'NONE',  ( 0.000000000000000000, 0.1736481776669241417, -0.9848077530122090195 ) ) ;
#9171 = VECTOR ( 'NONE', #1067, 1000.000000000000000 ) ;
#9172 = ORIENTED_EDGE ( 'NONE', *, *, #8661, .T. ) ;
#9173 = CARTESIAN_POINT ( 'NONE',  ( -4.999999999999993783, 10.49922515126960221, 139.7492484617411321 ) ) ;
#9174 = EDGE_CURVE ( 'NONE', #8025, #8570, #3858, .T. ) ;
#9175 = CARTESIAN_POINT ( 'NONE',  ( -4.999999999999993783, -78.79545396313065453, 13.83027240313179185 ) ) ;
#9176 = EDGE_LOOP ( 'NONE', ( #9850, #9161, #1149, #8341, #835, #5128 ) ) ;
#9177 = EDGE_CURVE ( 'NONE', #3637, #2105, #5725, .T. ) ;
#9178 = LINE ( 'NONE', #4405, #11553 ) ;
#9179 = DIRECTION ( 'NONE',  ( -1.000000000000000000, -0.000000000000000000, -0.000000000000000000 ) ) ;
#9180 = CIRCLE ( 'NONE', #6498, 140.0000000000000000 ) ;
#9181 = DIRECTION ( 'NONE',  ( 0.000000000000000000, 0.3420201433256694901, 0.9396926207859082059 ) ) ;
#9182 = EDGE_CURVE ( 'NONE', #6109, #4883, #1480, .T. ) ;
#9183 = EDGE_CURVE ( 'NONE', #7149, #9617, #10131, .T. ) ;
#9184 = DIRECTION ( 'NONE',  ( 0.000000000000000000, 0.7660444431189749048, -0.6427876096865430267 ) ) ;
#9185 = PLANE ( 'NONE',  #6094 ) ;
#9186 = CARTESIAN_POINT ( 'NONE',  ( 40.00000000000000711, 74.99999999999997158, 0.000000000000000000 ) ) ;
#9187 = CARTESIAN_POINT ( 'NONE',  ( -87.20833333333341386, 0.000000000000000000, 0.000000000000000000 ) ) ;
#9188 = CARTESIAN_POINT ( 'NONE',  ( 5.000000000000006217, 34.33700186351247652, -72.25628210076368418 ) ) ;
#9189 = CARTESIAN_POINT ( 'NONE',  ( 5.000000000000006217, -53.17002841738392505, -161.3076183917393394 ) ) ;
#9190 = ORIENTED_EDGE ( 'NONE', *, *, #3561, .T. ) ;
#9191 = ORIENTED_EDGE ( 'NONE', *, *, #11333, .F. ) ;
#9192 = CARTESIAN_POINT ( 'NONE',  ( 5.000000000000004441, 24.31074487336981704, -137.8730854217092201 ) ) ;
#9193 = ORIENTED_EDGE ( 'NONE', *, *, #10845, .T. ) ;
#9194 = CARTESIAN_POINT ( 'NONE',  ( 5.000000000000006217, -164.6149246967156898, -46.49499208839367270 ) ) ;
#9195 = ADVANCED_FACE ( 'NONE', ( #4692 ), #8616, .F. ) ;
#9196 = DIRECTION ( 'NONE',  ( -1.000000000000000000, -0.000000000000000000, -0.000000000000000000 ) ) ;
#9197 = DIRECTION ( 'NONE',  ( -1.000000000000000000, -0.000000000000000000, -0.000000000000000000 ) ) ;
#9198 = DIRECTION ( 'NONE',  ( -1.000000000000000000, 0.000000000000000000, 0.000000000000000000 ) ) ;
#9199 = CARTESIAN_POINT ( 'NONE',  ( -5.000000000000004441, 0.000000000000000000, 0.000000000000000000 ) ) ;
#9200 = PLANE ( 'NONE',  #7863 ) ;
#9201 = DIRECTION ( 'NONE',  ( 0.000000000000000000, 0.000000000000000000, 1.000000000000000000 ) ) ;
#9202 = DIRECTION ( 'NONE',  ( -1.000000000000000000, 0.000000000000000000, -0.000000000000000000 ) ) ;
#9203 = ORIENTED_EDGE ( 'NONE', *, *, #9887, .F. ) ;
#9204 = ORIENTED_EDGE ( 'NONE', *, *, #1336, .F. ) ;
#9205 = CARTESIAN_POINT ( 'NONE',  ( 14.99999999999997158, 36.00180665649982359, -41.57968154601480393 ) ) ;
#9206 = EDGE_LOOP ( 'NONE', ( #2574, #942, #12642 ) ) ;
#9207 = PLANE ( 'NONE',  #6635 ) ;
#9208 = PLANE ( 'NONE',  #7228 ) ;
#9209 = EDGE_CURVE ( 'NONE', #2467, #10560, #4793, .T. ) ;
#9210 = DIRECTION ( 'NONE',  ( 0.000000000000000000, 0.000000000000000000, 1.000000000000000000 ) ) ;
#9211 = FACE_OUTER_BOUND ( 'NONE', #2334, .T. ) ;
#9212 = ORIENTED_EDGE ( 'NONE', *, *, #5881, .T. ) ;
#9213 = DIRECTION ( 'NONE',  ( -1.000000000000000000, -0.000000000000000000, -0.000000000000000000 ) ) ;
#9214 = ORIENTED_EDGE ( 'NONE', *, *, #6888, .T. ) ;
#9215 = CARTESIAN_POINT ( 'NONE',  ( 18.62577584912294881, 2.338900165117393293, 53.39634961192783180 ) ) ;
#9216 = EDGE_LOOP ( 'NONE', ( #12099, #6475 ) ) ;
#9217 = CARTESIAN_POINT ( 'NONE',  ( 18.95849220217976594, -31.87824250538608695, -42.41087473673010066 ) ) ;
#9218 = VERTEX_POINT ( 'NONE', #2683 ) ;
#9219 = ORIENTED_EDGE ( 'NONE', *, *, #11615, .F. ) ;
#9220 = EDGE_CURVE ( 'NONE', #3456, #5533, #259, .T. ) ;
#9221 = DIRECTION ( 'NONE',  ( 0.000000000000000000, -0.4999999999999888423, 0.8660254037844449249 ) ) ;
#9222 = FACE_OUTER_BOUND ( 'NONE', #8784, .T. ) ;
#9223 = ORIENTED_EDGE ( 'NONE', *, *, #6407, .F. ) ;
#9224 = LINE ( 'NONE', #1224, #11554 ) ;
#9225 = ORIENTED_EDGE ( 'NONE', *, *, #10403, .T. ) ;
#9226 = DIRECTION ( 'NONE',  ( -1.000000000000000000, -0.000000000000000000, -0.000000000000000000 ) ) ;
#9227 = CARTESIAN_POINT ( 'NONE',  ( 16.87160015353284948, -35.49150452100931830, -41.54401760694954504 ) ) ;
#9228 = ORIENTED_EDGE ( 'NONE', *, *, #11832, .F. ) ;
#9229 = PLANE ( 'NONE',  #1671 ) ;
#9230 = CARTESIAN_POINT ( 'NONE',  ( 5.000000000000004441, 0.000000000000000000, 0.000000000000000000 ) ) ;
#9231 = FACE_OUTER_BOUND ( 'NONE', #12298, .T. ) ;
#9232 = EDGE_CURVE ( 'NONE', #9429, #1615, #2101, .T. ) ;
#9233 = FACE_OUTER_BOUND ( 'NONE', #9753, .T. ) ;
#9234 = DIRECTION ( 'NONE',  ( 0.000000000000000000, -1.224646799147352714E-16, 1.000000000000000000 ) ) ;
#9235 = DIRECTION ( 'NONE',  ( -1.000000000000000000, 0.000000000000000000, 0.000000000000000000 ) ) ;
#9236 = PLANE ( 'NONE',  #10092 ) ;
#9237 = CARTESIAN_POINT ( 'NONE',  ( 5.000000000000004441, 47.88282006559506954, 131.5569669100266594 ) ) ;
#9238 = DIRECTION ( 'NONE',  ( 0.000000000000000000, 0.7660444431189749048, -0.6427876096865431377 ) ) ;
#9239 = EDGE_CURVE ( 'NONE', #12101, #12759, #9846, .T. ) ;
#9240 = ORIENTED_EDGE ( 'NONE', *, *, #6363, .F. ) ;
#9241 = EDGE_CURVE ( 'NONE', #11265, #2221, #8486, .T. ) ;
#9242 = EDGE_LOOP ( 'NONE', ( #7461, #741, #8651, #8453 ) ) ;
#9243 = CARTESIAN_POINT ( 'NONE',  ( -4.999999999999993783, 17.20354699452819602, -170.1878247496342738 ) ) ;
#9244 = EDGE_LOOP ( 'NONE', ( #115, #11434, #189, #7727 ) ) ;
#9245 = CARTESIAN_POINT ( 'NONE',  ( 5.000000000000006217, 140.0621876725833772, 0.0007748487318643802616 ) ) ;
#9246 = AXIS2_PLACEMENT_3D ( 'NONE', #894, #9460, #12627 ) ;
#9247 = CARTESIAN_POINT ( 'NONE',  ( -4.999999999999993783, 168.0898717532973023, -24.35148223580033289 ) ) ;
#9248 = DIRECTION ( 'NONE',  ( -1.000000000000000000, -0.000000000000000000, -0.000000000000000000 ) ) ;
#9249 = CARTESIAN_POINT ( 'NONE',  ( 5.000000000000006217, -74.37371037525457496, 154.0402834560586882 ) ) ;
#9250 = DIRECTION ( 'NONE',  ( 0.000000000000000000, 0.6427876096865353661, -0.7660444431189813441 ) ) ;
#9251 = CARTESIAN_POINT ( 'NONE',  ( -4.999999999999993783, -42.04161805105204053, -165.8082026736150567 ) ) ;
#9252 = LINE ( 'NONE', #9067, #9960 ) ;
#9253 = CARTESIAN_POINT ( 'NONE',  ( -4.999999999999992895, 24.31074487336981704, -137.8730854217092201 ) ) ;
#9254 = ORIENTED_EDGE ( 'NONE', *, *, #3031, .F. ) ;
#9255 = EDGE_CURVE ( 'NONE', #7289, #11216, #2306, .T. ) ;
#9256 = ORIENTED_EDGE ( 'NONE', *, *, #1768, .T. ) ;
#9257 = CARTESIAN_POINT ( 'NONE',  ( 18.24671057677525710, 52.04875588019689303, 13.65055540873349216 ) ) ;
#9258 = ORIENTED_EDGE ( 'NONE', *, *, #6053, .F. ) ;
#9259 = CARTESIAN_POINT ( 'NONE',  ( 5.000000000000004441, 137.8730854217094475, 24.31074487336842793 ) ) ;
#9260 = CIRCLE ( 'NONE', #4946, 54.99999999999999289 ) ;
#9261 = CARTESIAN_POINT ( 'NONE',  ( 5.000000000000006217, -0.06252750026095044156, 79.99997556444867541 ) ) ;
#9262 = DIRECTION ( 'NONE',  ( -1.000000000000000000, 0.000000000000000000, 0.000000000000000000 ) ) ;
#9263 = CARTESIAN_POINT ( 'NONE',  ( -4.999999999999993783, -80.37303019083736899, -149.6241146709418786 ) ) ;
#9264 = ORIENTED_EDGE ( 'NONE', *, *, #7167, .F. ) ;
#9265 = CARTESIAN_POINT ( 'NONE',  ( -35.00000000000000000, 0.000000000000000000, 0.000000000000000000 ) ) ;
#9266 = ORIENTED_EDGE ( 'NONE', *, *, #3893, .F. ) ;
#9267 = EDGE_CURVE ( 'NONE', #10939, #3358, #2940, .T. ) ;
#9268 = DIRECTION ( 'NONE',  ( -1.000000000000000000, -0.000000000000000000, -0.000000000000000000 ) ) ;
#9269 = VECTOR ( 'NONE', #2214, 1000.000000000000000 ) ;
#9270 = ORIENTED_EDGE ( 'NONE', *, *, #9464, .T. ) ;
#9271 = CARTESIAN_POINT ( 'NONE',  ( 19.00334148395871381, -31.23068446061880366, -42.81637005296453680 ) ) ;
#9272 = VECTOR ( 'NONE', #7037, 1000.000000000000000 ) ;
#9273 = ORIENTED_EDGE ( 'NONE', *, *, #2203, .T. ) ;
#9274 = ORIENTED_EDGE ( 'NONE', *, *, #5134, .F. ) ;
#9275 = ADVANCED_FACE ( 'NONE', ( #4949 ), #2104, .F. ) ;
#9276 = VECTOR ( 'NONE', #144, 999.9999999999998863 ) ;
#9277 = CARTESIAN_POINT ( 'NONE',  ( -5.000000000000004441, 0.000000000000000000, 0.000000000000000000 ) ) ;
#9278 = AXIS2_PLACEMENT_3D ( 'NONE', #145, #4079, #9827 ) ;
#9279 = CARTESIAN_POINT ( 'NONE',  ( 16.19288473975988296, -4.537904434198101633, 54.66984597866847650 ) ) ;
#9280 = EDGE_LOOP ( 'NONE', ( #12045, #1852, #1011, #5501, #1488, #1163 ) ) ;
#9281 = DIRECTION ( 'NONE',  ( -1.000000000000000000, -0.000000000000000000, 0.000000000000000000 ) ) ;
#9282 = ORIENTED_EDGE ( 'NONE', *, *, #5774, .F. ) ;
#9283 = EDGE_CURVE ( 'NONE', #9506, #5591, #2228, .T. ) ;
#9284 = DIRECTION ( 'NONE',  ( 1.000000000000000000, 0.000000000000000000, 0.000000000000000000 ) ) ;
#9285 = CARTESIAN_POINT ( 'NONE',  ( 4.999999999999999112, 7.553123310771465704, -79.64264139424484767 ) ) ;
#9286 = ORIENTED_EDGE ( 'NONE', *, *, #9220, .T. ) ;
#9287 = AXIS2_PLACEMENT_3D ( 'NONE', #6545, #5576, #681 ) ;
#9288 = ORIENTED_EDGE ( 'NONE', *, *, #3652, .F. ) ;
#9289 = CIRCLE ( 'NONE', #3732, 100.0000000000000426 ) ;
#9290 = ADVANCED_FACE ( 'NONE', ( #11895 ), #4049, .T. ) ;
#9291 = CARTESIAN_POINT ( 'NONE',  ( 40.00000000000000711, -35.26711513754810312, -48.54101966249704958 ) ) ;
#9292 = CIRCLE ( 'NONE', #8457, 100.0000000000000142 ) ;
#9293 = FACE_OUTER_BOUND ( 'NONE', #11080, .T. ) ;
#9294 = CARTESIAN_POINT ( 'NONE',  ( 4.999999999999999112, 40.05413818588598929, -69.25074739081610176 ) ) ;
#9295 = CARTESIAN_POINT ( 'NONE',  ( -87.20833333333341386, 0.000000000000000000, 0.000000000000000000 ) ) ;
#9296 = AXIS2_PLACEMENT_3D ( 'NONE', #5363, #3236, #3431 ) ;
#9297 = CIRCLE ( 'NONE', #36, 100.0000000000002132 ) ;
#9298 = VECTOR ( 'NONE', #1782, 1000.000000000000114 ) ;
#9299 = CIRCLE ( 'NONE', #10530, 100.0000000000000000 ) ;
#9300 = DIRECTION ( 'NONE',  ( 0.000000000000000000, -0.02979050640667118069, -0.9995561643689833131 ) ) ;
#9301 = ORIENTED_EDGE ( 'NONE', *, *, #5312, .T. ) ;
#9302 = DIRECTION ( 'NONE',  ( 0.000000000000000000, 0.000000000000000000, 1.000000000000000000 ) ) ;
#9303 = DIRECTION ( 'NONE',  ( -0.000000000000000000, 0.1265246573978990874, 0.9919634625682259843 ) ) ;
#9304 = DIRECTION ( 'NONE',  ( -1.000000000000000000, -0.000000000000000000, -0.000000000000000000 ) ) ;
#9305 = ORIENTED_EDGE ( 'NONE', *, *, #10992, .T. ) ;
#9306 = ADVANCED_FACE ( 'NONE', ( #1073 ), #5023, .T. ) ;
#9307 = ORIENTED_EDGE ( 'NONE', *, *, #1063, .T. ) ;
#9308 = DIRECTION ( 'NONE',  ( -1.000000000000000000, -0.000000000000000000, -0.000000000000000000 ) ) ;
#9309 = VERTEX_POINT ( 'NONE', #11121 ) ;
#9310 = AXIS2_PLACEMENT_3D ( 'NONE', #11517, #6763, #9731 ) ;
#9311 = VECTOR ( 'NONE', #1519, 1000.000000000000000 ) ;
#9312 = AXIS2_PLACEMENT_3D ( 'NONE', #6944, #12031, #7077 ) ;
#9313 = DIRECTION ( 'NONE',  ( 0.000000000000000000, 0.000000000000000000, 1.000000000000000000 ) ) ;
#9314 = VECTOR ( 'NONE', #4088, 1000.000000000000114 ) ;
#9315 = AXIS2_PLACEMENT_3D ( 'NONE', #5640, #9496, #3498 ) ;
#9316 = DIRECTION ( 'NONE',  ( 0.000000000000000000, 0.4999999999999948930, -0.8660254037844415942 ) ) ;
#9317 = CARTESIAN_POINT ( 'NONE',  ( 5.000000000000006217, 72.25628210076403946, 34.33700186351173755 ) ) ;
#9318 = EDGE_CURVE ( 'NONE', #12036, #5615, #7965, .T. ) ;
#9319 = PLANE ( 'NONE',  #9586 ) ;
#9320 = CIRCLE ( 'NONE', #9112, 140.0000000000000000 ) ;
#9321 = VECTOR ( 'NONE', #4588, 1000.000000000000114 ) ;
#9322 = AXIS2_PLACEMENT_3D ( 'NONE', #10395, #2402, #1560 ) ;
#9323 = DIRECTION ( 'NONE',  ( 0.000000000000000000, 0.000000000000000000, 1.000000000000000000 ) ) ;
#9324 = FACE_OUTER_BOUND ( 'NONE', #11111, .T. ) ;
#9325 = DIRECTION ( 'NONE',  ( 0.000000000000000000, 0.1736481776669307198, 0.9848077530122080203 ) ) ;
#9326 = CIRCLE ( 'NONE', #3771, 100.0000000000000000 ) ;
#9327 = DIRECTION ( 'NONE',  ( 0.000000000000000000, 0.5000000000000009992, 0.8660254037844380415 ) ) ;
#9328 = ORIENTED_EDGE ( 'NONE', *, *, #2240, .T. ) ;
#9329 = EDGE_CURVE ( 'NONE', #767, #6869, #2292, .T. ) ;
#9330 = ORIENTED_EDGE ( 'NONE', *, *, #6734, .T. ) ;
#9331 = CARTESIAN_POINT ( 'NONE',  ( 5.000000000000006217, -70.03176487497644587, 121.2970252097155566 ) ) ;
#9332 = EDGE_CURVE ( 'NONE', #3422, #5567, #10540, .T. ) ;
#9333 = VERTEX_POINT ( 'NONE', #11957 ) ;
#9334 = CARTESIAN_POINT ( 'NONE',  ( 5.000000000000006217, -72.25628210076379787, -34.33700186351224204 ) ) ;
#9335 = AXIS2_PLACEMENT_3D ( 'NONE', #1120, #8993, #206 ) ;
#9336 = CIRCLE ( 'NONE', #8725, 100.0000000000000000 ) ;
#9337 = CIRCLE ( 'NONE', #10366, 6.999999999999999112 ) ;
#9338 = DIRECTION ( 'NONE',  ( -1.000000000000000000, -0.000000000000000000, -0.000000000000000000 ) ) ;
#9339 = EDGE_CURVE ( 'NONE', #12459, #777, #3069, .T. ) ;
#9340 = EDGE_CURVE ( 'NONE', #697, #12228, #6637, .T. ) ;
#9341 = FACE_OUTER_BOUND ( 'NONE', #10186, .T. ) ;
#9342 = DIRECTION ( 'NONE',  ( 0.000000000000000000, 0.000000000000000000, 1.000000000000000000 ) ) ;
#9343 = ORIENTED_EDGE ( 'NONE', *, *, #12118, .F. ) ;
#9344 = CARTESIAN_POINT ( 'NONE',  ( 5.000000000000006217, 133.3943579393234984, -105.1339381126573471 ) ) ;
#9345 = AXIS2_PLACEMENT_3D ( 'NONE', #4268, #9111, #3292 ) ;
#9346 = ORIENTED_EDGE ( 'NONE', *, *, #12728, .T. ) ;
#9347 = VECTOR ( 'NONE', #2557, 1000.000000000000114 ) ;
#9348 = CARTESIAN_POINT ( 'NONE',  ( 17.59720616583659236, 3.829109363042497272, 54.13924573673733676 ) ) ;
#9349 = ORIENTED_EDGE ( 'NONE', *, *, #7690, .F. ) ;
#9350 = DIRECTION ( 'NONE',  ( -1.000000000000000000, -0.000000000000000000, -0.000000000000000000 ) ) ;
#9351 = VECTOR ( 'NONE', #10418, 1000.000000000000000 ) ;
#9352 = VERTEX_POINT ( 'NONE', #1194 ) ;
#9353 = ORIENTED_EDGE ( 'NONE', *, *, #3823, .T. ) ;
#9354 = ORIENTED_EDGE ( 'NONE', *, *, #4060, .T. ) ;
#9355 = VECTOR ( 'NONE', #6130, 1000.000000000000000 ) ;
#9356 = EDGE_CURVE ( 'NONE', #119, #5679, #2515, .T. ) ;
#9357 = CARTESIAN_POINT ( 'NONE',  ( 5.000000000000006217, -69.25074739081624386, -40.05413818588575481 ) ) ;
#9358 = DIRECTION ( 'NONE',  ( 1.000000000000000000, 0.000000000000000000, 0.000000000000000000 ) ) ;
#9359 = EDGE_LOOP ( 'NONE', ( #11514, #7096, #8772, #998, #7316, #311 ) ) ;
#9360 = ORIENTED_EDGE ( 'NONE', *, *, #90, .F. ) ;
#9361 = CARTESIAN_POINT ( 'NONE',  ( 5.000000000000000888, 137.8730854217091348, -24.31074487337028955 ) ) ;
#9362 = DIRECTION ( 'NONE',  ( 0.000000000000000000, -1.000000000000000000, 0.000000000000000000 ) ) ;
#9363 = AXIS2_PLACEMENT_3D ( 'NONE', #3928, #7852, #7789 ) ;
#9364 = ORIENTED_EDGE ( 'NONE', *, *, #316, .T. ) ;
#9365 = EDGE_LOOP ( 'NONE', ( #5145, #5297, #9159, #6914, #7393, #9947, #3043, #7487, #2829, #12415, #10290, #9688, #3105, #1090, #917, #4834, #11461, #5420, #9950, #10809, #1212, #7296, #12255, #9536, #2922, #12167, #9608, #3045, #873, #133, #6444, #2425, #3622, #8151, #463, #8066, #8241, #12710, #7482, #8894, #31, #7309, #3425, #2002, #5674, #9191, #12554, #10823, #7011, #8719, #8620, #187, #1349, #9552, #3121, #3145, #5548 ) ) ;
#9366 = PLANE ( 'NONE',  #9310 ) ;
#9367 = DIRECTION ( 'NONE',  ( -1.000000000000000000, -0.000000000000000000, -0.000000000000000000 ) ) ;
#9368 = DIRECTION ( 'NONE',  ( 0.000000000000000000, 0.000000000000000000, 1.000000000000000000 ) ) ;
#9369 = EDGE_CURVE ( 'NONE', #208, #5601, #6160, .T. ) ;
#9370 = CARTESIAN_POINT ( 'NONE',  ( 5.000000000000006217, -47.90336138264867571, -131.6156692209317498 ) ) ;
#9371 = AXIS2_PLACEMENT_3D ( 'NONE', #6248, #8491, #4557 ) ;
#9372 = EDGE_CURVE ( 'NONE', #7929, #12375, #5404, .T. ) ;
#9373 = FACE_OUTER_BOUND ( 'NONE', #4648, .T. ) ;
#9374 = ORIENTED_EDGE ( 'NONE', *, *, #3329, .F. ) ;
#9375 = DIRECTION ( 'NONE',  ( -1.000000000000000000, -0.000000000000000000, -0.000000000000000000 ) ) ;
#9376 = DIRECTION ( 'NONE',  ( -1.000000000000000000, -0.000000000000000000, -0.000000000000000000 ) ) ;
#9377 = DATE_AND_TIME ( #8340, #5449 ) ;
#9378 = ORIENTED_EDGE ( 'NONE', *, *, #3251, .T. ) ;
#9379 = VERTEX_POINT ( 'NONE', #11011 ) ;
#9380 = DIRECTION ( 'NONE',  ( -1.000000000000000000, 0.000000000000000000, 0.000000000000000000 ) ) ;
#9381 = EDGE_LOOP ( 'NONE', ( #172, #2043, #7329 ) ) ;
#9382 = LINE ( 'NONE', #7372, #7454 ) ;
#9383 = CARTESIAN_POINT ( 'NONE',  ( -4.999999999999993783, -137.9344628748811488, 24.32078057235014867 ) ) ;
#9384 = CARTESIAN_POINT ( 'NONE',  ( -35.00000000000000000, 0.000000000000000000, 0.000000000000000000 ) ) ;
#9385 = EDGE_CURVE ( 'NONE', #1870, #8976, #6431, .T. ) ;
#9386 = CARTESIAN_POINT ( 'NONE',  ( 5.000000000000006217, -0.0007748487303973066202, 140.0621876725833772 ) ) ;
#9387 = AXIS2_PLACEMENT_3D ( 'NONE', #7363, #7419, #2272 ) ;
#9388 = DIRECTION ( 'NONE',  ( 0.000000000000000000, 0.000000000000000000, 1.000000000000000000 ) ) ;
#9389 = PLANE ( 'NONE',  #7025 ) ;
#9390 = CARTESIAN_POINT ( 'NONE',  ( 5.000000000000006217, 100.3053633756257028, -97.87195845839707431 ) ) ;
#9391 = DIRECTION ( 'NONE',  ( 0.000000000000000000, 0.9848077530122074652, -0.1736481776669340782 ) ) ;
#9392 = ORIENTED_EDGE ( 'NONE', *, *, #6736, .T. ) ;
#9393 = LINE ( 'NONE', #8293, #6980 ) ;
#9394 = ORIENTED_EDGE ( 'NONE', *, *, #3541, .T. ) ;
#9395 = CARTESIAN_POINT ( 'NONE',  ( 5.000000000000006217, -126.2760119032857489, -60.78202852981916493 ) ) ;
#9396 = CARTESIAN_POINT ( 'NONE',  ( 5.000000000000004441, 121.2435565298223281, 69.99999999999843681 ) ) ;
#9397 = EDGE_CURVE ( 'NONE', #7408, #330, #3548, .T. ) ;
#9398 = LINE ( 'NONE', #2429, #9790 ) ;
#9399 = CARTESIAN_POINT ( 'NONE',  ( 5.000000000000006217, -70.03042279760637712, -121.2978000584464837 ) ) ;
#9400 = ORIENTED_EDGE ( 'NONE', *, *, #2055, .F. ) ;
#9401 = CARTESIAN_POINT ( 'NONE',  ( 5.000000000000004441, -121.2435565298208502, 70.00000000000100897 ) ) ;
#9402 = ORIENTED_EDGE ( 'NONE', *, *, #737, .T. ) ;
#9403 = DIRECTION ( 'NONE',  ( 0.000000000000000000, 0.000000000000000000, 1.000000000000000000 ) ) ;
#9404 = ORIENTED_EDGE ( 'NONE', *, *, #12466, .F. ) ;
#9405 = ORIENTED_EDGE ( 'NONE', *, *, #8581, .T. ) ;
#9406 = DIRECTION ( 'NONE',  ( -1.000000000000000000, -0.000000000000000000, -0.000000000000000000 ) ) ;
#9407 = ORIENTED_EDGE ( 'NONE', *, *, #11946, .T. ) ;
#9408 = EDGE_CURVE ( 'NONE', #9730, #10160, #11568, .T. ) ;
#9409 = VERTEX_POINT ( 'NONE', #3589 ) ;
#9410 = EDGE_CURVE ( 'NONE', #6109, #11674, #10761, .T. ) ;
#9411 = ORIENTED_EDGE ( 'NONE', *, *, #7949, .T. ) ;
#9412 = CYLINDRICAL_SURFACE ( 'NONE', #8512, 100.0000000000001990 ) ;
#9413 = DIRECTION ( 'NONE',  ( -1.000000000000000000, 0.000000000000000000, -0.000000000000000000 ) ) ;
#9414 = VERTEX_POINT ( 'NONE', #5518 ) ;
#9415 = EDGE_CURVE ( 'NONE', #705, #4475, #8073, .T. ) ;
#9416 = ORIENTED_EDGE ( 'NONE', *, *, #6285, .T. ) ;
#9417 = DIRECTION ( 'NONE',  ( 0.000000000000000000, 0.000000000000000000, 1.000000000000000000 ) ) ;
#9418 = DIRECTION ( 'NONE',  ( -1.000000000000000000, -0.000000000000000000, -0.000000000000000000 ) ) ;
#9419 = ORIENTED_EDGE ( 'NONE', *, *, #7759, .T. ) ;
#9420 = ORIENTED_EDGE ( 'NONE', *, *, #5319, .T. ) ;
#9421 = EDGE_CURVE ( 'NONE', #11375, #9897, #12398, .T. ) ;
#9422 = CARTESIAN_POINT ( 'NONE',  ( -4.999999999999990230, -139.9378630116577540, 4.170670896933967420 ) ) ;
#9423 = FACE_OUTER_BOUND ( 'NONE', #10491, .T. ) ;
#9424 = CARTESIAN_POINT ( 'NONE',  ( 16.48330691536801140, -50.55154156250156205, 21.11343845788025320 ) ) ;
#9425 = DIRECTION ( 'NONE',  ( 0.000000000000000000, -0.9396926207859115365, -0.3420201433256601642 ) ) ;
#9426 = ORIENTED_EDGE ( 'NONE', *, *, #5678, .T. ) ;
#9427 = DIRECTION ( 'NONE',  ( 0.000000000000000000, 0.2203771987371475616, -0.9754147273220595826 ) ) ;
#9428 = CARTESIAN_POINT ( 'NONE',  ( -4.999999999999990230, 73.58083845339952234, 119.1044088709345345 ) ) ;
#9429 = VERTEX_POINT ( 'NONE', #11442 ) ;
#9430 = ORIENTED_EDGE ( 'NONE', *, *, #557, .T. ) ;
#9431 = CARTESIAN_POINT ( 'NONE',  ( 17.19499588943801172, 35.26711513754882787, -41.54101966249653799 ) ) ;
#9432 = ORIENTED_EDGE ( 'NONE', *, *, #4869, .F. ) ;
#9433 = DIRECTION ( 'NONE',  ( 0.000000000000000000, 0.7848534137046764281, 0.6196814657516521718 ) ) ;
#9434 = EDGE_CURVE ( 'NONE', #8807, #7160, #8354, .T. ) ;
#9435 = DIRECTION ( 'NONE',  ( 0.000000000000000000, 0.000000000000000000, 1.000000000000000000 ) ) ;
#9436 = CARTESIAN_POINT ( 'NONE',  ( 5.000000000000006217, 78.79545396313075400, -13.83027240313126427 ) ) ;
#9437 = EDGE_LOOP ( 'NONE', ( #1778, #3407, #12058, #8308, #7519, #9150 ) ) ;
#9438 = CARTESIAN_POINT ( 'NONE',  ( 5.000000000000006217, -157.7458401751243571, -62.95593364063918784 ) ) ;
#9439 = LINE ( 'NONE', #10666, #3924 ) ;
#9440 = DIRECTION ( 'NONE',  ( -1.000000000000000000, 0.000000000000000000, 0.000000000000000000 ) ) ;
#9441 = CARTESIAN_POINT ( 'NONE',  ( -4.999999999999993783, 121.2970252097157982, 70.03176487497601954 ) ) ;
#9442 = CARTESIAN_POINT ( 'NONE',  ( -5.169676212182414687, 51.89316351756643542, 13.80260616655169059 ) ) ;
#9443 = ADVANCED_FACE ( 'NONE', ( #10356 ), #9200, .F. ) ;
#9444 = CIRCLE ( 'NONE', #11497, 140.0000000000000000 ) ;
#9445 = VERTEX_POINT ( 'NONE', #361 ) ;
#9446 = FACE_OUTER_BOUND ( 'NONE', #6566, .T. ) ;
#9447 = DIRECTION ( 'NONE',  ( -1.000000000000000000, -0.000000000000000000, -0.000000000000000000 ) ) ;
#9448 = EDGE_CURVE ( 'NONE', #8342, #8430, #9936, .T. ) ;
#9449 = CARTESIAN_POINT ( 'NONE',  ( 5.000000000000006217, -122.5733066456629672, 119.3132105852216256 ) ) ;
#9450 = CIRCLE ( 'NONE', #2252, 140.0000000000000000 ) ;
#9451 = FACE_OUTER_BOUND ( 'NONE', #3124, .T. ) ;
#9452 = DIRECTION ( 'NONE',  ( -1.000000000000000000, -0.000000000000000000, -0.000000000000000000 ) ) ;
#9453 = ORIENTED_EDGE ( 'NONE', *, *, #9772, .F. ) ;
#9454 = FACE_OUTER_BOUND ( 'NONE', #1007, .T. ) ;
#9455 = CYLINDRICAL_SURFACE ( 'NONE', #2346, 6.999999999999999112 ) ;
#9456 = EDGE_LOOP ( 'NONE', ( #2542, #5320, #7613, #6768, #9477, #848 ) ) ;
#9457 = PLANE ( 'NONE',  #3734 ) ;
#9458 = ORIENTED_EDGE ( 'NONE', *, *, #2885, .T. ) ;
#9459 = ORIENTED_EDGE ( 'NONE', *, *, #943, .F. ) ;
#9460 = DIRECTION ( 'NONE',  ( 0.000000000000000000, 0.6785596161822524675, -0.7345453337178000641 ) ) ;
#9461 = ORIENTED_EDGE ( 'NONE', *, *, #12107, .T. ) ;
#9462 = ORIENTED_EDGE ( 'NONE', *, *, #11515, .T. ) ;
#9463 = AXIS2_PLACEMENT_3D ( 'NONE', #3205, #8814, #1072 ) ;
#9464 = EDGE_CURVE ( 'NONE', #1079, #4618, #3962, .T. ) ;
#9465 = ORIENTED_EDGE ( 'NONE', *, *, #9486, .F. ) ;
#9466 = CARTESIAN_POINT ( 'NONE',  ( 5.000000000000006217, 113.1114811425205318, -126.7004045252644318 ) ) ;
#9467 = CARTESIAN_POINT ( 'NONE',  ( -4.999999999999993783, 131.6156692209318919, -47.90336138264822097 ) ) ;
#9468 = ADVANCED_FACE ( 'NONE', ( #9324 ), #3451, .T. ) ;
#9469 = CIRCLE ( 'NONE', #1857, 100.0000000000000284 ) ;
#9470 = EDGE_LOOP ( 'NONE', ( #4992, #1540, #1949, #2119 ) ) ;
#9471 = DIRECTION ( 'NONE',  ( -1.000000000000000000, -0.000000000000000000, -0.000000000000000000 ) ) ;
#9472 = CIRCLE ( 'NONE', #5160, 34.99999999999999289 ) ;
#9473 = ORIENTED_EDGE ( 'NONE', *, *, #10370, .F. ) ;
#9474 = CARTESIAN_POINT ( 'NONE',  ( 5.000000000000006217, 24.35148223580200977, 168.0898717532970466 ) ) ;
#9475 = CARTESIAN_POINT ( 'NONE',  ( 5.000000000000006217, 168.0898717532973023, -24.35148223580033289 ) ) ;
#9476 = VERTEX_POINT ( 'NONE', #12340 ) ;
#9477 = ORIENTED_EDGE ( 'NONE', *, *, #5256, .F. ) ;
#9478 = EDGE_CURVE ( 'NONE', #4070, #10939, #668, .T. ) ;
#9479 = ADVANCED_FACE ( 'NONE', ( #8408 ), #9389, .F. ) ;
#9480 = CARTESIAN_POINT ( 'NONE',  ( 5.000000000000006217, -47.90336138264867571, -131.6156692209317498 ) ) ;
#9481 = VECTOR ( 'NONE', #5502, 1000.000000000000000 ) ;
#9482 = AXIS2_PLACEMENT_3D ( 'NONE', #1413, #3362, #388 ) ;
#9483 = EDGE_CURVE ( 'NONE', #9726, #7109, #11199, .T. ) ;
#9484 = CARTESIAN_POINT ( 'NONE',  ( 5.000000000000006217, 51.37509422393662106, 61.32372863323224976 ) ) ;
#9485 = CARTESIAN_POINT ( 'NONE',  ( 4.999999999999999112, 13.95342753719945605, -78.77373839018177648 ) ) ;
#9486 = EDGE_CURVE ( 'NONE', #10584, #239, #9488, .T. ) ;
#9487 = DIRECTION ( 'NONE',  ( 1.000000000000000000, 0.000000000000000000, 0.000000000000000000 ) ) ;
#9488 = CIRCLE ( 'NONE', #5382, 100.0000000000002132 ) ;
#9489 = ORIENTED_EDGE ( 'NONE', *, *, #2632, .T. ) ;
#9490 = CARTESIAN_POINT ( 'NONE',  ( 5.000000000000006217, 170.1878247496342169, 17.20354699452879288 ) ) ;
#9491 = VECTOR ( 'NONE', #11537, 1000.000000000000114 ) ;
#9492 = DIRECTION ( 'NONE',  ( -1.000000000000000000, -0.000000000000000000, -0.000000000000000000 ) ) ;
#9493 = AXIS2_PLACEMENT_3D ( 'NONE', #4253, #1348, #3411 ) ;
#9494 = VERTEX_POINT ( 'NONE', #7442 ) ;
#9495 = ORIENTED_EDGE ( 'NONE', *, *, #241, .T. ) ;
#9496 = DIRECTION ( 'NONE',  ( -1.000000000000000000, -0.000000000000000000, -0.000000000000000000 ) ) ;
#9497 = ORIENTED_EDGE ( 'NONE', *, *, #6170, .T. ) ;
#9498 = CARTESIAN_POINT ( 'NONE',  ( -87.20833333333341386, 6.123233995736764507E-15, -49.99999999999998579 ) ) ;
#9499 = CIRCLE ( 'NONE', #9296, 140.0000000000000000 ) ;
#9500 = CIRCLE ( 'NONE', #1271, 80.00000000000000000 ) ;
#9501 = AXIS2_PLACEMENT_3D ( 'NONE', #2759, #754, #12682 ) ;
#9502 = FACE_OUTER_BOUND ( 'NONE', #6524, .T. ) ;
#9503 = AXIS2_PLACEMENT_3D ( 'NONE', #6682, #10468, #12596 ) ;
#9504 = DIRECTION ( 'NONE',  ( -1.000000000000000000, -0.000000000000000000, -0.000000000000000000 ) ) ;
#9505 = EDGE_CURVE ( 'NONE', #8736, #2408, #12224, .T. ) ;
#9506 = VERTEX_POINT ( 'NONE', #7325 ) ;
#9507 = DIRECTION ( 'NONE',  ( -1.000000000000000000, -0.000000000000000000, -0.000000000000000000 ) ) ;
#9508 = EDGE_CURVE ( 'NONE', #10715, #4850, #12578, .T. ) ;
#9509 = LINE ( 'NONE', #12672, #825 ) ;
#9510 = DIRECTION ( 'NONE',  ( -1.000000000000000000, 0.000000000000000000, -0.000000000000000000 ) ) ;
#9511 = DIRECTION ( 'NONE',  ( 0.000000000000000000, 0.000000000000000000, 1.000000000000000000 ) ) ;
#9513 = CARTESIAN_POINT ( 'NONE',  ( 4.999999999999999112, -46.36251736216657804, 65.19598901652463496 ) ) ;
#9512 = AXIS2_PLACEMENT_3D ( 'NONE', #4111, #7973, #9855 ) ;
#9514 = AXIS2_PLACEMENT_3D ( 'NONE', #5460, #4485, #6233 ) ;
#9515 = CIRCLE ( 'NONE', #5604, 140.0000000000000000 ) ;
#9516 = ORIENTED_EDGE ( 'NONE', *, *, #9448, .F. ) ;
#9517 = LINE ( 'NONE', #686, #4787 ) ;
#9518 = CIRCLE ( 'NONE', #9739, 100.0000000000002416 ) ;
#9519 = B_SPLINE_CURVE_WITH_KNOTS ( 'NONE', 3,
 ( #11841, #10095, #3991, #9008, #3013, #12030, #11068, #10873, #2173, #6158, #9981, #11894, #3914, #7136, #4101, #10037, #9905, #4948 ),
 .UNSPECIFIED., .F., .F.,
 ( 4, 2, 2, 2, 2, 2, 2, 2, 4 ),
 ( 0.008982179398589106023, 0.01017601287498865782, 0.01136984635138820962, 0.01256367982778776142, 0.01375751330418731322, 0.01495134678058686502, 0.01614518025698641682, 0.01733901373338597035, 0.01853284720978552041 ),
 .UNSPECIFIED. ) ;
#9520 = DIRECTION ( 'NONE',  ( 0.000000000000000000, 0.8660254037844363761, -0.5000000000000041078 ) ) ;
#9521 = DIRECTION ( 'NONE',  ( -1.000000000000000000, -0.000000000000000000, -0.000000000000000000 ) ) ;
#9522 = AXIS2_PLACEMENT_3D ( 'NONE', #4479, #4283, #11253 ) ;
#9523 = AXIS2_PLACEMENT_3D ( 'NONE', #4140, #5173, #11044 ) ;
#9524 = CIRCLE ( 'NONE', #1049, 100.0000000000000000 ) ;
#9525 = CIRCLE ( 'NONE', #2118, 140.0000000000000000 ) ;
#9526 = AXIS2_PLACEMENT_3D ( 'NONE', #9532, #698, #9598 ) ;
#9527 = CARTESIAN_POINT ( 'NONE',  ( -5.417496717835732944, -50.27483291457452452, 16.78110292932334602 ) ) ;
#9528 = LINE ( 'NONE', #695, #11309 ) ;
#9529 = EDGE_CURVE ( 'NONE', #10132, #217, #22, .T. ) ;
#9530 = CARTESIAN_POINT ( 'NONE',  ( 5.000000000000006217, -80.37303019083736899, -149.6241146709418786 ) ) ;
#9531 = ORIENTED_EDGE ( 'NONE', *, *, #8830, .F. ) ;
#9532 = CARTESIAN_POINT ( 'NONE',  ( 5.000000000000006217, 46.49499208839421271, -164.6149246967155477 ) ) ;
#9533 = CARTESIAN_POINT ( 'NONE',  ( -4.999999999999993783, 57.66310238715711023, 127.7303910488288778 ) ) ;
#9534 = EDGE_LOOP ( 'NONE', ( #622, #3230, #3180, #3663, #7657, #2833 ) ) ;
#9535 = LINE ( 'NONE', #11459, #2287 ) ;
#9536 = ORIENTED_EDGE ( 'NONE', *, *, #10845, .F. ) ;
#9537 = CARTESIAN_POINT ( 'NONE',  ( 5.000000000000006217, -137.9341937727409118, -24.32230672642538138 ) ) ;
#9538 = ORIENTED_EDGE ( 'NONE', *, *, #4465, .T. ) ;
#9539 = CIRCLE ( 'NONE', #6040, 80.00000000000000000 ) ;
#9540 = AXIS2_PLACEMENT_3D ( 'NONE', #1215, #9088, #254 ) ;
#9541 = EDGE_LOOP ( 'NONE', ( #3533, #2926, #12169 ) ) ;
#9542 = AXIS2_PLACEMENT_3D ( 'NONE', #10649, #4718, #10591 ) ;
#9543 = CIRCLE ( 'NONE', #10787, 7.000000000000013323 ) ;
#9544 = ORIENTED_EDGE ( 'NONE', *, *, #10621, .T. ) ;
#9545 = CARTESIAN_POINT ( 'NONE',  ( -4.999999999999993783, -169.7647994192103340, -5.206971411071736888 ) ) ;
#9546 = CARTESIAN_POINT ( 'NONE',  ( -4.999999999999993783, 37.93101358992240080, -134.9122840309200058 ) ) ;
#9547 = CIRCLE ( 'NONE', #10586, 4.999999999999997335 ) ;
#9548 = AXIS2_PLACEMENT_3D ( 'NONE', #12226, #3396, #1388 ) ;
#9549 = EDGE_LOOP ( 'NONE', ( #4757, #10639, #5776, #5675, #1214, #6457 ) ) ;
#9550 = EDGE_CURVE ( 'NONE', #4693, #10319, #6230, .T. ) ;
#9551 = LINE ( 'NONE', #1603, #1288 ) ;
#9552 = ORIENTED_EDGE ( 'NONE', *, *, #8756, .F. ) ;
#9553 = DIRECTION ( 'NONE',  ( -1.000000000000000000, 0.000000000000000000, 0.000000000000000000 ) ) ;
#9554 = LINE ( 'NONE', #3817, #5613 ) ;
#9555 = ORIENTED_EDGE ( 'NONE', *, *, #731, .T. ) ;
#9556 = ORIENTED_EDGE ( 'NONE', *, *, #10635, .T. ) ;
#9557 = AXIS2_PLACEMENT_3D ( 'NONE', #11015, #12747, #9986 ) ;
#9558 = FACE_OUTER_BOUND ( 'NONE', #12149, .T. ) ;
#9559 = SECURITY_CLASSIFICATION ( '', '', #9687 ) ;
#9560 = DIRECTION ( 'NONE',  ( -1.000000000000000000, 0.000000000000000000, -0.000000000000000000 ) ) ;
#9561 = CARTESIAN_POINT ( 'NONE',  ( -4.999999999999993783, -75.15400103636424944, -27.42035973919443137 ) ) ;
#9562 = ADVANCED_FACE ( 'NONE', ( #4621 ), #2611, .F. ) ;
#9563 = DIRECTION ( 'NONE',  ( 0.000000000000000000, 0.000000000000000000, 1.000000000000000000 ) ) ;
#9564 = VECTOR ( 'NONE', #449, 1000.000000000000114 ) ;
#9565 = ORIENTED_EDGE ( 'NONE', *, *, #2768, .T. ) ;
#9566 = DIRECTION ( 'NONE',  ( 0.000000000000000000, 0.9396926207859069846, -0.3420201433256727652 ) ) ;
#9567 = DIRECTION ( 'NONE',  ( 0.000000000000000000, 0.9848077530122086864, 0.1736481776669273613 ) ) ;
#9568 = PERSON_AND_ORGANIZATION ( #2468, #10803 ) ;
#9569 = ORIENTED_EDGE ( 'NONE', *, *, #6591, .F. ) ;
#9570 = ORIENTED_EDGE ( 'NONE', *, *, #1290, .T. ) ;
#9571 = CARTESIAN_POINT ( 'NONE',  ( -4.999999999999993783, -17.20354699452700231, 170.1878247496343590 ) ) ;
#9572 = VERTEX_POINT ( 'NONE', #12601 ) ;
#9573 = EDGE_CURVE ( 'NONE', #9907, #5281, #1775, .T. ) ;
#9574 = DIRECTION ( 'NONE',  ( -1.000000000000000000, -0.000000000000000000, -0.000000000000000000 ) ) ;
#9575 = EDGE_CURVE ( 'NONE', #4475, #9691, #5714, .T. ) ;
#9576 = DESIGN_CONTEXT ( 'detailed design', #2481, 'design' ) ;
#9577 = VECTOR ( 'NONE', #1723, 1000.000000000000000 ) ;
#9578 = DIRECTION ( 'NONE',  ( -1.000000000000000000, -0.000000000000000000, -0.000000000000000000 ) ) ;
#9579 = DIRECTION ( 'NONE',  ( 0.000000000000000000, 0.000000000000000000, 1.000000000000000000 ) ) ;
#9580 = EDGE_LOOP ( 'NONE', ( #3467, #11325, #12550 ) ) ;
#9581 = CARTESIAN_POINT ( 'NONE',  ( 5.000000000000006217, -78.77373839018171964, -13.95342753719973317 ) ) ;
#9582 = CARTESIAN_POINT ( 'NONE',  ( 5.000000000000006217, 165.8082026736152272, -42.04161805105150052 ) ) ;
#9583 = CARTESIAN_POINT ( 'NONE',  ( 5.000000000000006217, -62.95593364063868336, 157.7458401751244992 ) ) ;
#9584 = CARTESIAN_POINT ( 'NONE',  ( -4.999999999999993783, -138.7852061507327335, -99.99262110727862307 ) ) ;
#9585 = DIRECTION ( 'NONE',  ( 1.000000000000000000, 0.000000000000000000, 0.000000000000000000 ) ) ;
#9586 = AXIS2_PLACEMENT_3D ( 'NONE', #10225, #12085, #4235 ) ;
#9587 = CARTESIAN_POINT ( 'NONE',  ( -4.999999999999984901, 50.49536446294000314, 20.99959511140046331 ) ) ;
#9588 = ORIENTED_EDGE ( 'NONE', *, *, #943, .T. ) ;
#9589 = CARTESIAN_POINT ( 'NONE',  ( 5.000000000000006217, -47.90481762191804194, 131.6151391931837509 ) ) ;
#9590 = DIRECTION ( 'NONE',  ( 1.000000000000000000, 0.000000000000000000, 0.000000000000000000 ) ) ;
#9591 = ADVANCED_FACE ( 'NONE', ( #8667 ), #4819, .T. ) ;
#9592 = DIRECTION ( 'NONE',  ( -1.000000000000000000, -0.000000000000000000, -0.000000000000000000 ) ) ;
#9593 = CIRCLE ( 'NONE', #7323, 140.0000000000000000 ) ;
#9594 = DIRECTION ( 'NONE',  ( 0.000000000000000000, 0.000000000000000000, 1.000000000000000000 ) ) ;
#9595 = DIRECTION ( 'NONE',  ( -1.000000000000000000, -0.000000000000000000, -0.000000000000000000 ) ) ;
#9596 = CARTESIAN_POINT ( 'NONE',  ( 5.000000000000004441, -36.00180665649921252, -41.57968154601533683 ) ) ;
#9597 = VERTEX_POINT ( 'NONE', #9641 ) ;
#9598 = DIRECTION ( 'NONE',  ( 0.000000000000000000, 0.9396926207859068736, -0.3420201433256726542 ) ) ;
#9599 = CYLINDRICAL_SURFACE ( 'NONE', #3798, 100.0000000000000000 ) ;
#9600 = ORIENTED_EDGE ( 'NONE', *, *, #8550, .F. ) ;
#9601 = CARTESIAN_POINT ( 'NONE',  ( 5.000000000000006217, 107.2933624945068090, 90.03083239009136207 ) ) ;
#9602 = ORIENTED_EDGE ( 'NONE', *, *, #4129, .T. ) ;
#9603 = DIRECTION ( 'NONE',  ( 0.000000000000000000, -0.1442331847429648151, 0.9895437273910141496 ) ) ;
#9604 = VERTEX_POINT ( 'NONE', #2811 ) ;
#9605 = ORIENTED_EDGE ( 'NONE', *, *, #7359, .T. ) ;
#9606 = CARTESIAN_POINT ( 'NONE',  ( -4.999999999999993783, -107.2943586208334068, 90.02964525296296472 ) ) ;
#9607 = ADVANCED_FACE ( 'NONE', ( #7820 ), #801, .F. ) ;
#9608 = ORIENTED_EDGE ( 'NONE', *, *, #3910, .F. ) ;
#9609 = CARTESIAN_POINT ( 'NONE',  ( 5.000000000000006217, -107.2933624945061553, -90.03083239009208683 ) ) ;
#9610 = PLANE ( 'NONE',  #504 ) ;
#9611 = VERTEX_POINT ( 'NONE', #6800 ) ;
#9612 = CARTESIAN_POINT ( 'NONE',  ( 5.000000000000006217, 24.32078057235056789, 137.9344628748810351 ) ) ;
#9613 = VERTEX_POINT ( 'NONE', #12673 ) ;
#9614 = CARTESIAN_POINT ( 'NONE',  ( 5.000000000000006217, -42.04161805105204053, -165.8082026736150567 ) ) ;
#9615 = DIRECTION ( 'NONE',  ( -1.000000000000000000, 0.000000000000000000, 0.000000000000000000 ) ) ;
#9616 = ORIENTED_EDGE ( 'NONE', *, *, #4412, .T. ) ;
#9617 = VERTEX_POINT ( 'NONE', #11695 ) ;
#9618 = DIRECTION ( 'NONE',  ( 0.000000000000000000, -0.8888667644071397422, 0.4581657725456826369 ) ) ;
#9619 = EDGE_CURVE ( 'NONE', #12063, #11785, #7637, .T. ) ;
#9620 = CYLINDRICAL_SURFACE ( 'NONE', #6822, 100.0000000000001990 ) ;
#9621 = DIRECTION ( 'NONE',  ( 0.000000000000000000, -0.8660254037844432595, -0.4999999999999919509 ) ) ;
#9622 = DIRECTION ( 'NONE',  ( 0.000000000000000000, -0.3420201433256568890, 0.9396926207859127578 ) ) ;
#9623 = ORIENTED_EDGE ( 'NONE', *, *, #8374, .F. ) ;
#9624 = CARTESIAN_POINT ( 'NONE',  ( 5.000000000000006217, 37.93101358992240080, -134.9122840309200058 ) ) ;
#9625 = CARTESIAN_POINT ( 'NONE',  ( -4.999999999999993783, 40.05413818588598929, -69.25074739081610176 ) ) ;
#9626 = PERSON_AND_ORGANIZATION_ROLE ( 'design_supplier' ) ;
#9627 = ORIENTED_EDGE ( 'NONE', *, *, #6056, .T. ) ;
#9628 = VERTEX_POINT ( 'NONE', #4682 ) ;
#9629 = DIRECTION ( 'NONE',  ( 0.000000000000000000, -0.7848534137046806469, -0.6196814657516468428 ) ) ;
#9630 = ORIENTED_EDGE ( 'NONE', *, *, #11867, .T. ) ;
#9631 = LINE ( 'NONE', #7563, #10772 ) ;
#9632 = EDGE_CURVE ( 'NONE', #10986, #4726, #4974, .T. ) ;
#9633 = CARTESIAN_POINT ( 'NONE',  ( 5.000000000000004441, 0.000000000000000000, 0.000000000000000000 ) ) ;
#9634 = DIRECTION ( 'NONE',  ( -1.000000000000000000, -0.000000000000000000, -0.000000000000000000 ) ) ;
#9635 = ORIENTED_EDGE ( 'NONE', *, *, #9385, .T. ) ;
#9636 = DIRECTION ( 'NONE',  ( 0.000000000000000000, 0.000000000000000000, -1.000000000000000000 ) ) ;
#9637 = CARTESIAN_POINT ( 'NONE',  ( -4.999999999999993783, 70.19520364235756915, 155.9887531452608016 ) ) ;
#9638 = EDGE_CURVE ( 'NONE', #2027, #1551, #8282, .T. ) ;
#9639 = EDGE_CURVE ( 'NONE', #7925, #1771, #4770, .T. ) ;
#9640 = DIRECTION ( 'NONE',  ( 0.000000000000000000, 0.3138744235596992449, -0.9494645049895580335 ) ) ;
#9641 = CARTESIAN_POINT ( 'NONE',  ( 5.000000000000006217, -47.90481762191804194, 131.6151391931837509 ) ) ;
#9642 = DIRECTION ( 'NONE',  ( -1.000000000000000000, -0.000000000000000000, -0.000000000000000000 ) ) ;
#9643 = DIRECTION ( 'NONE',  ( -1.000000000000000000, -0.000000000000000000, -0.000000000000000000 ) ) ;
#9644 = VERTEX_POINT ( 'NONE', #868 ) ;
#9645 = PLANE ( 'NONE',  #2241 ) ;
#9646 = CARTESIAN_POINT ( 'NONE',  ( -4.999999999999993783, -149.6241146709416228, 80.37303019083788058 ) ) ;
#9647 = CARTESIAN_POINT ( 'NONE',  ( 59.79898987322338400, -35.26711513754810312, -41.54101966249704958 ) ) ;
#9648 = EDGE_CURVE ( 'NONE', #10313, #3272, #12196, .T. ) ;
#9649 = CARTESIAN_POINT ( 'NONE',  ( -4.999999999999990230, 0.000000000000000000, 0.000000000000000000 ) ) ;
#9650 = ADVANCED_FACE ( 'NONE', ( #8805 ), #9701, .T. ) ;
#9651 = FACE_OUTER_BOUND ( 'NONE', #7350, .T. ) ;
#9652 = AXIS2_PLACEMENT_3D ( 'NONE', #2828, #237, #9990 ) ;
#9653 = LINE ( 'NONE', #10819, #10123 ) ;
#9654 = ORIENTED_EDGE ( 'NONE', *, *, #9733, .T. ) ;
#9655 = CARTESIAN_POINT ( 'NONE',  ( 5.000000000000006217, 170.1878247496342169, 17.20354699452879288 ) ) ;
#9656 = LINE ( 'NONE', #1850, #88 ) ;
#9657 = VERTEX_POINT ( 'NONE', #10535 ) ;
#9658 = ORIENTED_EDGE ( 'NONE', *, *, #3417, .F. ) ;
#9659 = CYLINDRICAL_SURFACE ( 'NONE', #2859, 100.0000000000001990 ) ;
#9660 = ORIENTED_EDGE ( 'NONE', *, *, #1675, .F. ) ;
#9661 = ORIENTED_EDGE ( 'NONE', *, *, #9575, .T. ) ;
#9662 = DIRECTION ( 'NONE',  ( -1.000000000000000000, 0.000000000000000000, 0.000000000000000000 ) ) ;
#9663 = AXIS2_PLACEMENT_3D ( 'NONE', #317, #5096, #4249 ) ;
#9664 = ORIENTED_EDGE ( 'NONE', *, *, #779, .T. ) ;
#9665 = FACE_OUTER_BOUND ( 'NONE', #10585, .T. ) ;
#9666 = DIRECTION ( 'NONE',  ( 0.000000000000000000, 0.4999999999999949485, -0.8660254037844415942 ) ) ;
#9667 = VERTEX_POINT ( 'NONE', #10728 ) ;
#9668 = ORIENTED_EDGE ( 'NONE', *, *, #8910, .F. ) ;
#9669 = LINE ( 'NONE', #2347, #4999 ) ;
#9670 = VERTEX_POINT ( 'NONE', #8601 ) ;
#9671 = DIRECTION ( 'NONE',  ( 0.000000000000000000, 0.000000000000000000, 1.000000000000000000 ) ) ;
#9672 = AXIS2_PLACEMENT_3D ( 'NONE', #1193, #7833, #7076 ) ;
#9673 = EDGE_CURVE ( 'NONE', #10319, #10615, #2082, .T. ) ;
#9674 = DIRECTION ( 'NONE',  ( 0.000000000000000000, 0.000000000000000000, 1.000000000000000000 ) ) ;
#9675 = ORIENTED_EDGE ( 'NONE', *, *, #4613, .T. ) ;
#9676 = ORIENTED_EDGE ( 'NONE', *, *, #6056, .F. ) ;
#9677 = CARTESIAN_POINT ( 'NONE',  ( -4.999999999999990230, -28.40726393314237086, -137.0876630329396733 ) ) ;
#9678 = DIRECTION ( 'NONE',  ( 0.000000000000000000, -0.8660254037844432595, -0.4999999999999919509 ) ) ;
#9679 = CIRCLE ( 'NONE', #4123, 100.0000000000002132 ) ;
#9680 = CARTESIAN_POINT ( 'NONE',  ( -5.000000000000004441, 0.000000000000000000, 0.000000000000000000 ) ) ;
#9681 = ADVANCED_FACE ( 'NONE', ( #5847 ), #12733, .T. ) ;
#9682 = LINE ( 'NONE', #847, #8352 ) ;
#9683 = ORIENTED_EDGE ( 'NONE', *, *, #9851, .F. ) ;
#9684 = DIRECTION ( 'NONE',  ( 0.000000000000000000, 0.000000000000000000, 1.000000000000000000 ) ) ;
#9685 = CARTESIAN_POINT ( 'NONE',  ( 5.000000000000006217, 161.3076183917395383, -53.17002841738339214 ) ) ;
#9686 = EDGE_CURVE ( 'NONE', #1502, #118, #4344, .T. ) ;
#9687 = SECURITY_CLASSIFICATION_LEVEL ( 'unclassified' ) ;
#9688 = ORIENTED_EDGE ( 'NONE', *, *, #4931, .F. ) ;
#9689 = CIRCLE ( 'NONE', #6601, 100.0000000000000000 ) ;
#9690 = CARTESIAN_POINT ( 'NONE',  ( 5.000000000000006217, -170.1878247496343022, -17.20354699452759917 ) ) ;
#9691 = VERTEX_POINT ( 'NONE', #100 ) ;
#9692 = AXIS2_PLACEMENT_3D ( 'NONE', #1885, #4604, #1816 ) ;
#9693 = CARTESIAN_POINT ( 'NONE',  ( 34.99999999999996447, 0.000000000000000000, 0.000000000000000000 ) ) ;
#9694 = DIRECTION ( 'NONE',  ( 0.000000000000000000, -0.04765018403449685497, 0.9988640848291016061 ) ) ;
#9695 = DIRECTION ( 'NONE',  ( -1.000000000000000000, 0.000000000000000000, -0.000000000000000000 ) ) ;
#9696 = CIRCLE ( 'NONE', #11752, 5.000000000000004441 ) ;
#9697 = AXIS2_PLACEMENT_3D ( 'NONE', #2261, #6194, #2394 ) ;
#9698 = DIRECTION ( 'NONE',  ( 0.000000000000000000, 0.000000000000000000, 1.000000000000000000 ) ) ;
#9699 = DIRECTION ( 'NONE',  ( 0.000000000000000000, -0.1736481776669373256, -0.9848077530122067991 ) ) ;
#9700 = DIRECTION ( 'NONE',  ( -1.000000000000000000, 0.000000000000000000, 0.000000000000000000 ) ) ;
#9701 = PLANE ( 'NONE',  #5582 ) ;
#9702 = EDGE_CURVE ( 'NONE', #8357, #8432, #5995, .T. ) ;
#9703 = DIRECTION ( 'NONE',  ( 0.000000000000000000, 0.4739787468447000385, -0.8805362840562152016 ) ) ;
#9704 = CARTESIAN_POINT ( 'NONE',  ( 5.000000000000006217, -137.9344628748811488, 24.32078057235014867 ) ) ;
#9705 = ORIENTED_EDGE ( 'NONE', *, *, #11208, .F. ) ;
#9706 = EDGE_LOOP ( 'NONE', ( #6164, #527, #2975, #1151, #12625, #350 ) ) ;
#9707 = DIRECTION ( 'NONE',  ( 0.000000000000000000, 0.000000000000000000, 1.000000000000000000 ) ) ;
#9708 = AXIS2_PLACEMENT_3D ( 'NONE', #8922, #10909, #5900 ) ;
#9709 = DIRECTION ( 'NONE',  ( -1.000000000000000000, -0.000000000000000000, -0.000000000000000000 ) ) ;
#9710 = VECTOR ( 'NONE', #2185, 1000.000000000000000 ) ;
#9711 = AXIS2_PLACEMENT_3D ( 'NONE', #12762, #3877, #7794 ) ;
#9712 = DIRECTION ( 'NONE',  ( 0.000000000000000000, 0.000000000000000000, 1.000000000000000000 ) ) ;
#9713 = CARTESIAN_POINT ( 'NONE',  ( -4.999999999999984901, -53.19375708639717715, 12.69203752790073914 ) ) ;
#9714 = VECTOR ( 'NONE', #824, 1000.000000000000000 ) ;
#9715 = AXIS2_PLACEMENT_3D ( 'NONE', #11998, #7107, #6556 ) ;
#9716 = CIRCLE ( 'NONE', #8062, 100.0000000000000000 ) ;
#9717 = PLANE ( 'NONE',  #9053 ) ;
#9718 = DIRECTION ( 'NONE',  ( -1.000000000000000000, 0.000000000000000000, 0.000000000000000000 ) ) ;
#9720 = ORIENTED_EDGE ( 'NONE', *, *, #20, .F. ) ;
#9719 = EDGE_CURVE ( 'NONE', #5451, #4842, #11831, .T. ) ;
#9721 = DIRECTION ( 'NONE',  ( 0.000000000000000000, -0.8507457776495317425, 0.5255774175242818869 ) ) ;
#9722 = VECTOR ( 'NONE', #3777, 1000.000000000000000 ) ;
#9723 = AXIS2_PLACEMENT_3D ( 'NONE', #2754, #5581, #3786 ) ;
#9724 = CARTESIAN_POINT ( 'NONE',  ( 14.99999999999995737, 4.592425496802573578E-15, -34.99999999999999289 ) ) ;
#9725 = ORIENTED_EDGE ( 'NONE', *, *, #3822, .T. ) ;
#9726 = VERTEX_POINT ( 'NONE', #10025 ) ;
#9727 = DIRECTION ( 'NONE',  ( 0.000000000000000000, 0.7660444431189792347, 0.6427876096865379196 ) ) ;
#9728 = ADVANCED_FACE ( 'NONE', ( #5071 ), #431, .F. ) ;
#9729 = ORIENTED_EDGE ( 'NONE', *, *, #8362, .T. ) ;
#9730 = VERTEX_POINT ( 'NONE', #4090 ) ;
#9731 = DIRECTION ( 'NONE',  ( 0.000000000000000000, -0.9396926207859046531, 0.3420201433256790380 ) ) ;
#9732 = AXIS2_PLACEMENT_3D ( 'NONE', #6550, #10477, #9520 ) ;
#9733 = EDGE_CURVE ( 'NONE', #9796, #8535, #4155, .T. ) ;
#9734 = VECTOR ( 'NONE', #5159, 1000.000000000000114 ) ;
#9735 = AXIS2_PLACEMENT_3D ( 'NONE', #6700, #10624, #3259 ) ;
#9736 = EDGE_CURVE ( 'NONE', #12704, #309, #2215, .T. ) ;
#9737 = CIRCLE ( 'NONE', #2307, 100.0000000000001990 ) ;
#9738 = ORIENTED_EDGE ( 'NONE', *, *, #9183, .T. ) ;
#9739 = AXIS2_PLACEMENT_3D ( 'NONE', #8997, #7240, #12442 ) ;
#9740 = AXIS2_PLACEMENT_3D ( 'NONE', #352, #9308, #5268 ) ;
#9741 = DIRECTION ( 'NONE',  ( 0.000000000000000000, -0.7465554768956762510, 0.6653231695327237460 ) ) ;
#9742 = DIRECTION ( 'NONE',  ( -1.000000000000000000, -0.000000000000000000, -0.000000000000000000 ) ) ;
#9743 = EDGE_LOOP ( 'NONE', ( #6678, #4256, #11865, #1335 ) ) ;
#9744 = ORIENTED_EDGE ( 'NONE', *, *, #6581, .T. ) ;
#9745 = LINE ( 'NONE', #911, #11997 ) ;
#9746 = VECTOR ( 'NONE', #6883, 1000.000000000000000 ) ;
#9747 = ORIENTED_EDGE ( 'NONE', *, *, #1546, .F. ) ;
#9748 = CARTESIAN_POINT ( 'NONE',  ( -4.999999999999993783, 127.7303910488294889, -57.66310238715580994 ) ) ;
#9749 = ORIENTED_EDGE ( 'NONE', *, *, #11756, .F. ) ;
#9750 = DIRECTION ( 'NONE',  ( 0.000000000000000000, -0.5255774175242788893, -0.8507457776495336299 ) ) ;
#9751 = VECTOR ( 'NONE', #7981, 1000.000000000000114 ) ;
#9752 = ORIENTED_EDGE ( 'NONE', *, *, #3542, .T. ) ;
#9753 = EDGE_LOOP ( 'NONE', ( #5444, #4075, #2153 ) ) ;
#9754 = CARTESIAN_POINT ( 'NONE',  ( -4.999999999999992895, -137.8730854217089927, 24.31074487337123102 ) ) ;
#9755 = ADVANCED_FACE ( 'NONE', ( #10863 ), #10996, .T. ) ;
#9756 = CIRCLE ( 'NONE', #1915, 100.0000000000002132 ) ;
#9757 = DIRECTION ( 'NONE',  ( 0.000000000000000000, 0.000000000000000000, 1.000000000000000000 ) ) ;
#9758 = AXIS2_PLACEMENT_3D ( 'NONE', #1753, #4662, #5694 ) ;
#9759 = DIRECTION ( 'NONE',  ( -1.000000000000000000, -0.000000000000000000, -0.000000000000000000 ) ) ;
#9760 = VECTOR ( 'NONE', #9794, 1000.000000000000114 ) ;
#9761 = FACE_OUTER_BOUND ( 'NONE', #7733, .T. ) ;
#9762 = ORIENTED_EDGE ( 'NONE', *, *, #9971, .F. ) ;
#9763 = CARTESIAN_POINT ( 'NONE',  ( -4.999999999999993783, -90.02964525296256681, -107.2943586208337052 ) ) ;
#9764 = FACE_OUTER_BOUND ( 'NONE', #2646, .T. ) ;
#9765 = AXIS2_PLACEMENT_3D ( 'NONE', #7115, #9367, #10074 ) ;
#9766 = ORIENTED_EDGE ( 'NONE', *, *, #11911, .T. ) ;
#9767 = CARTESIAN_POINT ( 'NONE',  ( -5.000000000000004441, 0.000000000000000000, 0.000000000000000000 ) ) ;
#9768 = CIRCLE ( 'NONE', #5856, 100.0000000000002132 ) ;
#9769 = DIRECTION ( 'NONE',  ( 0.000000000000000000, -0.4581657725456800279, -0.8888667644071410745 ) ) ;
#9770 = EDGE_CURVE ( 'NONE', #12164, #6548, #8999, .T. ) ;
#9771 = ORIENTED_EDGE ( 'NONE', *, *, #10292, .T. ) ;
#9772 = EDGE_CURVE ( 'NONE', #2384, #3556, #5907, .T. ) ;
#9773 = LINE ( 'NONE', #7760, #6448 ) ;
#9774 = VECTOR ( 'NONE', #7080, 1000.000000000000000 ) ;
#9775 = DIRECTION ( 'NONE',  ( 0.000000000000000000, 1.000000000000000000, -3.491481338843133355E-15 ) ) ;
#9776 = CARTESIAN_POINT ( 'NONE',  ( 4.999999999999999112, -56.15474879678041020, -56.97933123133765321 ) ) ;
#9777 = DIRECTION ( 'NONE',  ( -1.000000000000000000, 0.000000000000000000, 0.000000000000000000 ) ) ;
#9778 = DIRECTION ( 'NONE',  ( -1.000000000000000000, 0.000000000000000000, -0.000000000000000000 ) ) ;
#9779 = CARTESIAN_POINT ( 'NONE',  ( 5.000000000000006217, 107.2933624945068090, 90.03083239009136207 ) ) ;
#9780 = FACE_OUTER_BOUND ( 'NONE', #4857, .T. ) ;
#9781 = ORIENTED_EDGE ( 'NONE', *, *, #7196, .T. ) ;
#9782 = EDGE_LOOP ( 'NONE', ( #778, #3996, #10336, #10190 ) ) ;
#9783 = CARTESIAN_POINT ( 'NONE',  ( 59.79898987322338400, -35.26711513754810312, -48.54101966249704958 ) ) ;
#9784 = B_SPLINE_CURVE_WITH_KNOTS ( 'NONE', 3,
 ( #2336, #4462, #9227, #6274, #4402, #7410, #11342, #8246, #2519, #389 ),
 .UNSPECIFIED., .F., .F.,
 ( 4, 2, 2, 2, 4 ),
 ( 0.01216155434143905908, 0.01274598174577594445, 0.01333040915011282808, 0.01391483655444971171, 0.01449926395878659707 ),
 .UNSPECIFIED. ) ;
#9785 = AXIS2_PLACEMENT_3D ( 'NONE', #3811, #2836, #6767 ) ;
#9786 = DIRECTION ( 'NONE',  ( 0.000000000000000000, 0.000000000000000000, 1.000000000000000000 ) ) ;
#9787 = ADVANCED_FACE ( 'NONE', ( #10919 ), #8082, .F. ) ;
#9788 = CARTESIAN_POINT ( 'NONE',  ( -4.999999999999993783, -46.49499208839309006, 164.6149246967158604 ) ) ;
#9789 = DIRECTION ( 'NONE',  ( 0.000000000000000000, 0.5255774175242728941, 0.8507457776495372936 ) ) ;
#9790 = VECTOR ( 'NONE', #559, 1000.000000000000000 ) ;
#9791 = LINE ( 'NONE', #951, #12556 ) ;
#9792 = DIRECTION ( 'NONE',  ( 0.000000000000000000, -1.224646799147352714E-16, 1.000000000000000000 ) ) ;
#9793 = VERTEX_POINT ( 'NONE', #6027 ) ;
#9794 = DIRECTION ( 'NONE',  ( 0.000000000000000000, 0.9290865984476447403, -0.3698622616393634210 ) ) ;
#9795 = DIRECTION ( 'NONE',  ( -1.000000000000000000, -0.000000000000000000, -0.000000000000000000 ) ) ;
#9796 = VERTEX_POINT ( 'NONE', #214 ) ;
#9797 = VERTEX_POINT ( 'NONE', #2935 ) ;
#9798 = CARTESIAN_POINT ( 'NONE',  ( 17.25322645288554568, 50.39293403984589759, 20.66538223396289808 ) ) ;
#9799 = ORIENTED_EDGE ( 'NONE', *, *, #9283, .T. ) ;
#9800 = VERTEX_POINT ( 'NONE', #9836 ) ;
#9801 = FACE_OUTER_BOUND ( 'NONE', #2445, .T. ) ;
#9802 = CIRCLE ( 'NONE', #12675, 6.999999999999999112 ) ;
#9803 = EDGE_CURVE ( 'NONE', #4850, #706, #4585, .T. ) ;
#9804 = ORIENTED_EDGE ( 'NONE', *, *, #1922, .F. ) ;
#9805 = EDGE_CURVE ( 'NONE', #7142, #5937, #6611, .T. ) ;
#9806 = PLANE ( 'NONE',  #12237 ) ;
#9807 = EDGE_LOOP ( 'NONE', ( #4110, #3147, #10420 ) ) ;
#9808 = ORIENTED_EDGE ( 'NONE', *, *, #1430, .T. ) ;
#9809 = DIRECTION ( 'NONE',  ( 0.000000000000000000, 0.6427876096865353661, -0.7660444431189813441 ) ) ;
#9810 = AXIS2_PLACEMENT_3D ( 'NONE', #2345, #344, #5313 ) ;
#9811 = EDGE_CURVE ( 'NONE', #11446, #7109, #2323, .T. ) ;
#9812 = ORIENTED_EDGE ( 'NONE', *, *, #10199, .T. ) ;
#9813 = EDGE_CURVE ( 'NONE', #3226, #5873, #9524, .T. ) ;
#9814 = DIRECTION ( 'NONE',  ( 0.000000000000000000, 0.000000000000000000, 1.000000000000000000 ) ) ;
#9815 = VERTEX_POINT ( 'NONE', #28 ) ;
#9816 = DIRECTION ( 'NONE',  ( 0.000000000000000000, 0.000000000000000000, 1.000000000000000000 ) ) ;
#9817 = ORIENTED_EDGE ( 'NONE', *, *, #4137, .T. ) ;
#9818 = ORIENTED_EDGE ( 'NONE', *, *, #1879, .T. ) ;
#9819 = DIRECTION ( 'NONE',  ( 0.000000000000000000, -1.224646799147352714E-16, 1.000000000000000000 ) ) ;
#9820 = DIRECTION ( 'NONE',  ( -1.000000000000000000, -0.000000000000000000, -0.000000000000000000 ) ) ;
#9821 = PLANE ( 'NONE',  #3573 ) ;
#9822 = ADVANCED_FACE ( 'NONE', ( #5960 ), #9124, .T. ) ;
#9823 = DIRECTION ( 'NONE',  ( 0.000000000000000000, 0.000000000000000000, 1.000000000000000000 ) ) ;
#9824 = ORIENTED_EDGE ( 'NONE', *, *, #4121, .F. ) ;
#9825 = EDGE_CURVE ( 'NONE', #5621, #495, #11942, .T. ) ;
#9826 = CARTESIAN_POINT ( 'NONE',  ( -5.417424305044144184, 7.614320323172795587E-17, 53.00000000000000000 ) ) ;
#9827 = DIRECTION ( 'NONE',  ( 0.000000000000000000, 0.000000000000000000, 1.000000000000000000 ) ) ;
#9828 = ORIENTED_EDGE ( 'NONE', *, *, #10984, .T. ) ;
#9829 = LINE ( 'NONE', #5833, #4148 ) ;
#9830 = DIRECTION ( 'NONE',  ( 0.000000000000000000, -0.6055552987958090494, -0.7958032295111138188 ) ) ;
#9831 = ORIENTED_EDGE ( 'NONE', *, *, #9232, .T. ) ;
#9832 = CARTESIAN_POINT ( 'NONE',  ( 17.37223532271778836, -52.83717919235597549, 12.95982148011486501 ) ) ;
#9833 = DIRECTION ( 'NONE',  ( -1.000000000000000000, 0.000000000000000000, 0.000000000000000000 ) ) ;
#9834 = FACE_BOUND ( 'NONE', #12209, .T. ) ;
#9835 = CARTESIAN_POINT ( 'NONE',  ( 5.000000000000006217, 137.9341937727411391, 24.32230672642442215 ) ) ;
#9836 = CARTESIAN_POINT ( 'NONE',  ( -30.00000000000000000, 0.000000000000000000, 40.00000000000001421 ) ) ;
#9837 = FACE_OUTER_BOUND ( 'NONE', #5554, .T. ) ;
#9838 = EDGE_LOOP ( 'NONE', ( #9405, #11510, #380, #11612, #2992, #826 ) ) ;
#9839 = EDGE_CURVE ( 'NONE', #10484, #6907, #1087, .T. ) ;
#9840 = ORIENTED_EDGE ( 'NONE', *, *, #1293, .F. ) ;
#9841 = CARTESIAN_POINT ( 'NONE',  ( -4.999999999999993783, 99.99262110727813990, -138.7852061507330745 ) ) ;
#9842 = DIRECTION ( 'NONE',  ( -1.000000000000000000, -0.000000000000000000, -0.000000000000000000 ) ) ;
#9843 = DIRECTION ( 'NONE',  ( -1.000000000000000000, 0.000000000000000000, 0.000000000000000000 ) ) ;
#9844 = PLANE ( 'NONE',  #3395 ) ;
#9845 = CARTESIAN_POINT ( 'NONE',  ( 5.000000000000006217, 13.95342753719945783, -78.77373839018177648 ) ) ;
#9846 = LINE ( 'NONE', #8954, #3754 ) ;
#9847 = EDGE_LOOP ( 'NONE', ( #8994, #4471, #8765, #9661 ) ) ;
#9848 = DIRECTION ( 'NONE',  ( 0.000000000000000000, 0.3420201433256694901, 0.9396926207859082059 ) ) ;
#9849 = DIRECTION ( 'NONE',  ( -1.000000000000000000, -0.000000000000000000, -0.000000000000000000 ) ) ;
#9850 = ORIENTED_EDGE ( 'NONE', *, *, #7407, .T. ) ;
#9851 = EDGE_CURVE ( 'NONE', #10838, #8380, #3244, .T. ) ;
#9852 = ORIENTED_EDGE ( 'NONE', *, *, #8333, .T. ) ;
#9853 = CARTESIAN_POINT ( 'NONE',  ( 5.000000000000006217, 157.7458401751238739, 62.95593364064023945 ) ) ;
#9854 = EDGE_LOOP ( 'NONE', ( #2482, #6082, #4846 ) ) ;
#9855 = DIRECTION ( 'NONE',  ( 0.000000000000000000, -0.9848077530122096857, -0.1736481776669206722 ) ) ;
#9856 = EDGE_LOOP ( 'NONE', ( #1196, #563, #2131 ) ) ;
#9857 = DIRECTION ( 'NONE',  ( -1.000000000000000000, 0.000000000000000000, 0.000000000000000000 ) ) ;
#9858 = DIRECTION ( 'NONE',  ( 0.000000000000000000, 0.000000000000000000, 1.000000000000000000 ) ) ;
#9859 = ORIENTED_EDGE ( 'NONE', *, *, #9329, .T. ) ;
#9860 = DIRECTION ( 'NONE',  ( 0.000000000000000000, 0.9848077530122073542, -0.1736481776669340227 ) ) ;
#9861 = ORIENTED_EDGE ( 'NONE', *, *, #10437, .T. ) ;
#9862 = CARTESIAN_POINT ( 'NONE',  ( 4.999999999999999112, 61.24334482836764693, 51.47089191217037296 ) ) ;
#9863 = ORIENTED_EDGE ( 'NONE', *, *, #1842, .T. ) ;
#9864 = EDGE_CURVE ( 'NONE', #11340, #9429, #7174, .T. ) ;
#9865 = DIRECTION ( 'NONE',  ( 0.000000000000000000, 0.9549225324549460714, -0.2968551111398158304 ) ) ;
#9866 = ORIENTED_EDGE ( 'NONE', *, *, #11955, .T. ) ;
#9867 = ORIENTED_EDGE ( 'NONE', *, *, #1407, .F. ) ;
#9868 = CIRCLE ( 'NONE', #11293, 100.0000000000001990 ) ;
#9869 = CARTESIAN_POINT ( 'NONE',  ( 5.000000000000006217, 127.7303910488294889, -57.66310238715580994 ) ) ;
#9870 = ADVANCED_FACE ( 'NONE', ( #1426 ), #8247, .T. ) ;
#9871 = DIRECTION ( 'NONE',  ( 0.000000000000000000, -0.8660254037844329345, 0.5000000000000101030 ) ) ;
#9872 = CIRCLE ( 'NONE', #4311, 100.0000000000001990 ) ;
#9873 = ORIENTED_EDGE ( 'NONE', *, *, #3968, .T. ) ;
#9874 = LINE ( 'NONE', #12716, #12591 ) ;
#9875 = ORIENTED_EDGE ( 'NONE', *, *, #4646, .F. ) ;
#9876 = CARTESIAN_POINT ( 'NONE',  ( 5.000000000000006217, -138.7852061507327335, -99.99262110727862307 ) ) ;
#9877 = DIRECTION ( 'NONE',  ( -1.000000000000000000, -0.000000000000000000, -0.000000000000000000 ) ) ;
#9878 = ADVANCED_FACE ( 'NONE', ( #10334 ), #12127, .F. ) ;
#9879 = ADVANCED_FACE ( 'NONE', ( #475 ), #5264, .F. ) ;
#9880 = ORIENTED_EDGE ( 'NONE', *, *, #11533, .F. ) ;
#9881 = DIRECTION ( 'NONE',  ( -1.000000000000000000, -0.000000000000000000, -0.000000000000000000 ) ) ;
#9882 = EDGE_CURVE ( 'NONE', #9670, #9913, #4327, .T. ) ;
#9883 = DIRECTION ( 'NONE',  ( 0.000000000000000000, -0.1736481776669173416, 0.9848077530122103518 ) ) ;
#9884 = AXIS2_PLACEMENT_3D ( 'NONE', #360, #11120, #4429 ) ;
#9885 = ORIENTED_EDGE ( 'NONE', *, *, #11653, .F. ) ;
#9886 = EDGE_CURVE ( 'NONE', #11446, #2411, #6182, .T. ) ;
#9887 = EDGE_CURVE ( 'NONE', #2769, #797, #8339, .T. ) ;
#9888 = CARTESIAN_POINT ( 'NONE',  ( 15.60636991987849598, -53.53297862814422814, 12.49603932864001443 ) ) ;
#9889 = CARTESIAN_POINT ( 'NONE',  ( 5.000000000000006217, -37.93101358992151262, 134.9122840309202616 ) ) ;
#9890 = DIRECTION ( 'NONE',  ( -1.000000000000000000, -0.000000000000000000, -0.000000000000000000 ) ) ;
#9891 = DIRECTION ( 'NONE',  ( -1.000000000000000000, 0.000000000000000000, 0.000000000000000000 ) ) ;
#9892 = CIRCLE ( 'NONE', #4958, 140.0000000000000000 ) ;
#9893 = DIRECTION ( 'NONE',  ( 0.000000000000000000, 0.6427876096865353661, -0.7660444431189813441 ) ) ;
#9894 = LINE ( 'NONE', #9779, #3370 ) ;
#9895 = AXIS2_PLACEMENT_3D ( 'NONE', #1039, #6975, #11874 ) ;
#9896 = ORIENTED_EDGE ( 'NONE', *, *, #4767, .T. ) ;
#9897 = VERTEX_POINT ( 'NONE', #10152 ) ;
#9898 = CARTESIAN_POINT ( 'NONE',  ( -34.99999999999996447, 3.980102097228897048E-15, -29.99999999999999289 ) ) ;
#9899 = CARTESIAN_POINT ( 'NONE',  ( 5.000000000000006217, -131.6156692209316077, 47.90336138264910204 ) ) ;
#9900 = EDGE_CURVE ( 'NONE', #7126, #4914, #9062, .T. ) ;
#9901 = CIRCLE ( 'NONE', #6810, 100.0000000000001847 ) ;
#9902 = LINE ( 'NONE', #4045, #5405 ) ;
#9903 = AXIS2_PLACEMENT_3D ( 'NONE', #1302, #9284, #8324 ) ;
#9904 = CARTESIAN_POINT ( 'NONE',  ( 17.54011668340995200, 28.70045695798788543, -46.10910561172829603 ) ) ;
#9905 = CARTESIAN_POINT ( 'NONE',  ( -4.999999999999984013, -28.50224523543381139, -46.69826811089851759 ) ) ;
#9906 = CARTESIAN_POINT ( 'NONE',  ( -4.999999999999993783, 168.0898717532973023, -24.35148223580033289 ) ) ;
#9907 = VERTEX_POINT ( 'NONE', #6340 ) ;
#9908 = LINE ( 'NONE', #2824, #10571 ) ;
#9910 = DIRECTION ( 'NONE',  ( 0.000000000000000000, 0.000000000000000000, 1.000000000000000000 ) ) ;
#9909 = AXIS2_PLACEMENT_3D ( 'NONE', #11494, #3845, #2671 ) ;
#9911 = ORIENTED_EDGE ( 'NONE', *, *, #5149, .F. ) ;
#9912 = AXIS2_PLACEMENT_3D ( 'NONE', #6467, #8583, #1811 ) ;
#9913 = VERTEX_POINT ( 'NONE', #12269 ) ;
#9914 = DIRECTION ( 'NONE',  ( 1.000000000000000000, 0.000000000000000000, 0.000000000000000000 ) ) ;
#9915 = CIRCLE ( 'NONE', #12377, 100.0000000000000284 ) ;
#9916 = ORIENTED_EDGE ( 'NONE', *, *, #12588, .T. ) ;
#9917 = CARTESIAN_POINT ( 'NONE',  ( 5.000000000000004441, -4.170670896934455030, -139.9378630116576687 ) ) ;
#9918 = ORIENTED_EDGE ( 'NONE', *, *, #4884, .F. ) ;
#9919 = AXIS2_PLACEMENT_3D ( 'NONE', #9767, #4873, #8992 ) ;
#9920 = CIRCLE ( 'NONE', #1471, 6.999999999999999112 ) ;
#9921 = VECTOR ( 'NONE', #11391, 1000.000000000000114 ) ;
#9922 = EDGE_CURVE ( 'NONE', #9797, #2182, #4275, .T. ) ;
#9923 = AXIS2_PLACEMENT_3D ( 'NONE', #5651, #2809, #4816 ) ;
#9924 = DIRECTION ( 'NONE',  ( 0.000000000000000000, 0.1736481776669241417, -0.9848077530122090195 ) ) ;
#9925 = CARTESIAN_POINT ( 'NONE',  ( -34.99999999999996447, 0.000000000000000000, 29.99999999999999289 ) ) ;
#9926 = ORIENTED_EDGE ( 'NONE', *, *, #4196, .F. ) ;
#9927 = CARTESIAN_POINT ( 'NONE',  ( 5.000000000000006217, -51.47089191217059323, 61.24334482836746929 ) ) ;
#9928 = ORIENTED_EDGE ( 'NONE', *, *, #7674, .T. ) ;
#9929 = LINE ( 'NONE', #11914, #5804 ) ;
#9930 = ORIENTED_EDGE ( 'NONE', *, *, #9239, .T. ) ;
#9931 = LINE ( 'NONE', #11085, #10773 ) ;
#9932 = ORIENTED_EDGE ( 'NONE', *, *, #3853, .T. ) ;
#9933 = AXIS2_PLACEMENT_3D ( 'NONE', #961, #10689, #7784 ) ;
#9934 = AXIS2_PLACEMENT_3D ( 'NONE', #7539, #11601, #2777 ) ;
#9935 = VERTEX_POINT ( 'NONE', #9237 ) ;
#9936 = CIRCLE ( 'NONE', #9514, 140.0000000000000000 ) ;
#9937 = CIRCLE ( 'NONE', #6638, 140.0000000000000000 ) ;
#9938 = CIRCLE ( 'NONE', #1687, 100.0000000000001847 ) ;
#9939 = CARTESIAN_POINT ( 'NONE',  ( -5.000000000000004441, 0.000000000000000000, 0.000000000000000000 ) ) ;
#9940 = ADVANCED_FACE ( 'NONE', ( #10269 ), #4537, .F. ) ;
#9941 = DIRECTION ( 'NONE',  ( 0.000000000000000000, -0.6427876096865456912, -0.7660444431189727954 ) ) ;
#9942 = CARTESIAN_POINT ( 'NONE',  ( 4.999999999999999112, -75.15400103636424944, -27.42035973919443137 ) ) ;
#9943 = VECTOR ( 'NONE', #543, 1000.000000000000114 ) ;
#9944 = CIRCLE ( 'NONE', #58, 100.0000000000000142 ) ;
#9945 = AXIS2_PLACEMENT_3D ( 'NONE', #1129, #995, #1240 ) ;
#9946 = AXIS2_PLACEMENT_3D ( 'NONE', #6737, #9578, #861 ) ;
#9947 = ORIENTED_EDGE ( 'NONE', *, *, #11090, .F. ) ;
#9948 = AXIS2_PLACEMENT_3D ( 'NONE', #7338, #11977, #6314 ) ;
#9949 = FACE_OUTER_BOUND ( 'NONE', #129, .T. ) ;
#9950 = ORIENTED_EDGE ( 'NONE', *, *, #5366, .F. ) ;
#9951 = CARTESIAN_POINT ( 'NONE',  ( -5.275555609464834816, 2.112666871596561968, 53.31285080535481313 ) ) ;
#9952 = DIRECTION ( 'NONE',  ( 0.000000000000000000, 0.9848077530122073542, -0.1736481776669340227 ) ) ;
#9953 = EDGE_LOOP ( 'NONE', ( #6191, #5044, #2870 ) ) ;
#9954 = CARTESIAN_POINT ( 'NONE',  ( -4.999999999999993783, -17.20354699452700231, 170.1878247496343590 ) ) ;
#9955 = VECTOR ( 'NONE', #2210, 1000.000000000000000 ) ;
#9956 = CIRCLE ( 'NONE', #678, 100.0000000000001847 ) ;
#9957 = CARTESIAN_POINT ( 'NONE',  ( -4.999999999999993783, 131.6156692209318919, -47.90336138264822097 ) ) ;
#9958 = AXIS2_PLACEMENT_3D ( 'NONE', #3353, #2510, #9221 ) ;
#9959 = ORIENTED_EDGE ( 'NONE', *, *, #3729, .T. ) ;
#9960 = VECTOR ( 'NONE', #4354, 1000.000000000000000 ) ;
#9961 = EDGE_CURVE ( 'NONE', #1771, #4941, #413, .T. ) ;
#9962 = DIRECTION ( 'NONE',  ( 1.000000000000000000, 0.000000000000000000, 0.000000000000000000 ) ) ;
#9963 = CARTESIAN_POINT ( 'NONE',  ( -5.000000000000004441, 0.000000000000000000, 0.000000000000000000 ) ) ;
#9964 = AXIS2_PLACEMENT_3D ( 'NONE', #2846, #3, #920 ) ;
#9965 = CARTESIAN_POINT ( 'NONE',  ( 5.000000000000006217, 74.37371037525558393, -154.0402834560582050 ) ) ;
#9966 = AXIS2_PLACEMENT_3D ( 'NONE', #1445, #8163, #9327 ) ;
#9967 = CARTESIAN_POINT ( 'NONE',  ( 5.000000000000006217, 69.25074739081651387, 40.05413818588529296 ) ) ;
#9968 = DIRECTION ( 'NONE',  ( 0.000000000000000000, 0.000000000000000000, 1.000000000000000000 ) ) ;
#9969 = DIRECTION ( 'NONE',  ( -1.000000000000000000, 0.000000000000000000, 0.000000000000000000 ) ) ;
#9970 = AXIS2_PLACEMENT_3D ( 'NONE', #3245, #291, #3193 ) ;
#9971 = EDGE_CURVE ( 'NONE', #6966, #9691, #216, .T. ) ;
#9972 = ORIENTED_EDGE ( 'NONE', *, *, #11132, .F. ) ;
#9973 = EDGE_CURVE ( 'NONE', #1864, #3304, #3439, .T. ) ;
#9974 = ORIENTED_EDGE ( 'NONE', *, *, #864, .T. ) ;
#9975 = FACE_OUTER_BOUND ( 'NONE', #5252, .T. ) ;
#9976 = DIRECTION ( 'NONE',  ( -1.000000000000000000, -0.000000000000000000, -0.000000000000000000 ) ) ;
#9977 = AXIS2_PLACEMENT_3D ( 'NONE', #11509, #6757, #699 ) ;
#9978 =( GEOMETRIC_REPRESENTATION_CONTEXT ( 3 ) GLOBAL_UNCERTAINTY_ASSIGNED_CONTEXT ( ( #3386 ) ) GLOBAL_UNIT_ASSIGNED_CONTEXT ( ( #2656, #11359, #8265 ) ) REPRESENTATION_CONTEXT ( 'NONE', 'WORKASPACE' ) );
#9979 = CARTESIAN_POINT ( 'NONE',  ( -4.999999999999993783, -61.24334482836729165, -51.47089191217080639 ) ) ;
#9980 = CARTESIAN_POINT ( 'NONE',  ( -4.999999999999993783, -170.1878247496343022, -17.20354699452759917 ) ) ;
#9981 = CARTESIAN_POINT ( 'NONE',  ( -5.374797078452417942, -30.26043275176655456, -43.63274623092033977 ) ) ;
#9982 = DIRECTION ( 'NONE',  ( -1.000000000000000000, -0.000000000000000000, -0.000000000000000000 ) ) ;
#9983 = EDGE_LOOP ( 'NONE', ( #2312, #8542, #751, #1337, #6313, #1855, #12761, #1260 ) ) ;
#9984 = CARTESIAN_POINT ( 'NONE',  ( 5.000000000000004441, 0.000000000000000000, 0.000000000000000000 ) ) ;
#9985 = AXIS2_PLACEMENT_3D ( 'NONE', #11667, #6713, #10637 ) ;
#9986 = DIRECTION ( 'NONE',  ( 0.000000000000000000, 0.000000000000000000, 1.000000000000000000 ) ) ;
#9987 = ORIENTED_EDGE ( 'NONE', *, *, #7052, .F. ) ;
#9988 = EDGE_CURVE ( 'NONE', #89, #10132, #1867, .T. ) ;
#9989 = ORIENTED_EDGE ( 'NONE', *, *, #6102, .T. ) ;
#9990 = DIRECTION ( 'NONE',  ( 0.000000000000000000, 0.000000000000000000, 1.000000000000000000 ) ) ;
#9991 = EDGE_LOOP ( 'NONE', ( #7694, #4437, #5563, #12755, #8628, #4016 ) ) ;
#9992 = CARTESIAN_POINT ( 'NONE',  ( -4.999999999999993783, -166.2815095599042650, -34.60721386647430364 ) ) ;
#9993 = ORIENTED_EDGE ( 'NONE', *, *, #3605, .T. ) ;
#9994 = CIRCLE ( 'NONE', #5270, 80.00000000000000000 ) ;
#9995 = DIRECTION ( 'NONE',  ( 0.000000000000000000, 0.000000000000000000, -1.000000000000000000 ) ) ;
#9996 = CARTESIAN_POINT ( 'NONE',  ( 4.999999999999999112, -33.28012403207798542, -72.74911232729584754 ) ) ;
#9997 = ORIENTED_EDGE ( 'NONE', *, *, #905, .T. ) ;
#9998 = CARTESIAN_POINT ( 'NONE',  ( 5.000000000000006217, -122.5733066456629672, 119.3132105852216256 ) ) ;
#9999 = ORIENTED_EDGE ( 'NONE', *, *, #7747, .F. ) ;
#10000 = DIRECTION ( 'NONE',  ( -1.000000000000000000, -0.000000000000000000, -0.000000000000000000 ) ) ;
#10001 = ORIENTED_EDGE ( 'NONE', *, *, #10034, .T. ) ;
#10002 = DIRECTION ( 'NONE',  ( -1.000000000000000000, -0.000000000000000000, -0.000000000000000000 ) ) ;
#10003 = CIRCLE ( 'NONE', #1974, 140.0000000000000000 ) ;
#10004 = ORIENTED_EDGE ( 'NONE', *, *, #9239, .F. ) ;
#10005 = ORIENTED_EDGE ( 'NONE', *, *, #11552, .F. ) ;
#10006 = EDGE_CURVE ( 'NONE', #5964, #4282, #7415, .T. ) ;
#10007 = DIRECTION ( 'NONE',  ( 1.000000000000000000, 0.000000000000000000, 0.000000000000000000 ) ) ;
#10009 = CARTESIAN_POINT ( 'NONE',  ( 5.000000000000006217, 122.5733066456637772, -119.3132105852207872 ) ) ;
#10008 = AXIS2_PLACEMENT_3D ( 'NONE', #8336, #6392, #534 ) ;
#10010 = ORIENTED_EDGE ( 'NONE', *, *, #416, .F. ) ;
#10011 = DIRECTION ( 'NONE',  ( -1.000000000000000000, -0.000000000000000000, -0.000000000000000000 ) ) ;
#10012 = ORIENTED_EDGE ( 'NONE', *, *, #8549, .F. ) ;
#10013 = CARTESIAN_POINT ( 'NONE',  ( 5.000000000000006217, 119.3132105852220661, 122.5733066456625693 ) ) ;
#10014 = LINE ( 'NONE', #2147, #1233 ) ;
#10015 = DIRECTION ( 'NONE',  ( 0.000000000000000000, 0.000000000000000000, 1.000000000000000000 ) ) ;
#10016 = ORIENTED_EDGE ( 'NONE', *, *, #2238, .T. ) ;
#10017 = EDGE_CURVE ( 'NONE', #897, #5591, #5367, .T. ) ;
#10018 = DIRECTION ( 'NONE',  ( 0.000000000000000000, 0.000000000000000000, 1.000000000000000000 ) ) ;
#10019 = DIRECTION ( 'NONE',  ( 0.000000000000000000, 0.000000000000000000, 1.000000000000000000 ) ) ;
#10020 = ORIENTED_EDGE ( 'NONE', *, *, #2566, .T. ) ;
#10021 = CARTESIAN_POINT ( 'NONE',  ( 17.89871373514712616, -50.22501358294631757, 20.04102342402413939 ) ) ;
#10022 = LINE ( 'NONE', #3000, #12453 ) ;
#10023 = CARTESIAN_POINT ( 'NONE',  ( -4.999999999999993783, 131.6156692209318919, -47.90336138264822097 ) ) ;
#10024 = FACE_OUTER_BOUND ( 'NONE', #2501, .T. ) ;
#10025 = CARTESIAN_POINT ( 'NONE',  ( 5.000000000000006217, -100.3053633756250065, 97.87195845839775643 ) ) ;
#10026 = CARTESIAN_POINT ( 'NONE',  ( 5.000000000000006217, 47.90481762191890169, -131.6151391931834382 ) ) ;
#10027 = VERTEX_POINT ( 'NONE', #9428 ) ;
#10028 = ADVANCED_FACE ( 'NONE', ( #4800 ), #7752, .T. ) ;
#10029 = VERTEX_POINT ( 'NONE', #11544 ) ;
#10030 = DIRECTION ( 'NONE',  ( 0.000000000000000000, 0.000000000000000000, 1.000000000000000000 ) ) ;
#10031 = EDGE_LOOP ( 'NONE', ( #8121, #3083, #160, #4896, #7211, #11029 ) ) ;
#10032 = CARTESIAN_POINT ( 'NONE',  ( -4.999999999999993783, -138.7852061507327335, -99.99262110727862307 ) ) ;
#10033 = DIRECTION ( 'NONE',  ( -1.000000000000000000, -0.000000000000000000, -0.000000000000000000 ) ) ;
#10034 = EDGE_CURVE ( 'NONE', #4693, #11058, #7556, .T. ) ;
#10035 = EDGE_CURVE ( 'NONE', #7780, #523, #11685, .T. ) ;
#10036 = DIRECTION ( 'NONE',  ( 0.000000000000000000, -0.5000000000000069944, -0.8660254037844344888 ) ) ;
#10037 = CARTESIAN_POINT ( 'NONE',  ( -5.025146475258375212, -28.61708323046108404, -46.31987557582364445 ) ) ;
#10038 = CARTESIAN_POINT ( 'NONE',  ( 5.000000000000006217, -121.2978000584462137, 70.03042279760680344 ) ) ;
#10039 = ORIENTED_EDGE ( 'NONE', *, *, #3437, .T. ) ;
#10040 = CARTESIAN_POINT ( 'NONE',  ( -4.999999999999993783, -119.3132105852211708, -122.5733066456633935 ) ) ;
#10041 = CARTESIAN_POINT ( 'NONE',  ( 5.000000000000006217, 113.1114811425205318, -126.7004045252644318 ) ) ;
#10042 = ORIENTED_EDGE ( 'NONE', *, *, #10741, .F. ) ;
#10043 = EDGE_CURVE ( 'NONE', #3688, #11147, #6588, .T. ) ;
#10044 = ORIENTED_EDGE ( 'NONE', *, *, #5899, .F. ) ;
#10045 = CARTESIAN_POINT ( 'NONE',  ( 18.98387767688261363, 50.23834855514628117, 16.95641779228406065 ) ) ;
#10046 = EDGE_CURVE ( 'NONE', #4581, #10304, #834, .T. ) ;
#10047 = ORIENTED_EDGE ( 'NONE', *, *, #3480, .T. ) ;
#10048 = CARTESIAN_POINT ( 'NONE',  ( 5.000000000000006217, 13.83027240313206896, 78.79545396313061190 ) ) ;
#10049 = EDGE_CURVE ( 'NONE', #11265, #3471, #2475, .T. ) ;
#10050 = CARTESIAN_POINT ( 'NONE',  ( -4.999999999999990230, -43.94241929835837368, 132.9250306985380519 ) ) ;
#10051 = EDGE_CURVE ( 'NONE', #12094, #11723, #11739, .T. ) ;
#10052 = DIRECTION ( 'NONE',  ( 0.000000000000000000, 0.000000000000000000, 1.000000000000000000 ) ) ;
#10053 = DIRECTION ( 'NONE',  ( 0.000000000000000000, 0.000000000000000000, 1.000000000000000000 ) ) ;
#10054 = ORIENTED_EDGE ( 'NONE', *, *, #9177, .T. ) ;
#10055 = CARTESIAN_POINT ( 'NONE',  ( -4.999999999999990230, -4.170670896934455918, -139.9378630116576971 ) ) ;
#10056 = ORIENTED_EDGE ( 'NONE', *, *, #7802, .T. ) ;
#10057 = CARTESIAN_POINT ( 'NONE',  ( 5.000000000000006217, 69.31327489107772521, -39.94583737856260797 ) ) ;
#10058 = ORIENTED_EDGE ( 'NONE', *, *, #1998, .F. ) ;
#10059 = CARTESIAN_POINT ( 'NONE',  ( 14.99999999999997158, 0.000000000000000000, 0.000000000000000000 ) ) ;
#10060 = VERTEX_POINT ( 'NONE', #9625 ) ;
#10061 = VERTEX_POINT ( 'NONE', #8456 ) ;
#10062 = ADVANCED_FACE ( 'NONE', ( #6730 ), #11482, .T. ) ;
#10063 = DIRECTION ( 'NONE',  ( 0.000000000000000000, -0.3420201433256757073, -0.9396926207859057634 ) ) ;
#10064 = CARTESIAN_POINT ( 'NONE',  ( 5.000000000000006217, -60.78202852981873150, 126.2760119032859336 ) ) ;
#10065 = ORIENTED_EDGE ( 'NONE', *, *, #10046, .F. ) ;
#10066 = CARTESIAN_POINT ( 'NONE',  ( -4.999999999999992895, 1.484923295436146873E-12, 140.0000000000000284 ) ) ;
#10067 = ORIENTED_EDGE ( 'NONE', *, *, #9434, .T. ) ;
#10068 = CARTESIAN_POINT ( 'NONE',  ( 5.000000000000006217, -79.74427681403238921, 6.391425146786776423 ) ) ;
#10069 = DIRECTION ( 'NONE',  ( 0.000000000000000000, 0.000000000000000000, 1.000000000000000000 ) ) ;
#10070 = CIRCLE ( 'NONE', #1414, 100.0000000000001990 ) ;
#10071 = CARTESIAN_POINT ( 'NONE',  ( 5.000000000000004441, -121.2435565298218449, -69.99999999999928946 ) ) ;
#10072 = ORIENTED_EDGE ( 'NONE', *, *, #9162, .T. ) ;
#10073 = DIRECTION ( 'NONE',  ( 0.000000000000000000, 0.1442331847429648151, -0.9895437273910141496 ) ) ;
#10074 = DIRECTION ( 'NONE',  ( 0.000000000000000000, 0.000000000000000000, 1.000000000000000000 ) ) ;
#10075 = AXIS2_PLACEMENT_3D ( 'NONE', #11024, #6120, #9858 ) ;
#10076 = CARTESIAN_POINT ( 'NONE',  ( 16.19312584273765410, -53.39633275595092243, 12.57815080477915082 ) ) ;
#10077 = EDGE_CURVE ( 'NONE', #4676, #7144, #5757, .T. ) ;
#10078 = EDGE_CURVE ( 'NONE', #11935, #6593, #9472, .T. ) ;
#10079 = FACE_OUTER_BOUND ( 'NONE', #2199, .T. ) ;
#10080 = DIRECTION ( 'NONE',  ( -1.000000000000000000, -0.000000000000000000, -0.000000000000000000 ) ) ;
#10081 = LINE ( 'NONE', #2348, #9269 ) ;
#10082 = CARTESIAN_POINT ( 'NONE',  ( 5.000000000000006217, -113.8029070527151276, -81.78621229002838788 ) ) ;
#10083 = DIRECTION ( 'NONE',  ( -1.000000000000000000, 0.000000000000000000, 0.000000000000000000 ) ) ;
#10084 = ORIENTED_EDGE ( 'NONE', *, *, #739, .T. ) ;
#10085 = VECTOR ( 'NONE', #11584, 1000.000000000000000 ) ;
#10086 = ORIENTED_EDGE ( 'NONE', *, *, #10504, .T. ) ;
#10087 = FACE_OUTER_BOUND ( 'NONE', #3835, .T. ) ;
#10088 = ORIENTED_EDGE ( 'NONE', *, *, #11067, .T. ) ;
#10089 = CARTESIAN_POINT ( 'NONE',  ( -5.000000000000004441, 0.000000000000000000, 0.000000000000000000 ) ) ;
#10090 = DIRECTION ( 'NONE',  ( -1.000000000000000000, -0.000000000000000000, -0.000000000000000000 ) ) ;
#10091 = DIRECTION ( 'NONE',  ( 0.000000000000000000, -0.7660444431189707970, 0.6427876096865481337 ) ) ;
#10092 = AXIS2_PLACEMENT_3D ( 'NONE', #6339, #3299, #12205 ) ;
#10093 = ADVANCED_FACE ( 'NONE', ( #9764 ), #3568, .F. ) ;
#10094 = CARTESIAN_POINT ( 'NONE',  ( 17.35259229447914464, 28.64446510534623158, -46.26881447107773937 ) ) ;
#10095 = CARTESIAN_POINT ( 'NONE',  ( -5.052034299668897610, -34.87029705512497202, -41.54101966249545086 ) ) ;
#10096 = DIRECTION ( 'NONE',  ( 0.000000000000000000, 0.000000000000000000, 1.000000000000000000 ) ) ;
#10097 = LINE ( 'NONE', #6162, #7888 ) ;
#10098 = LINE ( 'NONE', #7139, #5438 ) ;
#10099 = ORIENTED_EDGE ( 'NONE', *, *, #5075, .T. ) ;
#10100 = ORIENTED_EDGE ( 'NONE', *, *, #8790, .T. ) ;
#10101 = DIRECTION ( 'NONE',  ( -1.000000000000000000, 0.000000000000000000, -0.000000000000000000 ) ) ;
#10102 = VERTEX_POINT ( 'NONE', #7498 ) ;
#10103 = LINE ( 'NONE', #4245, #12182 ) ;
#10104 = AXIS2_PLACEMENT_3D ( 'NONE', #6531, #4799, #7691 ) ;
#10105 = AXIS2_PLACEMENT_3D ( 'NONE', #9474, #8577, #581 ) ;
#10106 = CARTESIAN_POINT ( 'NONE',  ( 5.000000000000004441, 0.000000000000000000, 0.000000000000000000 ) ) ;
#10107 = EDGE_CURVE ( 'NONE', #10838, #8647, #1032, .T. ) ;
#10108 = CARTESIAN_POINT ( 'NONE',  ( 5.000000000000006217, -126.7004045252647870, -113.1114811425201054 ) ) ;
#10109 = CIRCLE ( 'NONE', #5176, 140.0000000000000000 ) ;
#10110 = CARTESIAN_POINT ( 'NONE',  ( 4.999999999999999112, 69.31327489107773943, -39.94583737856260797 ) ) ;
#10111 = ORIENTED_EDGE ( 'NONE', *, *, #7506, .T. ) ;
#10112 = LINE ( 'NONE', #320, #6654 ) ;
#10113 = EDGE_CURVE ( 'NONE', #4939, #9797, #2063, .T. ) ;
#10114 = ORIENTED_EDGE ( 'NONE', *, *, #6661, .F. ) ;
#10115 = PLANE ( 'NONE',  #7640 ) ;
#10116 = VERTEX_POINT ( 'NONE', #6532 ) ;
#10117 = DIRECTION ( 'NONE',  ( 0.000000000000000000, 0.9848077530122074652, -0.1736481776669340782 ) ) ;
#10118 = VERTEX_POINT ( 'NONE', #5698 ) ;
#10119 = ADVANCED_FACE ( 'NONE', ( #10596 ), #10458, .F. ) ;
#10120 = ORIENTED_EDGE ( 'NONE', *, *, #7608, .F. ) ;
#10121 = EDGE_CURVE ( 'NONE', #2601, #11796, #8437, .T. ) ;
#10122 = AXIS2_PLACEMENT_3D ( 'NONE', #4267, #5253, #337 ) ;
#10123 = VECTOR ( 'NONE', #8816, 1000.000000000000000 ) ;
#10124 = AXIS2_PLACEMENT_3D ( 'NONE', #10847, #8223, #1341 ) ;
#10125 = AXIS2_PLACEMENT_3D ( 'NONE', #12083, #3390, #10166 ) ;
#10126 = LINE ( 'NONE', #9357, #70 ) ;
#10127 = CYLINDRICAL_SURFACE ( 'NONE', #12033, 140.0000000000000000 ) ;
#10128 = EDGE_LOOP ( 'NONE', ( #5622, #8708, #12563 ) ) ;
#10129 = CARTESIAN_POINT ( 'NONE',  ( -5.000000000000004441, 0.000000000000000000, 0.000000000000000000 ) ) ;
#10130 = AXIS2_PLACEMENT_3D ( 'NONE', #10422, #8361, #5401 ) ;
#10131 = CIRCLE ( 'NONE', #4167, 4.999999999999997335 ) ;
#10132 = VERTEX_POINT ( 'NONE', #8649 ) ;
#10133 = VECTOR ( 'NONE', #2546, 1000.000000000000000 ) ;
#10134 = CARTESIAN_POINT ( 'NONE',  ( 5.000000000000006217, 0.06252750026147432805, -79.99997556444867541 ) ) ;
#10135 = DIRECTION ( 'NONE',  ( 0.000000000000000000, 0.8805362840562102056, 0.4739787468447093088 ) ) ;
#10136 = VECTOR ( 'NONE', #7120, 1000.000000000000114 ) ;
#10137 = ORIENTED_EDGE ( 'NONE', *, *, #2076, .T. ) ;
#10138 = EDGE_CURVE ( 'NONE', #8132, #9445, #12457, .T. ) ;
#10139 = DIRECTION ( 'NONE',  ( -1.000000000000000000, 0.000000000000000000, 0.000000000000000000 ) ) ;
#10140 = DIRECTION ( 'NONE',  ( 0.000000000000000000, 0.000000000000000000, 1.000000000000000000 ) ) ;
#10141 = CIRCLE ( 'NONE', #8280, 100.0000000000002132 ) ;
#10142 = CARTESIAN_POINT ( 'NONE',  ( 5.000000000000006217, -154.0402834560585177, -74.37371037525505812 ) ) ;
#10143 = AXIS2_PLACEMENT_3D ( 'NONE', #2588, #9362, #5305 ) ;
#10144 = VECTOR ( 'NONE', #3192, 1000.000000000000114 ) ;
#10145 = CIRCLE ( 'NONE', #5616, 100.0000000000001990 ) ;
#10146 = FACE_OUTER_BOUND ( 'NONE', #5739, .T. ) ;
#10147 = AXIS2_PLACEMENT_3D ( 'NONE', #4636, #2685, #2764 ) ;
#10148 = AXIS2_PLACEMENT_3D ( 'NONE', #7901, #11836, #7959 ) ;
#10149 = DIRECTION ( 'NONE',  ( -1.000000000000000000, -0.000000000000000000, 0.000000000000000000 ) ) ;
#10150 = CARTESIAN_POINT ( 'NONE',  ( -4.999999999999993783, 39.94583737856329719, 69.31327489107731310 ) ) ;
#10151 = DIRECTION ( 'NONE',  ( -1.000000000000000000, 0.000000000000000000, -0.000000000000000000 ) ) ;
#10152 = CARTESIAN_POINT ( 'NONE',  ( -4.999999999999992895, -107.2462220366574286, -89.99026535611496058 ) ) ;
#10153 = DIRECTION ( 'NONE',  ( -1.000000000000000000, 0.000000000000000000, 0.000000000000000000 ) ) ;
#10154 = VECTOR ( 'NONE', #9433, 1000.000000000000000 ) ;
#10155 = AXIS2_PLACEMENT_3D ( 'NONE', #6371, #4502, #10302 ) ;
#10156 = ORIENTED_EDGE ( 'NONE', *, *, #9340, .F. ) ;
#10157 = AXIS2_PLACEMENT_3D ( 'NONE', #845, #3827, #2849 ) ;
#10158 = ORIENTED_EDGE ( 'NONE', *, *, #1845, .T. ) ;
#10159 = CARTESIAN_POINT ( 'NONE',  ( 4.999999999999999112, 33.28012403207847569, 72.74911232729562016 ) ) ;
#10160 = VERTEX_POINT ( 'NONE', #2796 ) ;
#10161 = CIRCLE ( 'NONE', #10147, 100.0000000000001990 ) ;
#10162 = DIRECTION ( 'NONE',  ( 0.000000000000000000, -0.8660254037844432595, -0.4999999999999919509 ) ) ;
#10163 = EDGE_CURVE ( 'NONE', #2408, #6966, #2680, .T. ) ;
#10164 = DIRECTION ( 'NONE',  ( 0.000000000000000000, 0.000000000000000000, 1.000000000000000000 ) ) ;
#10165 = AXIS2_PLACEMENT_3D ( 'NONE', #10393, #12571, #4659 ) ;
#10166 = DIRECTION ( 'NONE',  ( 0.000000000000000000, 0.000000000000000000, 1.000000000000000000 ) ) ;
#10167 = AXIS2_PLACEMENT_3D ( 'NONE', #6303, #11201, #5280 ) ;
#10168 = CIRCLE ( 'NONE', #6258, 7.000000000000013323 ) ;
#10169 = CARTESIAN_POINT ( 'NONE',  ( -5.000000000000004441, 0.000000000000000000, 0.000000000000000000 ) ) ;
#10170 = CARTESIAN_POINT ( 'NONE',  ( -5.000000000000004441, 0.000000000000000000, 0.000000000000000000 ) ) ;
#10171 = CARTESIAN_POINT ( 'NONE',  ( 5.000000000000004441, 0.000000000000000000, 0.000000000000000000 ) ) ;
#10172 = DIRECTION ( 'NONE',  ( -1.000000000000000000, 0.000000000000000000, 0.000000000000000000 ) ) ;
#10173 = DIRECTION ( 'NONE',  ( 0.000000000000000000, -0.6427876096865456912, -0.7660444431189725734 ) ) ;
#10174 = ORIENTED_EDGE ( 'NONE', *, *, #9813, .T. ) ;
#10175 = ORIENTED_EDGE ( 'NONE', *, *, #3895, .F. ) ;
#10176 = CARTESIAN_POINT ( 'NONE',  ( 16.20227113446722811, 53.40213253207699040, 12.57436826758186754 ) ) ;
#10177 = VECTOR ( 'NONE', #2142, 1000.000000000000000 ) ;
#10178 = ORIENTED_EDGE ( 'NONE', *, *, #8787, .F. ) ;
#10179 = DIRECTION ( 'NONE',  ( 0.000000000000000000, 0.000000000000000000, -1.000000000000000000 ) ) ;
#10180 = EDGE_CURVE ( 'NONE', #10942, #7215, #10014, .T. ) ;
#10181 = CIRCLE ( 'NONE', #4617, 100.0000000000000426 ) ;
#10182 = DIRECTION ( 'NONE',  ( 0.000000000000000000, 0.000000000000000000, -1.000000000000000000 ) ) ;
#10183 = PLANE ( 'NONE',  #10603 ) ;
#10184 = AXIS2_PLACEMENT_3D ( 'NONE', #8111, #9021, #11974 ) ;
#10185 = CARTESIAN_POINT ( 'NONE',  ( -4.999999999999990230, 109.8794779186556951, 86.75540520523026089 ) ) ;
#10186 = EDGE_LOOP ( 'NONE', ( #6721, #11825, #1836, #2443, #7719, #11407 ) ) ;
#10187 = DIRECTION ( 'NONE',  ( 0.000000000000000000, 0.9494645049895549249, 0.3138744235597087373 ) ) ;
#10188 = ORIENTED_EDGE ( 'NONE', *, *, #9882, .F. ) ;
#10189 = DIRECTION ( 'NONE',  ( 0.000000000000000000, 0.000000000000000000, 1.000000000000000000 ) ) ;
#10190 = ORIENTED_EDGE ( 'NONE', *, *, #3825, .T. ) ;
#10191 = CARTESIAN_POINT ( 'NONE',  ( 18.44467084819726566, -33.70145963442340076, -41.71422721589546967 ) ) ;
#10192 = ORIENTED_EDGE ( 'NONE', *, *, #4214, .T. ) ;
#10193 = ORIENTED_EDGE ( 'NONE', *, *, #12714, .F. ) ;
#10194 = EDGE_CURVE ( 'NONE', #5036, #4668, #8656, .T. ) ;
#10195 = CIRCLE ( 'NONE', #11837, 140.0000000000000000 ) ;
#10196 = DIRECTION ( 'NONE',  ( 0.000000000000000000, 0.000000000000000000, 1.000000000000000000 ) ) ;
#10197 = CARTESIAN_POINT ( 'NONE',  ( -4.999999999999992895, -89.99026535611605482, -107.2462220366565049 ) ) ;
#10198 = ADVANCED_FACE ( 'NONE', ( #8848 ), #3103, .T. ) ;
#10199 = EDGE_CURVE ( 'NONE', #1210, #3635, #5568, .T. ) ;
#10200 = VERTEX_POINT ( 'NONE', #9038 ) ;
#10201 = DIRECTION ( 'NONE',  ( 0.000000000000000000, 0.000000000000000000, 1.000000000000000000 ) ) ;
#10202 = AXIS2_PLACEMENT_3D ( 'NONE', #9963, #1180, #6931 ) ;
#10203 = ORIENTED_EDGE ( 'NONE', *, *, #4897, .T. ) ;
#10204 = CARTESIAN_POINT ( 'NONE',  ( 5.000000000000006217, 47.90481762191890169, -131.6151391931834382 ) ) ;
#10205 = DIRECTION ( 'NONE',  ( -1.000000000000000000, -0.000000000000000000, -0.000000000000000000 ) ) ;
#10206 = ORIENTED_EDGE ( 'NONE', *, *, #4372, .T. ) ;
#10207 = CARTESIAN_POINT ( 'NONE',  ( -12.99999999999999822, 1.040949779275250179E-14, -85.00000000000000000 ) ) ;
#10208 = CYLINDRICAL_SURFACE ( 'NONE', #9765, 100.0000000000001990 ) ;
#10209 = DIRECTION ( 'NONE',  ( 1.000000000000000000, 0.000000000000000000, 0.000000000000000000 ) ) ;
#10210 = CARTESIAN_POINT ( 'NONE',  ( -4.999999999999993783, 46.36251736216701147, -65.19598901652435075 ) ) ;
#10211 = EDGE_CURVE ( 'NONE', #7113, #11915, #7944, .T. ) ;
#10212 = DIRECTION ( 'NONE',  ( 0.000000000000000000, 0.000000000000000000, -1.000000000000000000 ) ) ;
#10213 = DIRECTION ( 'NONE',  ( 0.000000000000000000, 0.8888667644071444052, -0.4581657725456737551 ) ) ;
#10214 = LINE ( 'NONE', #4416, #15 ) ;
#10215 = DIRECTION ( 'NONE',  ( -1.000000000000000000, -0.000000000000000000, -0.000000000000000000 ) ) ;
#10216 = LINE ( 'NONE', #3057, #7286 ) ;
#10217 = ORIENTED_EDGE ( 'NONE', *, *, #6953, .T. ) ;
#10218 = EDGE_LOOP ( 'NONE', ( #197, #4146 ) ) ;
#10219 = CARTESIAN_POINT ( 'NONE',  ( 5.000000000000006217, 166.2815095599040376, 34.60721386647542630 ) ) ;
#10220 = VERTEX_POINT ( 'NONE', #4871 ) ;
#10221 = CYLINDRICAL_SURFACE ( 'NONE', #8502, 100.0000000000000000 ) ;
#10222 = DIRECTION ( 'NONE',  ( -1.000000000000000000, -0.000000000000000000, -0.000000000000000000 ) ) ;
#10223 = CARTESIAN_POINT ( 'NONE',  ( 5.000000000000006217, -13.92748399611343402, 139.4493146771848160 ) ) ;
#10224 = ADVANCED_FACE ( 'NONE', ( #10977 ), #3711, .F. ) ;
#10225 = CARTESIAN_POINT ( 'NONE',  ( -40.00000000000000000, 35.00000000000002132, 0.000000000000000000 ) ) ;
#10226 = CYLINDRICAL_SURFACE ( 'NONE', #3293, 100.0000000000000000 ) ;
#10227 = ADVANCED_FACE ( 'NONE', ( #2069 ), #6009, .T. ) ;
#10228 = DIRECTION ( 'NONE',  ( 0.000000000000000000, -1.000000000000000000, 0.000000000000000000 ) ) ;
#10229 = CARTESIAN_POINT ( 'NONE',  ( -4.999999999999993783, -140.0621876725833772, -0.0007748487318643802616 ) ) ;
#10230 = CARTESIAN_POINT ( 'NONE',  ( -4.999999999999992895, 89.99026535611531585, -107.2462220366571160 ) ) ;
#10231 = EDGE_LOOP ( 'NONE', ( #5755, #8662, #12394 ) ) ;
#10232 = ORIENTED_EDGE ( 'NONE', *, *, #2818, .T. ) ;
#10233 = CARTESIAN_POINT ( 'NONE',  ( 17.59678567853760356, 52.67307047301972744, 13.08798407377791584 ) ) ;
#10234 = ORIENTED_EDGE ( 'NONE', *, *, #11317, .T. ) ;
#10235 = CARTESIAN_POINT ( 'NONE',  ( -4.999999999999993783, 115.7767867520171308, -78.96721993192147693 ) ) ;
#10236 = CARTESIAN_POINT ( 'NONE',  ( 5.000000000000006217, 24.32078057235056789, 137.9344628748810351 ) ) ;
#10237 = EDGE_CURVE ( 'NONE', #4357, #10241, #3889, .T. ) ;
#10238 = DIRECTION ( 'NONE',  ( -1.000000000000000000, -0.000000000000000000, -0.000000000000000000 ) ) ;
#10239 = DIRECTION ( 'NONE',  ( 0.000000000000000000, 0.9396926207859093161, 0.3420201433256662704 ) ) ;
#10240 = EDGE_CURVE ( 'NONE', #11761, #12494, #2135, .T. ) ;
#10241 = VERTEX_POINT ( 'NONE', #1116 ) ;
#10242 = CARTESIAN_POINT ( 'NONE',  ( 5.000000000000006217, -121.2978000584462137, 70.03042279760680344 ) ) ;
#10243 = VERTEX_POINT ( 'NONE', #8795 ) ;
#10244 = CARTESIAN_POINT ( 'NONE',  ( 5.000000000000006217, -34.60692065529458006, -135.8029720483195320 ) ) ;
#10245 = ORIENTED_EDGE ( 'NONE', *, *, #12277, .F. ) ;
#10246 = LINE ( 'NONE', #1541, #6866 ) ;
#10247 = VERTEX_POINT ( 'NONE', #6080 ) ;
#10248 = ORIENTED_EDGE ( 'NONE', *, *, #8314, .F. ) ;
#10249 = FACE_OUTER_BOUND ( 'NONE', #5032, .T. ) ;
#10250 = CARTESIAN_POINT ( 'NONE',  ( 18.91492503303017614, -1.205340010583617616, 53.09787901258034282 ) ) ;
#10251 = ORIENTED_EDGE ( 'NONE', *, *, #12558, .T. ) ;
#10252 = EDGE_CURVE ( 'NONE', #4670, #6899, #4748, .T. ) ;
#10253 = DIRECTION ( 'NONE',  ( 0.000000000000000000, 0.000000000000000000, 1.000000000000000000 ) ) ;
#10254 = EDGE_LOOP ( 'NONE', ( #9972, #7858, #521 ) ) ;
#10255 = DIRECTION ( 'NONE',  ( -1.000000000000000000, -0.000000000000000000, 0.000000000000000000 ) ) ;
#10256 = DIRECTION ( 'NONE',  ( 1.000000000000000000, 0.000000000000000000, 0.000000000000000000 ) ) ;
#10257 = VERTEX_POINT ( 'NONE', #11929 ) ;
#10258 = PLANE ( 'NONE',  #5800 ) ;
#10259 = CARTESIAN_POINT ( 'NONE',  ( 5.000000000000006217, 166.2815095599040376, 34.60721386647542630 ) ) ;
#10260 = EDGE_CURVE ( 'NONE', #473, #10029, #11131, .T. ) ;
#10261 = CARTESIAN_POINT ( 'NONE',  ( -5.000000000000004441, 0.000000000000000000, 0.000000000000000000 ) ) ;
#10262 = CARTESIAN_POINT ( 'NONE',  ( 40.00000000000000711, 57.06339097770900537, 18.54101966249749367 ) ) ;
#10263 = AXIS2_PLACEMENT_3D ( 'NONE', #7384, #11314, #11447 ) ;
#10264 = ADVANCED_FACE ( 'NONE', ( #1172 ), #8063, .F. ) ;
#10265 = DIRECTION ( 'NONE',  ( 0.000000000000000000, -0.1736481776669172583, 0.9848077530122103518 ) ) ;
#10266 = ADVANCED_FACE ( 'NONE', ( #6136 ), #12719, .T. ) ;
#10267 = ORIENTED_EDGE ( 'NONE', *, *, #811, .T. ) ;
#10268 = CARTESIAN_POINT ( 'NONE',  ( -30.00000000000000000, 44.99999999999995737, 0.000000000000000000 ) ) ;
#10269 = FACE_OUTER_BOUND ( 'NONE', #1555, .T. ) ;
#10270 = PERSON_AND_ORGANIZATION_ROLE ( 'creator' ) ;
#10271 = EDGE_LOOP ( 'NONE', ( #2904, #3977, #4925 ) ) ;
#10272 = ORIENTED_EDGE ( 'NONE', *, *, #2338, .F. ) ;
#10273 = CARTESIAN_POINT ( 'NONE',  ( -4.999999999999990230, -93.14524373458066009, -104.5177667653953080 ) ) ;
#10274 = ORIENTED_EDGE ( 'NONE', *, *, #4038, .T. ) ;
#10275 = EDGE_CURVE ( 'NONE', #819, #10339, #3506, .T. ) ;
#10276 = LINE ( 'NONE', #8401, #1708 ) ;
#10277 = EDGE_CURVE ( 'NONE', #10820, #6609, #5897, .T. ) ;
#10278 = TOROIDAL_SURFACE ( 'NONE', #1420, 49.99999999999999289, 4.999999999999997335 ) ;
#10279 = DIRECTION ( 'NONE',  ( -1.000000000000000000, 0.000000000000000000, -0.000000000000000000 ) ) ;
#10280 = DIRECTION ( 'NONE',  ( 0.000000000000000000, 0.000000000000000000, 1.000000000000000000 ) ) ;
#10281 = DIRECTION ( 'NONE',  ( -1.000000000000000000, -0.000000000000000000, -0.000000000000000000 ) ) ;
#10282 = PLANE ( 'NONE',  #8854 ) ;
#10283 = VECTOR ( 'NONE', #505, 1000.000000000000000 ) ;
#10284 = DIRECTION ( 'NONE',  ( 1.000000000000000000, 0.000000000000000000, 0.000000000000000000 ) ) ;
#10285 = DIRECTION ( 'NONE',  ( 1.000000000000000000, 0.000000000000000000, 0.000000000000000000 ) ) ;
#10286 = DIRECTION ( 'NONE',  ( 0.000000000000000000, 0.000000000000000000, -1.000000000000000000 ) ) ;
#10287 = ORIENTED_EDGE ( 'NONE', *, *, #10663, .T. ) ;
#10288 = VERTEX_POINT ( 'NONE', #6381 ) ;
#10289 = CARTESIAN_POINT ( 'NONE',  ( 5.000000000000004441, 69.99999999999972999, -121.2435565298215749 ) ) ;
#10290 = ORIENTED_EDGE ( 'NONE', *, *, #7301, .F. ) ;
#10291 = CARTESIAN_POINT ( 'NONE',  ( -4.999999999999993783, -42.04161805105204053, -165.8082026736150567 ) ) ;
#10292 = EDGE_CURVE ( 'NONE', #8570, #4199, #5172, .T. ) ;
#10293 = AXIS2_PLACEMENT_3D ( 'NONE', #4301, #7278, #3406 ) ;
#10294 = CARTESIAN_POINT ( 'NONE',  ( 5.000000000000006217, -47.90336138264867571, -131.6156692209317498 ) ) ;
#10295 = DIRECTION ( 'NONE',  ( 0.000000000000000000, 0.02979050640667118069, 0.9995561643689833131 ) ) ;
#10296 = CARTESIAN_POINT ( 'NONE',  ( 5.000000000000006217, 121.2970252097157982, 70.03176487497601954 ) ) ;
#10297 = EDGE_LOOP ( 'NONE', ( #3878, #7932, #9219, #12553, #9165, #9799 ) ) ;
#10298 = ORIENTED_EDGE ( 'NONE', *, *, #4492, .F. ) ;
#10299 = CARTESIAN_POINT ( 'NONE',  ( 17.25986719321614160, 4.077398709587770398, 54.30941771659701089 ) ) ;
#10300 = AXIS2_PLACEMENT_3D ( 'NONE', #3779, #10534, #5517 ) ;
#10301 = ORIENTED_EDGE ( 'NONE', *, *, #10999, .T. ) ;
#10302 = DIRECTION ( 'NONE',  ( 0.000000000000000000, 0.000000000000000000, 1.000000000000000000 ) ) ;
#10303 = AXIS2_PLACEMENT_3D ( 'NONE', #10653, #2655, #7615 ) ;
#10304 = VERTEX_POINT ( 'NONE', #8187 ) ;
#10305 = ORIENTED_EDGE ( 'NONE', *, *, #578, .T. ) ;
#10306 = ADVANCED_FACE ( 'NONE', ( #7224 ), #5167, .F. ) ;
#10307 = EDGE_CURVE ( 'NONE', #12764, #495, #4401, .T. ) ;
#10308 = VERTEX_POINT ( 'NONE', #4320 ) ;
#10309 = AXIS2_PLACEMENT_3D ( 'NONE', #7036, #7806, #2068 ) ;
#10310 = FACE_OUTER_BOUND ( 'NONE', #10879, .T. ) ;
#10311 = CIRCLE ( 'NONE', #7628, 100.0000000000001847 ) ;
#10312 = CARTESIAN_POINT ( 'NONE',  ( 4.999999999999999112, 54.99999999999999289, 0.000000000000000000 ) ) ;
#10313 = VERTEX_POINT ( 'NONE', #5249 ) ;
#10314 = ORIENTED_EDGE ( 'NONE', *, *, #1845, .F. ) ;
#10315 = DIRECTION ( 'NONE',  ( -1.000000000000000000, -0.000000000000000000, -0.000000000000000000 ) ) ;
#10316 = CARTESIAN_POINT ( 'NONE',  ( 5.000000000000004441, 0.000000000000000000, 0.000000000000000000 ) ) ;
#10317 = ORIENTED_EDGE ( 'NONE', *, *, #8331, .T. ) ;
#10318 = AXIS2_PLACEMENT_3D ( 'NONE', #2555, #6487, #2748 ) ;
#10319 = VERTEX_POINT ( 'NONE', #2446 ) ;
#10320 = CIRCLE ( 'NONE', #4142, 140.0000000000000000 ) ;
#10321 = FACE_OUTER_BOUND ( 'NONE', #2826, .T. ) ;
#10322 = CIRCLE ( 'NONE', #2496, 140.0000000000000000 ) ;
#10323 = PRODUCT ( 'disk-1', 'disk-1', '', ( #12327 ) ) ;
#10324 = FACE_OUTER_BOUND ( 'NONE', #3604, .T. ) ;
#10325 = EDGE_CURVE ( 'NONE', #3348, #9379, #8384, .T. ) ;
#10326 = LINE ( 'NONE', #7232, #6406 ) ;
#10327 = CARTESIAN_POINT ( 'NONE',  ( 14.99999999999997158, -50.66979716487452379, 21.39092460064484413 ) ) ;
#10328 = CIRCLE ( 'NONE', #9715, 7.000000000000006217 ) ;
#10329 = CIRCLE ( 'NONE', #7850, 100.0000000000002132 ) ;
#10330 = AXIS2_PLACEMENT_3D ( 'NONE', #12731, #1827, #744 ) ;
#10331 = CARTESIAN_POINT ( 'NONE',  ( 5.000000000000006217, -140.0621876725833772, -0.0007748487318643802616 ) ) ;
#10332 = ORIENTED_EDGE ( 'NONE', *, *, #6002, .F. ) ;
#10333 = DIRECTION ( 'NONE',  ( -0.000000000000000000, 0.000000000000000000, 1.000000000000000000 ) ) ;
#10334 = FACE_OUTER_BOUND ( 'NONE', #11858, .T. ) ;
#10335 = CARTESIAN_POINT ( 'NONE',  ( 4.999999999999999112, 0.06252750026149167528, -79.99997556444868962 ) ) ;
#10336 = ORIENTED_EDGE ( 'NONE', *, *, #8868, .F. ) ;
#10337 = ORIENTED_EDGE ( 'NONE', *, *, #9686, .F. ) ;
#10338 = CARTESIAN_POINT ( 'NONE',  ( 5.000000000000006217, 42.04161805105322003, 165.8082026736148578 ) ) ;
#10339 = VERTEX_POINT ( 'NONE', #9173 ) ;
#10340 = VECTOR ( 'NONE', #3667, 1000.000000000000000 ) ;
#10341 = CIRCLE ( 'NONE', #6853, 140.0000000000000000 ) ;
#10342 = VECTOR ( 'NONE', #6044, 1000.000000000000000 ) ;
#10343 = CARTESIAN_POINT ( 'NONE',  ( -4.999999999999990230, 139.9378630116577540, -4.170670896933967420 ) ) ;
#10344 = CIRCLE ( 'NONE', #3135, 7.000000000000013323 ) ;
#10345 = EDGE_CURVE ( 'NONE', #11313, #6691, #3724, .T. ) ;
#10346 = AXIS2_PLACEMENT_3D ( 'NONE', #772, #398, #12203 ) ;
#10347 = DIRECTION ( 'NONE',  ( 0.000000000000000000, 0.000000000000000000, 1.000000000000000000 ) ) ;
#10348 = DIRECTION ( 'NONE',  ( 0.000000000000000000, 0.9396926207859068736, -0.3420201433256728207 ) ) ;
#10349 = DIRECTION ( 'NONE',  ( 0.000000000000000000, 0.9848077530122086864, 0.1736481776669273613 ) ) ;
#10350 = AXIS2_PLACEMENT_3D ( 'NONE', #11189, #11368, #12081 ) ;
#10351 = EDGE_CURVE ( 'NONE', #239, #12294, #11341, .T. ) ;
#10352 = CIRCLE ( 'NONE', #2528, 140.0000000000000000 ) ;
#10353 = EDGE_CURVE ( 'NONE', #10257, #2463, #5359, .T. ) ;
#10354 = AXIS2_PLACEMENT_3D ( 'NONE', #11880, #8141, #3185 ) ;
#10355 = LINE ( 'NONE', #12281, #5355 ) ;
#10356 = FACE_OUTER_BOUND ( 'NONE', #1102, .T. ) ;
#10357 = CARTESIAN_POINT ( 'NONE',  ( -5.000000000000004441, -113.6890130393093443, -81.69950008505409755 ) ) ;
#10358 = AXIS2_PLACEMENT_3D ( 'NONE', #3340, #7280, #11215 ) ;
#10359 = LINE ( 'NONE', #4433, #9311 ) ;
#10360 = ORIENTED_EDGE ( 'NONE', *, *, #8905, .F. ) ;
#10361 = CARTESIAN_POINT ( 'NONE',  ( 5.000000000000006217, 24.32230672642583258, -137.9341937727408549 ) ) ;
#10362 = ORIENTED_EDGE ( 'NONE', *, *, #4492, .T. ) ;
#10363 = CARTESIAN_POINT ( 'NONE',  ( -5.000000000000004441, 57.60782338069586928, 127.5983490698001077 ) ) ;
#10364 = AXIS2_PLACEMENT_3D ( 'NONE', #8137, #3183, #12262 ) ;
#10365 = CIRCLE ( 'NONE', #4597, 100.0000000000000142 ) ;
#10366 = AXIS2_PLACEMENT_3D ( 'NONE', #116, #5863, #3797 ) ;
#10367 = FACE_OUTER_BOUND ( 'NONE', #1040, .T. ) ;
#10368 = EDGE_CURVE ( 'NONE', #7989, #1658, #12361, .T. ) ;
#10369 = CARTESIAN_POINT ( 'NONE',  ( 5.000000000000006217, -140.0621876725833772, -0.0007748487318643802616 ) ) ;
#10370 = EDGE_CURVE ( 'NONE', #909, #3304, #842, .T. ) ;
#10371 = CARTESIAN_POINT ( 'NONE',  ( 40.00000000000000711, -35.26711513754810312, -48.54101966249704958 ) ) ;
#10372 = ORIENTED_EDGE ( 'NONE', *, *, #2070, .T. ) ;
#10373 = CARTESIAN_POINT ( 'NONE',  ( -4.999999999999993783, -119.3132105852211708, -122.5733066456633935 ) ) ;
#10374 = CIRCLE ( 'NONE', #6251, 100.0000000000001990 ) ;
#10375 = ORIENTED_EDGE ( 'NONE', *, *, #12390, .F. ) ;
#10376 = CARTESIAN_POINT ( 'NONE',  ( -4.999999999999993783, -56.97933123133745426, 56.15474879678060205 ) ) ;
#10377 = ORIENTED_EDGE ( 'NONE', *, *, #11066, .F. ) ;
#10378 = CARTESIAN_POINT ( 'NONE',  ( 5.000000000000006217, -105.1339381126578445, -133.3943579393231573 ) ) ;
#10379 = EDGE_LOOP ( 'NONE', ( #10188, #8991, #1487 ) ) ;
#10380 = ORIENTED_EDGE ( 'NONE', *, *, #8099, .T. ) ;
#10381 = VERTEX_POINT ( 'NONE', #4461 ) ;
#10382 = AXIS2_PLACEMENT_3D ( 'NONE', #5921, #9849, #12690 ) ;
#10383 = CARTESIAN_POINT ( 'NONE',  ( 5.000000000000004441, 0.000000000000000000, 0.000000000000000000 ) ) ;
#10384 = CARTESIAN_POINT ( 'NONE',  ( 17.90148297295828073, -3.549917125920289962, 53.96161847897130315 ) ) ;
#10385 = ORIENTED_EDGE ( 'NONE', *, *, #4521, .F. ) ;
#10386 = VERTEX_POINT ( 'NONE', #9361 ) ;
#10387 = CARTESIAN_POINT ( 'NONE',  ( 5.000000000000004441, 0.000000000000000000, 0.000000000000000000 ) ) ;
#10388 = EDGE_CURVE ( 'NONE', #4212, #893, #2075, .T. ) ;
#10389 = CARTESIAN_POINT ( 'NONE',  ( 59.79898987322338400, -35.26711513754810312, -48.54101966249704958 ) ) ;
#10390 = AXIS2_PLACEMENT_3D ( 'NONE', #10108, #2242, #9924 ) ;
#10391 = ORIENTED_EDGE ( 'NONE', *, *, #4247, .T. ) ;
#10392 = ORIENTED_EDGE ( 'NONE', *, *, #8949, .T. ) ;
#10393 = CARTESIAN_POINT ( 'NONE',  ( -5.000000000000004441, 0.000000000000000000, 0.000000000000000000 ) ) ;
#10394 = CARTESIAN_POINT ( 'NONE',  ( 4.999999999999999112, 45.40727495052053797, 65.86485695397686868 ) ) ;
#10395 = CARTESIAN_POINT ( 'NONE',  ( 5.000000000000006217, 155.9887531452615690, -70.19520364235592069 ) ) ;
#10396 = CIRCLE ( 'NONE', #12249, 140.0000000000000000 ) ;
#10397 = EDGE_CURVE ( 'NONE', #125, #3034, #8663, .T. ) ;
#10398 = DIRECTION ( 'NONE',  ( 0.000000000000000000, -0.9848077530122062440, 0.1736481776669404620 ) ) ;
#10399 = EDGE_CURVE ( 'NONE', #1263, #10029, #2335, .T. ) ;
#10400 = EDGE_LOOP ( 'NONE', ( #375, #11343, #2438, #3286 ) ) ;
#10401 = DIRECTION ( 'NONE',  ( 0.000000000000000000, 0.000000000000000000, 1.000000000000000000 ) ) ;
#10402 = DIRECTION ( 'NONE',  ( -1.000000000000000000, -0.000000000000000000, -0.000000000000000000 ) ) ;
#10403 = EDGE_CURVE ( 'NONE', #11926, #897, #12155, .T. ) ;
#10404 = ORIENTED_EDGE ( 'NONE', *, *, #1359, .F. ) ;
#10405 = VERTEX_POINT ( 'NONE', #8133 ) ;
#10406 = DIRECTION ( 'NONE',  ( -1.000000000000000000, -0.000000000000000000, -0.000000000000000000 ) ) ;
#10407 = ORIENTED_EDGE ( 'NONE', *, *, #7348, .T. ) ;
#10408 = AXIS2_PLACEMENT_3D ( 'NONE', #4619, #7567, #6795 ) ;
#10409 = CARTESIAN_POINT ( 'NONE',  ( -5.000000000000004441, 0.000000000000000000, 0.000000000000000000 ) ) ;
#10410 = CARTESIAN_POINT ( 'NONE',  ( 5.000000000000006217, -70.03042279760637712, -121.2978000584464837 ) ) ;
#10411 = CARTESIAN_POINT ( 'NONE',  ( -12.99999999999999822, 0.000000000000000000, 0.000000000000000000 ) ) ;
#10412 = ORIENTED_EDGE ( 'NONE', *, *, #7378, .F. ) ;
#10413 = DIRECTION ( 'NONE',  ( -1.000000000000000000, -0.000000000000000000, 0.000000000000000000 ) ) ;
#10414 = CIRCLE ( 'NONE', #6717, 100.0000000000001990 ) ;
#10415 = CARTESIAN_POINT ( 'NONE',  ( -4.999999999999990230, 51.78071662951178666, 130.0721237826699621 ) ) ;
#10416 = DIRECTION ( 'NONE',  ( 0.000000000000000000, 0.6427876096865354771, -0.7660444431189813441 ) ) ;
#10417 = ADVANCED_FACE ( 'NONE', ( #12187 ), #12061, .T. ) ;
#10418 = DIRECTION ( 'NONE',  ( 0.000000000000000000, -0.7848534137046806469, -0.6196814657516468428 ) ) ;
#10419 = CARTESIAN_POINT ( 'NONE',  ( -4.999999999999990230, 50.66979716487423246, 21.39092460064562928 ) ) ;
#10420 = ORIENTED_EDGE ( 'NONE', *, *, #11376, .F. ) ;
#10421 = CARTESIAN_POINT ( 'NONE',  ( 5.000000000000006217, 141.4296642867068385, -96.21594349147424907 ) ) ;
#10422 = CARTESIAN_POINT ( 'NONE',  ( -5.000000000000004441, 0.000000000000000000, 0.000000000000000000 ) ) ;
#10423 = ADVANCED_FACE ( 'NONE', ( #7164 ), #11094, .F. ) ;
#10424 = CARTESIAN_POINT ( 'NONE',  ( 5.000000000000006217, -90.03083239009171734, 107.2933624945064821 ) ) ;
#10425 = CARTESIAN_POINT ( 'NONE',  ( -4.999999999999993783, 79.64264139424481925, 7.553123310771727716 ) ) ;
#10426 = DIRECTION ( 'NONE',  ( -1.000000000000000000, -0.000000000000000000, -0.000000000000000000 ) ) ;
#10428 = ORIENTED_EDGE ( 'NONE', *, *, #12148, .F. ) ;
#10427 = EDGE_CURVE ( 'NONE', #3874, #706, #7425, .T. ) ;
#10429 = CARTESIAN_POINT ( 'NONE',  ( -4.999999999999997335, 0.000000000000000000, 67.00000000000000000 ) ) ;
#10430 = EDGE_CURVE ( 'NONE', #1764, #2058, #6603, .T. ) ;
#10431 = DIRECTION ( 'NONE',  ( 0.000000000000000000, 0.000000000000000000, 1.000000000000000000 ) ) ;
#10432 = ORIENTED_EDGE ( 'NONE', *, *, #52, .T. ) ;
#10433 = CYLINDRICAL_SURFACE ( 'NONE', #4554, 100.0000000000001990 ) ;
#10434 = ORIENTED_EDGE ( 'NONE', *, *, #3039, .T. ) ;
#10435 = ORIENTED_EDGE ( 'NONE', *, *, #1808, .T. ) ;
#10436 = CARTESIAN_POINT ( 'NONE',  ( 5.000000000000006217, 144.4171432598692491, 89.39176922837376082 ) ) ;
#10437 = EDGE_CURVE ( 'NONE', #10933, #3101, #12503, .T. ) ;
#10438 = ORIENTED_EDGE ( 'NONE', *, *, #8019, .F. ) ;
#10439 = ORIENTED_EDGE ( 'NONE', *, *, #10704, .F. ) ;
#10440 = EDGE_CURVE ( 'NONE', #11683, #7144, #12648, .T. ) ;
#10441 = ORIENTED_EDGE ( 'NONE', *, *, #3904, .T. ) ;
#10442 = PLANE ( 'NONE',  #5232 ) ;
#10443 = CARTESIAN_POINT ( 'NONE',  ( 18.62360019522314758, -2.344419378608022519, 53.39836677328482040 ) ) ;
#10444 = ORIENTED_EDGE ( 'NONE', *, *, #2000, .T. ) ;
#10445 = LINE ( 'NONE', #639, #3965 ) ;
#10446 = ORIENTED_EDGE ( 'NONE', *, *, #11431, .T. ) ;
#10447 = CARTESIAN_POINT ( 'NONE',  ( 5.000000000000005329, -13.90933603049043832, 139.3073234657492776 ) ) ;
#10448 = LINE ( 'NONE', #5552, #9114 ) ;
#10449 = ORIENTED_EDGE ( 'NONE', *, *, #8374, .T. ) ;
#10450 = ORIENTED_EDGE ( 'NONE', *, *, #5389, .T. ) ;
#10451 = CARTESIAN_POINT ( 'NONE',  ( 5.000000000000006217, -139.7492484617412458, 10.49922515126813849 ) ) ;
#10452 = EDGE_CURVE ( 'NONE', #11185, #11032, #10311, .T. ) ;
#10453 = CARTESIAN_POINT ( 'NONE',  ( 5.000000000000006217, -80.37303019083736899, -49.62411467094168671 ) ) ;
#10454 = DIRECTION ( 'NONE',  ( 0.000000000000000000, 0.000000000000000000, 1.000000000000000000 ) ) ;
#10455 = DIRECTION ( 'NONE',  ( 0.000000000000000000, -0.8888667644071428509, 0.4581657725456768082 ) ) ;
#10456 = ORIENTED_EDGE ( 'NONE', *, *, #5549, .F. ) ;
#10457 = CARTESIAN_POINT ( 'NONE',  ( 5.000000000000004441, 107.2462220366568033, -89.99026535611567112 ) ) ;
#10458 = CYLINDRICAL_SURFACE ( 'NONE', #12348, 100.0000000000000000 ) ;
#10459 = CARTESIAN_POINT ( 'NONE',  ( 5.000000000000006217, 69.31327489107772521, -39.94583737856260797 ) ) ;
#10460 = ORIENTED_EDGE ( 'NONE', *, *, #6085, .F. ) ;
#10461 = ORIENTED_EDGE ( 'NONE', *, *, #3807, .F. ) ;
#10462 = CARTESIAN_POINT ( 'NONE',  ( 40.00000000000000711, 4.286263797015737285E-15, -35.00000000000000711 ) ) ;
#10463 = ORIENTED_EDGE ( 'NONE', *, *, #7392, .F. ) ;
#10464 = CARTESIAN_POINT ( 'NONE',  ( 5.000000000000006217, 90.03083239009245631, -107.2933624945058710 ) ) ;
#10465 = EDGE_CURVE ( 'NONE', #11731, #767, #7603, .T. ) ;
#10466 = EDGE_CURVE ( 'NONE', #3668, #1870, #226, .T. ) ;
#10467 = DIRECTION ( 'NONE',  ( -1.000000000000000000, -0.000000000000000000, -0.000000000000000000 ) ) ;
#10468 = DIRECTION ( 'NONE',  ( -1.000000000000000000, 0.000000000000000000, -0.000000000000000000 ) ) ;
#10469 = ORIENTED_EDGE ( 'NONE', *, *, #356, .F. ) ;
#10470 = DIRECTION ( 'NONE',  ( 0.000000000000000000, 0.000000000000000000, -1.000000000000000000 ) ) ;
#10471 = CARTESIAN_POINT ( 'NONE',  ( 5.000000000000006217, -79.64264139424489031, -7.553123310771185039 ) ) ;
#10472 = DIRECTION ( 'NONE',  ( -1.000000000000000000, -0.000000000000000000, -0.000000000000000000 ) ) ;
#10473 = LINE ( 'NONE', #2751, #12183 ) ;
#10474 = CIRCLE ( 'NONE', #11095, 140.0000000000000000 ) ;
#10475 = ORIENTED_EDGE ( 'NONE', *, *, #2999, .F. ) ;
#10476 = DIRECTION ( 'NONE',  ( 0.000000000000000000, -1.000000000000000000, 0.000000000000000000 ) ) ;
#10477 = DIRECTION ( 'NONE',  ( 1.000000000000000000, 0.000000000000000000, 0.000000000000000000 ) ) ;
#10478 = EDGE_CURVE ( 'NONE', #6034, #3422, #3303, .T. ) ;
#10479 = DIRECTION ( 'NONE',  ( 0.000000000000000000, 0.000000000000000000, 1.000000000000000000 ) ) ;
#10480 = AXIS2_PLACEMENT_3D ( 'NONE', #7979, #128, #10951 ) ;
#10481 = CARTESIAN_POINT ( 'NONE',  ( 5.000000000000006217, 69.25074739081651387, 40.05413818588529296 ) ) ;
#10482 = FACE_OUTER_BOUND ( 'NONE', #3470, .T. ) ;
#10483 = DIRECTION ( 'NONE',  ( 0.000000000000000000, -0.7465554768956762510, 0.6653231695327237460 ) ) ;
#10484 = VERTEX_POINT ( 'NONE', #8716 ) ;
#10485 = DIRECTION ( 'NONE',  ( 0.000000000000000000, 0.000000000000000000, 1.000000000000000000 ) ) ;
#10486 = CARTESIAN_POINT ( 'NONE',  ( 5.000000000000006217, -13.83027240313153250, -78.79545396313069716 ) ) ;
#10487 = ORIENTED_EDGE ( 'NONE', *, *, #575, .T. ) ;
#10488 = PLANE ( 'NONE',  #8675 ) ;
#10489 = VERTEX_POINT ( 'NONE', #7738 ) ;
#10490 = DIRECTION ( 'NONE',  ( -1.000000000000000000, -0.000000000000000000, -0.000000000000000000 ) ) ;
#10491 = EDGE_LOOP ( 'NONE', ( #1820, #6366, #3209, #5938, #7663, #442 ) ) ;
#10492 = ORIENTED_EDGE ( 'NONE', *, *, #1248, .T. ) ;
#10493 = AXIS2_PLACEMENT_3D ( 'NONE', #1846, #5589, #12484 ) ;
#10494 = EDGE_CURVE ( 'NONE', #2827, #1870, #427, .T. ) ;
#10495 = ORIENTED_EDGE ( 'NONE', *, *, #5547, .F. ) ;
#10496 = DIRECTION ( 'NONE',  ( 1.000000000000000000, 0.000000000000000000, 0.000000000000000000 ) ) ;
#10497 = CARTESIAN_POINT ( 'NONE',  ( 16.04666072224592099, -4.573632924375245601, 54.70063396626504471 ) ) ;
#10498 = AXIS2_PLACEMENT_3D ( 'NONE', #7058, #6933, #99 ) ;
#10499 = ORIENTED_EDGE ( 'NONE', *, *, #9241, .T. ) ;
#10500 = CARTESIAN_POINT ( 'NONE',  ( 5.000000000000006217, -70.19520364235647492, -55.98875314526127767 ) ) ;
#10501 = VECTOR ( 'NONE', #7692, 1000.000000000000000 ) ;
#10502 = ADVANCED_FACE ( 'NONE', ( #1746 ), #2586, .T. ) ;
#10503 = ORIENTED_EDGE ( 'NONE', *, *, #8612, .F. ) ;
#10504 = EDGE_CURVE ( 'NONE', #8617, #5679, #12574, .T. ) ;
#10505 = DIRECTION ( 'NONE',  ( 0.000000000000000000, 0.000000000000000000, 1.000000000000000000 ) ) ;
#10506 = PLANE ( 'NONE',  #468 ) ;
#10507 = ORIENTED_EDGE ( 'NONE', *, *, #184, .F. ) ;
#10508 = ORIENTED_EDGE ( 'NONE', *, *, #8815, .T. ) ;
#10509 = FACE_OUTER_BOUND ( 'NONE', #2434, .T. ) ;
#10510 = TOROIDAL_SURFACE ( 'NONE', #5165, 75.00000000000000000, 5.000000000000000888 ) ;
#10511 = AXIS2_PLACEMENT_3D ( 'NONE', #3177, #11043, #2204 ) ;
#10512 = CARTESIAN_POINT ( 'NONE',  ( -40.00000000000000000, 57.06339097770900537, 11.54101966249747946 ) ) ;
#10513 = DIRECTION ( 'NONE',  ( -1.000000000000000000, -0.000000000000000000, -0.000000000000000000 ) ) ;
#10514 = DIRECTION ( 'NONE',  ( -1.000000000000000000, 0.000000000000000000, 0.000000000000000000 ) ) ;
#10515 = AXIS2_PLACEMENT_3D ( 'NONE', #6352, #10284, #550 ) ;
#10516 = ORIENTED_EDGE ( 'NONE', *, *, #4214, .F. ) ;
#10517 = EDGE_CURVE ( 'NONE', #909, #8823, #4544, .T. ) ;
#10518 = DIRECTION ( 'NONE',  ( 0.000000000000000000, 0.000000000000000000, 1.000000000000000000 ) ) ;
#10519 = APPROVAL_DATE_TIME ( #5504, #8442 ) ;
#10520 = AXIS2_PLACEMENT_3D ( 'NONE', #8208, #9248, #11306 ) ;
#10521 = ORIENTED_EDGE ( 'NONE', *, *, #11490, .T. ) ;
#10522 = ORIENTED_EDGE ( 'NONE', *, *, #5080, .T. ) ;
#10523 = DIRECTION ( 'NONE',  ( -1.000000000000000000, -0.000000000000000000, -0.000000000000000000 ) ) ;
#10524 = ORIENTED_EDGE ( 'NONE', *, *, #6334, .T. ) ;
#10525 = DIRECTION ( 'NONE',  ( -1.000000000000000000, -0.000000000000000000, -0.000000000000000000 ) ) ;
#10526 = VECTOR ( 'NONE', #10406, 1000.000000000000000 ) ;
#10527 = AXIS2_PLACEMENT_3D ( 'NONE', #2200, #452, #4317 ) ;
#10528 = AXIS2_PLACEMENT_3D ( 'NONE', #2876, #1914, #4888 ) ;
#10529 = DIRECTION ( 'NONE',  ( 0.000000000000000000, 0.000000000000000000, 1.000000000000000000 ) ) ;
#10530 = AXIS2_PLACEMENT_3D ( 'NONE', #11116, #2288, #10348 ) ;
#10531 = CARTESIAN_POINT ( 'NONE',  ( 5.000000000000004441, -4.996003610813203422E-13, -140.0000000000000000 ) ) ;
#10532 = ORIENTED_EDGE ( 'NONE', *, *, #218, .F. ) ;
#10533 = CARTESIAN_POINT ( 'NONE',  ( 5.000000000000004441, 0.000000000000000000, 0.000000000000000000 ) ) ;
#10534 = DIRECTION ( 'NONE',  ( 1.000000000000000000, 0.000000000000000000, 0.000000000000000000 ) ) ;
#10535 = CARTESIAN_POINT ( 'NONE',  ( 40.00000000000000711, -35.26711513754810312, -55.54101966249704958 ) ) ;
#10536 = CARTESIAN_POINT ( 'NONE',  ( 5.000000000000006217, -42.04161805105204053, -165.8082026736150567 ) ) ;
#10538 = PLANE ( 'NONE',  #6018 ) ;
#10537 = CIRCLE ( 'NONE', #4993, 100.0000000000001847 ) ;
#10539 = AXIS2_PLACEMENT_3D ( 'NONE', #5803, #11721, #2894 ) ;
#10540 = CIRCLE ( 'NONE', #12184, 100.0000000000002132 ) ;
#10541 = AXIS2_PLACEMENT_3D ( 'NONE', #9247, #12278, #8402 ) ;
#10542 = EDGE_CURVE ( 'NONE', #7314, #1733, #10642, .T. ) ;
#10543 = ORIENTED_EDGE ( 'NONE', *, *, #1781, .F. ) ;
#10544 = CARTESIAN_POINT ( 'NONE',  ( -4.999999999999993783, 34.60721386647485076, -166.2815095599041513 ) ) ;
#10545 = CIRCLE ( 'NONE', #1485, 7.000000000000013323 ) ;
#10546 = AXIS2_PLACEMENT_3D ( 'NONE', #4421, #3306, #4228 ) ;
#10547 = DIRECTION ( 'NONE',  ( 1.000000000000000000, 0.000000000000000000, 0.000000000000000000 ) ) ;
#10548 = FACE_OUTER_BOUND ( 'NONE', #6534, .T. ) ;
#10549 = CIRCLE ( 'NONE', #9732, 100.0000000000002132 ) ;
#10550 = AXIS2_PLACEMENT_3D ( 'NONE', #4014, #6126, #4069 ) ;
#10551 = AXIS2_PLACEMENT_3D ( 'NONE', #3644, #939, #10611 ) ;
#10552 = VECTOR ( 'NONE', #11174, 1000.000000000000114 ) ;
#10553 = TOROIDAL_SURFACE ( 'NONE', #3152, 75.00000000000000000, 5.000000000000000888 ) ;
#10554 = DIRECTION ( 'NONE',  ( 0.000000000000000000, 0.000000000000000000, 1.000000000000000000 ) ) ;
#10555 = DIRECTION ( 'NONE',  ( 0.000000000000000000, 0.7660444431189749048, -0.6427876096865430267 ) ) ;
#10556 = DIRECTION ( 'NONE',  ( -1.000000000000000000, -0.000000000000000000, -0.000000000000000000 ) ) ;
#10557 = VERTEX_POINT ( 'NONE', #12444 ) ;
#10558 = DIRECTION ( 'NONE',  ( -1.000000000000000000, -0.000000000000000000, -0.000000000000000000 ) ) ;
#10559 = CARTESIAN_POINT ( 'NONE',  ( -4.999999999999990230, 43.94241929835924054, -132.9250306985377961 ) ) ;
#10560 = VERTEX_POINT ( 'NONE', #641 ) ;
#10561 = CARTESIAN_POINT ( 'NONE',  ( 5.000000000000005329, 115.6563498860817845, -78.88985188874573851 ) ) ;
#10562 = EDGE_CURVE ( 'NONE', #10381, #909, #2692, .T. ) ;
#10563 = ORIENTED_EDGE ( 'NONE', *, *, #2563, .T. ) ;
#10564 = CARTESIAN_POINT ( 'NONE',  ( 14.99999999999997158, 0.000000000000000000, 0.000000000000000000 ) ) ;
#10565 = ORIENTED_EDGE ( 'NONE', *, *, #7976, .T. ) ;
#10566 = CIRCLE ( 'NONE', #4182, 140.0000000000000000 ) ;
#10567 = CIRCLE ( 'NONE', #4805, 100.0000000000000000 ) ;
#10568 = EDGE_LOOP ( 'NONE', ( #4004, #3409, #3172, #11386 ) ) ;
#10569 = LINE ( 'NONE', #11717, #1270 ) ;
#10570 = CIRCLE ( 'NONE', #2129, 100.0000000000000284 ) ;
#10571 = VECTOR ( 'NONE', #10821, 1000.000000000000000 ) ;
#10572 = ORIENTED_EDGE ( 'NONE', *, *, #9478, .F. ) ;
#10573 = PLANE ( 'NONE',  #2965 ) ;
#10574 = LINE ( 'NONE', #2701, #5049 ) ;
#10575 = AXIS2_PLACEMENT_3D ( 'NONE', #1491, #3432, #7231 ) ;
#10576 = AXIS2_PLACEMENT_3D ( 'NONE', #6163, #420, #1259 ) ;
#10577 = DIRECTION ( 'NONE',  ( -1.000000000000000000, -0.000000000000000000, -0.000000000000000000 ) ) ;
#10579 = DIRECTION ( 'NONE',  ( -1.000000000000000000, -0.000000000000000000, 0.000000000000000000 ) ) ;
#10578 = AXIS2_PLACEMENT_3D ( 'NONE', #29, #6935, #8748 ) ;
#10580 = VERTEX_POINT ( 'NONE', #12372 ) ;
#10581 = DIRECTION ( 'NONE',  ( -1.000000000000000000, -0.000000000000000000, 0.000000000000000000 ) ) ;
#10582 = EDGE_CURVE ( 'NONE', #6548, #7929, #2707, .T. ) ;
#10583 = CARTESIAN_POINT ( 'NONE',  ( 5.000000000000006217, 39.94583737856329719, 69.31327489107731310 ) ) ;
#10584 = VERTEX_POINT ( 'NONE', #10447 ) ;
#10585 = EDGE_LOOP ( 'NONE', ( #5973, #2302, #10944, #3232, #3088, #9301 ) ) ;
#10586 = AXIS2_PLACEMENT_3D ( 'NONE', #4837, #2570, #8495 ) ;
#10587 = DIRECTION ( 'NONE',  ( -1.000000000000000000, -0.000000000000000000, 0.000000000000000000 ) ) ;
#10588 = CARTESIAN_POINT ( 'NONE',  ( -4.999999999999993783, 75.15400103636444840, 27.42035973919391267 ) ) ;
#10589 = ADVANCED_FACE ( 'NONE', ( #11472 ), #6719, .T. ) ;
#10590 = EDGE_CURVE ( 'NONE', #10288, #5169, #7219, .T. ) ;
#10591 = DIRECTION ( 'NONE',  ( 0.000000000000000000, -0.3420201433256568335, 0.9396926207859126468 ) ) ;
#10592 = DIRECTION ( 'NONE',  ( -1.000000000000000000, 0.000000000000000000, 0.000000000000000000 ) ) ;
#10593 = VECTOR ( 'NONE', #9742, 1000.000000000000000 ) ;
#10594 = ORIENTED_EDGE ( 'NONE', *, *, #10163, .F. ) ;
#10595 = CARTESIAN_POINT ( 'NONE',  ( -4.999999999999993783, 34.60721386647485076, -166.2815095599041513 ) ) ;
#10596 = FACE_OUTER_BOUND ( 'NONE', #3380, .T. ) ;
#10597 = VERTEX_POINT ( 'NONE', #5687 ) ;
#10598 = ORIENTED_EDGE ( 'NONE', *, *, #1336, .T. ) ;
#10599 = DIRECTION ( 'NONE',  ( 0.000000000000000000, 0.000000000000000000, 1.000000000000000000 ) ) ;
#10600 = ORIENTED_EDGE ( 'NONE', *, *, #10277, .T. ) ;
#10601 = EDGE_CURVE ( 'NONE', #3343, #8639, #1654, .T. ) ;
#10602 = LINE ( 'NONE', #10464, #10154 ) ;
#10603 = AXIS2_PLACEMENT_3D ( 'NONE', #1343, #9262, #1532 ) ;
#10604 = ADVANCED_FACE ( 'NONE', ( #12567 ), #2782, .F. ) ;
#10605 = FACE_OUTER_BOUND ( 'NONE', #4055, .T. ) ;
#10606 = CARTESIAN_POINT ( 'NONE',  ( -4.999999999999997335, -57.06339097770928248, 18.54101966249669786 ) ) ;
#10607 = EDGE_LOOP ( 'NONE', ( #997, #7020, #771, #10267 ) ) ;
#10608 = DIRECTION ( 'NONE',  ( 1.000000000000000000, 0.000000000000000000, 0.000000000000000000 ) ) ;
#10609 = FACE_OUTER_BOUND ( 'NONE', #3080, .T. ) ;
#10610 = DIRECTION ( 'NONE',  ( 0.000000000000000000, 0.000000000000000000, 1.000000000000000000 ) ) ;
#10611 = DIRECTION ( 'NONE',  ( 0.000000000000000000, -0.3420201433256757073, -0.9396926207859057634 ) ) ;
#10612 = DIRECTION ( 'NONE',  ( 0.000000000000000000, 0.000000000000000000, 1.000000000000000000 ) ) ;
#10613 = AXIS2_PLACEMENT_3D ( 'NONE', #1897, #4545, #3587 ) ;
#10614 = DIRECTION ( 'NONE',  ( 0.000000000000000000, -0.6427876096865300370, 0.7660444431189857850 ) ) ;
#10615 = VERTEX_POINT ( 'NONE', #7019 ) ;
#10616 = CARTESIAN_POINT ( 'NONE',  ( -5.000000000000004441, 139.6062630547011452, -10.49244089340455055 ) ) ;
#10617 = DIRECTION ( 'NONE',  ( 0.000000000000000000, -0.6427876096865299260, 0.7660444431189858960 ) ) ;
#10618 = EDGE_CURVE ( 'NONE', #7927, #4384, #4761, .T. ) ;
#10619 = CARTESIAN_POINT ( 'NONE',  ( -24.99999999999996803, 0.000000000000000000, 0.000000000000000000 ) ) ;
#10620 = VECTOR ( 'NONE', #5370, 1000.000000000000114 ) ;
#10621 = EDGE_CURVE ( 'NONE', #9445, #1448, #8972, .T. ) ;
#10622 = LINE ( 'NONE', #5723, #1134 ) ;
#10623 = DIRECTION ( 'NONE',  ( -1.000000000000000000, -0.000000000000000000, -0.000000000000000000 ) ) ;
#10624 = DIRECTION ( 'NONE',  ( 1.000000000000000000, 0.000000000000000000, 0.000000000000000000 ) ) ;
#10625 = ORIENTED_EDGE ( 'NONE', *, *, #2208, .F. ) ;
#10626 = CARTESIAN_POINT ( 'NONE',  ( 5.000000000000006217, -144.4171432598692491, -89.39176922837376082 ) ) ;
#10627 = DIRECTION ( 'NONE',  ( 0.000000000000000000, -1.000000000000000000, 0.000000000000000000 ) ) ;
#10628 = ORIENTED_EDGE ( 'NONE', *, *, #5199, .F. ) ;
#10629 = ORIENTED_EDGE ( 'NONE', *, *, #12118, .T. ) ;
#10630 = CARTESIAN_POINT ( 'NONE',  ( 5.000000000000004441, 0.000000000000000000, 0.000000000000000000 ) ) ;
#10631 = ORIENTED_EDGE ( 'NONE', *, *, #7951, .F. ) ;
#10632 = ORIENTED_EDGE ( 'NONE', *, *, #3829, .F. ) ;
#10633 = DIRECTION ( 'NONE',  ( 0.000000000000000000, 1.000000000000000000, -3.608224830031750868E-15 ) ) ;
#10634 = ORIENTED_EDGE ( 'NONE', *, *, #2636, .F. ) ;
#10635 = EDGE_CURVE ( 'NONE', #2893, #11012, #7844, .T. ) ;
#10636 = CARTESIAN_POINT ( 'NONE',  ( -4.999999999999993783, -157.7458401751243571, -62.95593364063918784 ) ) ;
#10637 = DIRECTION ( 'NONE',  ( 0.000000000000000000, -1.000000000000000000, 1.054711873393896662E-14 ) ) ;
#10638 = DIRECTION ( 'NONE',  ( 0.000000000000000000, 0.000000000000000000, 1.000000000000000000 ) ) ;
#10639 = ORIENTED_EDGE ( 'NONE', *, *, #7690, .T. ) ;
#10640 = DIRECTION ( 'NONE',  ( 1.000000000000000000, 0.000000000000000000, 0.000000000000000000 ) ) ;
#10641 = EDGE_LOOP ( 'NONE', ( #6731, #12701, #1706, #10404, #644, #968 ) ) ;
#10642 = LINE ( 'NONE', #1605, #8239 ) ;
#10643 = DIRECTION ( 'NONE',  ( 0.000000000000000000, 0.3864081637724140483, -0.9223278869090054677 ) ) ;
#10644 = ORIENTED_EDGE ( 'NONE', *, *, #12307, .F. ) ;
#10645 = ORIENTED_EDGE ( 'NONE', *, *, #9648, .F. ) ;
#10646 = DIRECTION ( 'NONE',  ( 0.000000000000000000, 0.000000000000000000, 1.000000000000000000 ) ) ;
#10647 = LINE ( 'NONE', #4863, #9079 ) ;
#10648 = EDGE_CURVE ( 'NONE', #3688, #9052, #5043, .T. ) ;
#10649 = CARTESIAN_POINT ( 'NONE',  ( 5.000000000000006217, 96.21594349147569858, 141.4296642867059006 ) ) ;
#10650 = DIRECTION ( 'NONE',  ( 0.000000000000000000, 0.000000000000000000, 1.000000000000000000 ) ) ;
#10651 = VERTEX_POINT ( 'NONE', #4012 ) ;
#10652 = DIRECTION ( 'NONE',  ( -1.000000000000000000, -0.000000000000000000, -0.000000000000000000 ) ) ;
#10653 = CARTESIAN_POINT ( 'NONE',  ( 5.000000000000006217, 119.3132105852220661, 122.5733066456625693 ) ) ;
#10654 = PERSON_AND_ORGANIZATION_ROLE ( 'classification_officer' ) ;
#10655 = ORIENTED_EDGE ( 'NONE', *, *, #1291, .T. ) ;
#10656 = DIRECTION ( 'NONE',  ( 0.000000000000000000, -0.8660254037844328234, 0.5000000000000102141 ) ) ;
#10657 = ORIENTED_EDGE ( 'NONE', *, *, #1683, .T. ) ;
#10658 = LINE ( 'NONE', #3638, #10981 ) ;
#10659 = EDGE_CURVE ( 'NONE', #7215, #895, #9915, .T. ) ;
#10660 = CYLINDRICAL_SURFACE ( 'NONE', #12382, 100.0000000000000000 ) ;
#10661 = ADVANCED_FACE ( 'NONE', ( #10839 ), #6962, .F. ) ;
#10662 = DIRECTION ( 'NONE',  ( -1.000000000000000000, -0.000000000000000000, -0.000000000000000000 ) ) ;
#10663 = EDGE_CURVE ( 'NONE', #12294, #10584, #5184, .T. ) ;
#10664 = DIRECTION ( 'NONE',  ( 0.000000000000000000, 0.000000000000000000, 1.000000000000000000 ) ) ;
#10665 = CARTESIAN_POINT ( 'NONE',  ( 5.000000000000005329, 10.49244089340602137, 139.6062630547010599 ) ) ;
#10666 = CARTESIAN_POINT ( 'NONE',  ( 5.000000000000006217, -75.15400103636424944, -27.42035973919443137 ) ) ;
#10667 = DIRECTION ( 'NONE',  ( -1.000000000000000000, -0.000000000000000000, -0.000000000000000000 ) ) ;
#10668 = DIRECTION ( 'NONE',  ( 0.000000000000000000, -0.8805362840562152016, -0.4739787468447000385 ) ) ;
#10669 = CARTESIAN_POINT ( 'NONE',  ( -4.999999999999990230, 28.40726393314326259, 137.0876630329394459 ) ) ;
#10670 = EDGE_CURVE ( 'NONE', #1285, #3819, #10322, .T. ) ;
#10671 = EDGE_LOOP ( 'NONE', ( #8799, #1481, #7791, #10840 ) ) ;
#10672 = EDGE_CURVE ( 'NONE', #8387, #1416, #2976, .T. ) ;
#10673 = ORIENTED_EDGE ( 'NONE', *, *, #6667, .T. ) ;
#10674 = DIRECTION ( 'NONE',  ( 0.000000000000000000, 0.9396926207859093161, 0.3420201433256662704 ) ) ;
#10675 = DIRECTION ( 'NONE',  ( -1.000000000000000000, 0.000000000000000000, 0.000000000000000000 ) ) ;
#10676 = CARTESIAN_POINT ( 'NONE',  ( 5.000000000000006217, 62.95593364063971364, -157.7458401751241013 ) ) ;
#10677 = CARTESIAN_POINT ( 'NONE',  ( -5.113475346396465504, -52.19745855839928339, 13.49083544747695029 ) ) ;
#10678 = CARTESIAN_POINT ( 'NONE',  ( 5.000000000000006217, -24.32230672642489822, 137.9341937727410254 ) ) ;
#10679 = CARTESIAN_POINT ( 'NONE',  ( -4.999999999999993783, 155.9887531452615690, -70.19520364235592069 ) ) ;
#10680 = ORIENTED_EDGE ( 'NONE', *, *, #4525, .T. ) ;
#10681 = DIRECTION ( 'NONE',  ( -1.000000000000000000, 0.000000000000000000, -0.000000000000000000 ) ) ;
#10682 = CYLINDRICAL_SURFACE ( 'NONE', #8318, 99.99999999999997158 ) ;
#10683 = ORIENTED_EDGE ( 'NONE', *, *, #3238, .T. ) ;
#10684 = EDGE_CURVE ( 'NONE', #1161, #5362, #6825, .T. ) ;
#10685 = ORIENTED_EDGE ( 'NONE', *, *, #9886, .T. ) ;
#10686 = DIRECTION ( 'NONE',  ( 0.000000000000000000, 0.000000000000000000, 1.000000000000000000 ) ) ;
#10687 = ORIENTED_EDGE ( 'NONE', *, *, #5597, .F. ) ;
#10688 = ORIENTED_EDGE ( 'NONE', *, *, #1979, .T. ) ;
#10689 = DIRECTION ( 'NONE',  ( -1.000000000000000000, -0.000000000000000000, -0.000000000000000000 ) ) ;
#10690 = ORIENTED_EDGE ( 'NONE', *, *, #9020, .F. ) ;
#10691 = CYLINDRICAL_SURFACE ( 'NONE', #4002, 100.0000000000001990 ) ;
#10692 = CARTESIAN_POINT ( 'NONE',  ( -5.000000000000004441, 0.000000000000000000, 0.000000000000000000 ) ) ;
#10693 = VERTEX_POINT ( 'NONE', #1869 ) ;
#10694 = EDGE_LOOP ( 'NONE', ( #9027, #2004, #9015, #10380 ) ) ;
#10695 = CARTESIAN_POINT ( 'NONE',  ( 5.000000000000006217, 99.99262110727813990, -138.7852061507330745 ) ) ;
#10696 = ORIENTED_EDGE ( 'NONE', *, *, #3763, .T. ) ;
#10697 = EDGE_CURVE ( 'NONE', #7383, #5036, #4773, .T. ) ;
#10698 = DIRECTION ( 'NONE',  ( 0.000000000000000000, -0.3420201433256568890, 0.9396926207859127578 ) ) ;
#10699 = CIRCLE ( 'NONE', #3912, 140.0000000000000000 ) ;
#10700 = VERTEX_POINT ( 'NONE', #6065 ) ;
#10701 = FACE_OUTER_BOUND ( 'NONE', #6826, .T. ) ;
#10702 = ORIENTED_EDGE ( 'NONE', *, *, #7723, .F. ) ;
#10703 = ORIENTED_EDGE ( 'NONE', *, *, #12450, .T. ) ;
#10704 = EDGE_CURVE ( 'NONE', #2027, #4000, #3935, .T. ) ;
#10705 = LINE ( 'NONE', #10897, #4406 ) ;
#10706 = CARTESIAN_POINT ( 'NONE',  ( 34.99999999999996447, 0.000000000000000000, 0.000000000000000000 ) ) ;
#10707 = AXIS2_PLACEMENT_3D ( 'NONE', #9967, #938, #11940 ) ;
#10708 = PLANE ( 'NONE',  #1917 ) ;
#10709 = AXIS2_PLACEMENT_3D ( 'NONE', #8731, #5831, #10518 ) ;
#10710 = DIRECTION ( 'NONE',  ( 0.000000000000000000, 0.000000000000000000, 1.000000000000000000 ) ) ;
#10711 = VERTEX_POINT ( 'NONE', #9748 ) ;
#10712 = CARTESIAN_POINT ( 'NONE',  ( 5.000000000000004441, -50.66979716487454510, 21.39092460064479440 ) ) ;
#10713 = DIRECTION ( 'NONE',  ( 0.000000000000000000, 0.7660444431189792347, 0.6427876096865380307 ) ) ;
#10714 = PERSON_AND_ORGANIZATION ( #2468, #10803 ) ;
#10715 = VERTEX_POINT ( 'NONE', #9862 ) ;
#10716 = CIRCLE ( 'NONE', #8869, 100.0000000000000000 ) ;
#10717 = EDGE_CURVE ( 'NONE', #12759, #4160, #913, .T. ) ;
#10718 = CARTESIAN_POINT ( 'NONE',  ( 18.00000000000004263, 0.000000000000000000, 0.000000000000000000 ) ) ;
#10719 = AXIS2_PLACEMENT_3D ( 'NONE', #1227, #11161, #3427 ) ;
#10720 = CARTESIAN_POINT ( 'NONE',  ( 5.000000000000006217, 34.60721386647485076, -166.2815095599041513 ) ) ;
#10721 = ORIENTED_EDGE ( 'NONE', *, *, #1279, .F. ) ;
#10722 = CARTESIAN_POINT ( 'NONE',  ( -5.000000000000004441, 0.000000000000000000, 0.000000000000000000 ) ) ;
#10723 = AXIS2_PLACEMENT_3D ( 'NONE', #10706, #9153, #3883 ) ;
#10724 = AXIS2_PLACEMENT_3D ( 'NONE', #12114, #9226, #8244 ) ;
#10725 = DIRECTION ( 'NONE',  ( -1.000000000000000000, -0.000000000000000000, -0.000000000000000000 ) ) ;
#10726 = CARTESIAN_POINT ( 'NONE',  ( -4.999999999999993783, 99.99262110727813990, -138.7852061507330745 ) ) ;
#10727 = CARTESIAN_POINT ( 'NONE',  ( 5.000000000000006217, -99.99262110727715935, 138.7852061507337851 ) ) ;
#10728 = CARTESIAN_POINT ( 'NONE',  ( -5.000000000000004441, -37.88848481756409114, 134.7756013461977602 ) ) ;
#10729 = CARTESIAN_POINT ( 'NONE',  ( 5.000000000000006217, 121.2970252097157982, 70.03176487497601954 ) ) ;
#10730 = FACE_OUTER_BOUND ( 'NONE', #1984, .T. ) ;
#10731 = ORIENTED_EDGE ( 'NONE', *, *, #8055, .T. ) ;
#10732 = EDGE_CURVE ( 'NONE', #2134, #2049, #4856, .T. ) ;
#10733 = ORIENTED_EDGE ( 'NONE', *, *, #12235, .F. ) ;
#10734 = CARTESIAN_POINT ( 'NONE',  ( -12.99999999999999822, 0.000000000000000000, 85.00000000000000000 ) ) ;
#10735 = CIRCLE ( 'NONE', #11344, 100.0000000000000284 ) ;
#10736 = PLANE ( 'NONE',  #7659 ) ;
#10737 = AXIS2_PLACEMENT_3D ( 'NONE', #8870, #4747, #2946 ) ;
#10738 = AXIS2_PLACEMENT_3D ( 'NONE', #3528, #4499, #12430 ) ;
#10739 = CARTESIAN_POINT ( 'NONE',  ( 40.00000000000000711, 57.06339097770900537, 25.54101966249750788 ) ) ;
#10740 = EDGE_CURVE ( 'NONE', #8357, #10243, #9929, .T. ) ;
#10741 = EDGE_CURVE ( 'NONE', #12759, #3491, #12367, .T. ) ;
#10742 = CARTESIAN_POINT ( 'NONE',  ( -5.412499733030005089, -50.54794715455408749, 15.97294973580457800 ) ) ;
#10743 = CIRCLE ( 'NONE', #11565, 140.0000000000000000 ) ;
#10744 = CIRCLE ( 'NONE', #6206, 100.0000000000001847 ) ;
#10745 = CIRCLE ( 'NONE', #4373, 7.000000000000006217 ) ;
#10746 = DIRECTION ( 'NONE',  ( 0.000000000000000000, -0.2968551111398058939, -0.9549225324549492910 ) ) ;
#10747 = DIRECTION ( 'NONE',  ( -1.000000000000000000, -0.000000000000000000, -0.000000000000000000 ) ) ;
#10748 = ORIENTED_EDGE ( 'NONE', *, *, #3480, .F. ) ;
#10749 = CARTESIAN_POINT ( 'NONE',  ( 5.000000000000004441, -73.58083845339864126, -119.1044088709349893 ) ) ;
#10750 = AXIS2_PLACEMENT_3D ( 'NONE', #10411, #10662, #8541 ) ;
#10751 = DIRECTION ( 'NONE',  ( 0.000000000000000000, -0.3420201433256568335, 0.9396926207859126468 ) ) ;
#10752 = VERTEX_POINT ( 'NONE', #6840 ) ;
#10753 = ORIENTED_EDGE ( 'NONE', *, *, #7333, .T. ) ;
#10754 = CARTESIAN_POINT ( 'NONE',  ( -4.999999999999993783, 165.8082026736152272, -42.04161805105150052 ) ) ;
#10755 = ORIENTED_EDGE ( 'NONE', *, *, #5914, .F. ) ;
#10756 = ORIENTED_EDGE ( 'NONE', *, *, #11955, .F. ) ;
#10757 = FACE_OUTER_BOUND ( 'NONE', #5807, .T. ) ;
#10758 = EDGE_CURVE ( 'NONE', #4064, #6829, #24, .T. ) ;
#10759 = AXIS2_PLACEMENT_3D ( 'NONE', #10032, #7902, #3909 ) ;
#10760 = VECTOR ( 'NONE', #9750, 1000.000000000000114 ) ;
#10761 = CIRCLE ( 'NONE', #11367, 4.999999999999997335 ) ;
#10762 = CIRCLE ( 'NONE', #60, 140.0000000000000000 ) ;
#10763 = ORIENTED_EDGE ( 'NONE', *, *, #2626, .T. ) ;
#10764 = AXIS2_PLACEMENT_3D ( 'NONE', #2213, #2020, #11104 ) ;
#10765 = CIRCLE ( 'NONE', #6857, 49.99999999999996447 ) ;
#10766 = EDGE_CURVE ( 'NONE', #11144, #5748, #1252, .T. ) ;
#10767 = DIRECTION ( 'NONE',  ( -1.000000000000000000, -0.000000000000000000, -0.000000000000000000 ) ) ;
#10768 = CARTESIAN_POINT ( 'NONE',  ( -4.999999999999993783, -69.31327489107742679, 39.94583737856309114 ) ) ;
#10769 = ORIENTED_EDGE ( 'NONE', *, *, #1362, .F. ) ;
#10770 = ORIENTED_EDGE ( 'NONE', *, *, #12516, .T. ) ;
#10771 = FACE_OUTER_BOUND ( 'NONE', #7534, .T. ) ;
#10772 = VECTOR ( 'NONE', #9574, 1000.000000000000000 ) ;
#10773 = VECTOR ( 'NONE', #10002, 1000.000000000000000 ) ;
#10774 = VERTEX_POINT ( 'NONE', #10244 ) ;
#10775 = CIRCLE ( 'NONE', #5223, 100.0000000000000142 ) ;
#10776 = CARTESIAN_POINT ( 'NONE',  ( 5.000000000000006217, 47.90336138264957100, 131.6156692209314372 ) ) ;
#10777 = ORIENTED_EDGE ( 'NONE', *, *, #4323, .T. ) ;
#10778 = CARTESIAN_POINT ( 'NONE',  ( 5.000000000000006217, -27.42035973919416847, 75.15400103636433471 ) ) ;
#10779 = AXIS2_PLACEMENT_3D ( 'NONE', #2126, #2839, #4966 ) ;
#10780 = ORIENTED_EDGE ( 'NONE', *, *, #3647, .T. ) ;
#10781 = ORIENTED_EDGE ( 'NONE', *, *, #3137, .T. ) ;
#10782 = DIRECTION ( 'NONE',  ( 0.000000000000000000, 0.000000000000000000, 1.000000000000000000 ) ) ;
#10783 = AXIS2_PLACEMENT_3D ( 'NONE', #3942, #8909, #11809 ) ;
#10784 = DIRECTION ( 'NONE',  ( 0.000000000000000000, -0.1736481776669172306, 0.9848077530122103518 ) ) ;
#10785 = CIRCLE ( 'NONE', #2539, 7.000000000000013323 ) ;
#10786 = CARTESIAN_POINT ( 'NONE',  ( 5.000000000000006217, -5.206971411071154243, 169.7647994192103056 ) ) ;
#10787 = AXIS2_PLACEMENT_3D ( 'NONE', #4290, #2364, #1197 ) ;
#10788 = EDGE_CURVE ( 'NONE', #7397, #2217, #4347, .T. ) ;
#10789 = CYLINDRICAL_SURFACE ( 'NONE', #7446, 7.000000000000006217 ) ;
#10790 = ORIENTED_EDGE ( 'NONE', *, *, #10345, .T. ) ;
#10791 = DIRECTION ( 'NONE',  ( -1.000000000000000000, 0.000000000000000000, -0.000000000000000000 ) ) ;
#10792 = DIRECTION ( 'NONE',  ( 1.000000000000000000, 0.000000000000000000, 0.000000000000000000 ) ) ;
#10793 = AXIS2_PLACEMENT_3D ( 'NONE', #6000, #5052, #8127 ) ;
#10794 = ORIENTED_EDGE ( 'NONE', *, *, #1839, .T. ) ;
#10795 = CYLINDRICAL_SURFACE ( 'NONE', #444, 49.99999999999998579 ) ;
#10796 = CIRCLE ( 'NONE', #2973, 100.0000000000000000 ) ;
#10797 = CARTESIAN_POINT ( 'NONE',  ( 5.000000000000006217, 126.7004045252655970, 113.1114811425192528 ) ) ;
#10798 = ORIENTED_EDGE ( 'NONE', *, *, #7747, .T. ) ;
#10799 = EDGE_CURVE ( 'NONE', #8796, #539, #9292, .T. ) ;
#10800 = CARTESIAN_POINT ( 'NONE',  ( -24.99999999999996803, 6.123233995736765296E-15, -49.99999999999999289 ) ) ;
#10801 = AXIS2_PLACEMENT_3D ( 'NONE', #2388, #9358, #1601 ) ;
#10802 = EDGE_CURVE ( 'NONE', #1450, #10826, #437, .T. ) ;
#10803 = ORGANIZATION ( 'UNSPECIFIED', 'UNSPECIFIED', '' ) ;
#10804 = CARTESIAN_POINT ( 'NONE',  ( 5.000000000000004441, -89.99026535611605482, -107.2462220366565049 ) ) ;
#10805 = CARTESIAN_POINT ( 'NONE',  ( 5.000000000000006217, -157.7458401751243571, -62.95593364063918784 ) ) ;
#10806 = CARTESIAN_POINT ( 'NONE',  ( -4.999999999999993783, -170.5896538667299467, 12.61061916935229910 ) ) ;
#10807 = CARTESIAN_POINT ( 'NONE',  ( 5.000000000000006217, -90.03083239009171734, 107.2933624945064821 ) ) ;
#10808 = CARTESIAN_POINT ( 'NONE',  ( 5.000000000000004441, 0.000000000000000000, 0.000000000000000000 ) ) ;
#10809 = ORIENTED_EDGE ( 'NONE', *, *, #11733, .F. ) ;
#10810 = ORIENTED_EDGE ( 'NONE', *, *, #2026, .F. ) ;
#10811 = CARTESIAN_POINT ( 'NONE',  ( 5.000000000000006217, 121.2970252097157982, 70.03176487497601954 ) ) ;
#10812 = VECTOR ( 'NONE', #11705, 1000.000000000000114 ) ;
#10813 = DIRECTION ( 'NONE',  ( 0.000000000000000000, 0.000000000000000000, 1.000000000000000000 ) ) ;
#10814 = DIRECTION ( 'NONE',  ( -1.000000000000000000, -0.000000000000000000, -0.000000000000000000 ) ) ;
#10815 = EDGE_CURVE ( 'NONE', #9667, #6951, #2911, .T. ) ;
#10816 = CARTESIAN_POINT ( 'NONE',  ( 17.88256031705511262, 28.84016513931676329, -45.76081835364434625 ) ) ;
#10817 = AXIS2_PLACEMENT_3D ( 'NONE', #1844, #12540, #10554 ) ;
#10818 = CARTESIAN_POINT ( 'NONE',  ( 5.000000000000006217, -40.05413818588553454, 69.25074739081635755 ) ) ;
#10819 = CARTESIAN_POINT ( 'NONE',  ( 5.000000000000006217, 21.26817393859643701, -77.12110461681425022 ) ) ;
#10820 = VERTEX_POINT ( 'NONE', #11143 ) ;
#10821 = DIRECTION ( 'NONE',  ( -1.000000000000000000, -0.000000000000000000, -0.000000000000000000 ) ) ;
#10822 = CARTESIAN_POINT ( 'NONE',  ( 5.000000000000006217, 90.02964525296327736, 107.2943586208331226 ) ) ;
#10823 = ORIENTED_EDGE ( 'NONE', *, *, #5093, .F. ) ;
#10824 = EDGE_LOOP ( 'NONE', ( #1868, #4195, #11408, #7618, #11999, #758, #8107, #7616, #5633, #1545, #12586, #4361, #8116, #3930, #1672, #7402, #4609, #1034, #10532, #12506, #11261, #12147, #11430, #7798, #5528, #3415, #2729, #9147, #7496, #10337, #732, #6048, #11016, #6477, #3629, #9747, #11364, #6537, #7918, #6657, #7627, #1353, #2194, #3210, #3633, #9516, #9867, #5423, #11976, #1390, #5346, #5505, #2145, #6762, #4572, #2963, #1608 ) ) ;
#10825 = CARTESIAN_POINT ( 'NONE',  ( 18.99994483178679516, 50.49980388946109144, 16.08939801271136361 ) ) ;
#10826 = VERTEX_POINT ( 'NONE', #11273 ) ;
#10827 = DIRECTION ( 'NONE',  ( -1.000000000000000000, 0.000000000000000000, 0.000000000000000000 ) ) ;
#10828 = EDGE_CURVE ( 'NONE', #706, #5931, #6615, .T. ) ;
#10829 = AXIS2_PLACEMENT_3D ( 'NONE', #10533, #10725, #12525 ) ;
#10830 = ORIENTED_EDGE ( 'NONE', *, *, #8661, .F. ) ;
#10831 = EDGE_CURVE ( 'NONE', #10858, #7007, #439, .T. ) ;
#10832 = EDGE_CURVE ( 'NONE', #3725, #8688, #4441, .T. ) ;
#10833 = CARTESIAN_POINT ( 'NONE',  ( -4.999999999999990230, 0.000000000000000000, 0.000000000000000000 ) ) ;
#10834 = LINE ( 'NONE', #1093, #11303 ) ;
#10835 = ORIENTED_EDGE ( 'NONE', *, *, #9719, .F. ) ;
#10836 = CYLINDRICAL_SURFACE ( 'NONE', #11573, 100.0000000000001990 ) ;
#10837 = EDGE_CURVE ( 'NONE', #119, #4199, #6369, .T. ) ;
#10838 = VERTEX_POINT ( 'NONE', #1213 ) ;
#10839 = FACE_OUTER_BOUND ( 'NONE', #4157, .T. ) ;
#10840 = ORIENTED_EDGE ( 'NONE', *, *, #7004, .T. ) ;
#10841 = DIRECTION ( 'NONE',  ( -1.000000000000000000, 0.000000000000000000, 0.000000000000000000 ) ) ;
#10842 = VERTEX_POINT ( 'NONE', #12168 ) ;
#10843 = ADVANCED_FACE ( 'NONE', ( #510 ), #4448, .F. ) ;
#10844 = ORIENTED_EDGE ( 'NONE', *, *, #530, .F. ) ;
#10845 = EDGE_CURVE ( 'NONE', #4338, #5533, #8051, .T. ) ;
#10846 = LINE ( 'NONE', #1874, #6464 ) ;
#10847 = CARTESIAN_POINT ( 'NONE',  ( -4.999999999999993783, 5.206971411072333744, -169.7647994192103056 ) ) ;
#10848 = CYLINDRICAL_SURFACE ( 'NONE', #10985, 34.99999999999999289 ) ;
#10849 = ORIENTED_EDGE ( 'NONE', *, *, #9486, .T. ) ;
#10850 = DIRECTION ( 'NONE',  ( -1.000000000000000000, -0.000000000000000000, -0.000000000000000000 ) ) ;
#10851 = ORIENTED_EDGE ( 'NONE', *, *, #10325, .T. ) ;
#10852 = LINE ( 'NONE', #5896, #11130 ) ;
#10853 = DIRECTION ( 'NONE',  ( -1.000000000000000000, -0.000000000000000000, -0.000000000000000000 ) ) ;
#10854 = ORIENTED_EDGE ( 'NONE', *, *, #12516, .F. ) ;
#10855 = ADVANCED_FACE ( 'NONE', ( #7283 ), #10115, .F. ) ;
#10856 = DIRECTION ( 'NONE',  ( 0.000000000000000000, -0.5000000000000069944, -0.8660254037844344888 ) ) ;
#10857 = CARTESIAN_POINT ( 'NONE',  ( 5.000000000000006217, 121.2970252097157982, 70.03176487497601954 ) ) ;
#10858 = VERTEX_POINT ( 'NONE', #9160 ) ;
#10859 = LINE ( 'NONE', #3240, #3350 ) ;
#10860 = DIRECTION ( 'NONE',  ( 0.000000000000000000, 0.000000000000000000, -1.000000000000000000 ) ) ;
#10861 = CYLINDRICAL_SURFACE ( 'NONE', #878, 100.0000000000000000 ) ;
#10862 = DIRECTION ( 'NONE',  ( 1.000000000000000000, 0.000000000000000000, 0.000000000000000000 ) ) ;
#10863 = FACE_OUTER_BOUND ( 'NONE', #11637, .T. ) ;
#10864 = LINE ( 'NONE', #7896, #4409 ) ;
#10865 = EDGE_LOOP ( 'NONE', ( #10495, #10461, #1958 ) ) ;
#10866 = VERTEX_POINT ( 'NONE', #12297 ) ;
#10867 = FACE_OUTER_BOUND ( 'NONE', #2244, .T. ) ;
#10868 = EDGE_CURVE ( 'NONE', #8793, #5838, #1887, .T. ) ;
#10869 = DIRECTION ( 'NONE',  ( 0.000000000000000000, 0.8660254037844399289, 0.4999999999999979461 ) ) ;
#10870 = EDGE_CURVE ( 'NONE', #6128, #6034, #5532, .T. ) ;
#10871 = CARTESIAN_POINT ( 'NONE',  ( 4.999999999999999112, -72.25628210076379787, -34.33700186351224204 ) ) ;
#10872 = CARTESIAN_POINT ( 'NONE',  ( 15.25712711444730729, 28.41945699475589393, -47.08858103747937207 ) ) ;
#10873 = CARTESIAN_POINT ( 'NONE',  ( -5.416311306143252402, -31.49618283568358379, -42.63015295967154827 ) ) ;
#10874 = DIRECTION ( 'NONE',  ( -1.000000000000000000, -0.000000000000000000, -0.000000000000000000 ) ) ;
#10875 = ORIENTED_EDGE ( 'NONE', *, *, #6644, .F. ) ;
#10876 = DIRECTION ( 'NONE',  ( -1.000000000000000000, -0.000000000000000000, -0.000000000000000000 ) ) ;
#10877 = CARTESIAN_POINT ( 'NONE',  ( -4.999999999999993783, -78.79545396313065453, 13.83027240313179185 ) ) ;
#10878 = VERTEX_POINT ( 'NONE', #5671 ) ;
#10879 = EDGE_LOOP ( 'NONE', ( #9084, #1283, #9349 ) ) ;
#10880 = CARTESIAN_POINT ( 'NONE',  ( -5.417424305044144184, 7.614320323172795587E-17, 53.00000000000000000 ) ) ;
#10881 = ORIENTED_EDGE ( 'NONE', *, *, #5199, .T. ) ;
#10882 = DIRECTION ( 'NONE',  ( 0.000000000000000000, 0.9396926207859092051, 0.3420201433256662704 ) ) ;
#10883 = EDGE_CURVE ( 'NONE', #705, #12460, #5385, .T. ) ;
#10884 = VERTEX_POINT ( 'NONE', #9601 ) ;
#10885 = CARTESIAN_POINT ( 'NONE',  ( -4.999999999999990230, -66.35702455825847323, 123.2750797678699399 ) ) ;
#10886 = CARTESIAN_POINT ( 'NONE',  ( -87.20833333333341386, 0.000000000000000000, 34.99999999999999289 ) ) ;
#10887 = ORIENTED_EDGE ( 'NONE', *, *, #9255, .F. ) ;
#10888 = FACE_OUTER_BOUND ( 'NONE', #1909, .T. ) ;
#10889 = ORIENTED_EDGE ( 'NONE', *, *, #3983, .T. ) ;
#10890 = CARTESIAN_POINT ( 'NONE',  ( -4.999999999999993783, -119.3132105852211708, -122.5733066456633935 ) ) ;
#10891 = ORIENTED_EDGE ( 'NONE', *, *, #1056, .F. ) ;
#10892 = CARTESIAN_POINT ( 'NONE',  ( 4.999999999999999112, 69.25074739081651387, 40.05413818588532138 ) ) ;
#10893 = ORIENTED_EDGE ( 'NONE', *, *, #10138, .F. ) ;
#10894 = ORIENTED_EDGE ( 'NONE', *, *, #1315, .F. ) ;
#10895 = CIRCLE ( 'NONE', #2651, 4.999999999999997335 ) ;
#10896 = EDGE_CURVE ( 'NONE', #11915, #4528, #7532, .T. ) ;
#10897 = CARTESIAN_POINT ( 'NONE',  ( 5.000000000000006217, 137.9344628748812909, -24.32078057234920365 ) ) ;
#10898 = PLANE ( 'NONE',  #2747 ) ;
#10899 = CARTESIAN_POINT ( 'NONE',  ( -4.999999999999992895, 107.2462220366579970, 89.99026535611425004 ) ) ;
#10900 = EDGE_CURVE ( 'NONE', #9109, #11848, #763, .T. ) ;
#10901 = ADVANCED_FACE ( 'NONE', ( #12356 ), #9457, .F. ) ;
#10902 = CIRCLE ( 'NONE', #11923, 140.0000000000000000 ) ;
#10903 = ORIENTED_EDGE ( 'NONE', *, *, #12131, .T. ) ;
#10904 = CARTESIAN_POINT ( 'NONE',  ( -34.99999999999996447, 0.000000000000000000, 0.000000000000000000 ) ) ;
#10905 = ORIENTED_EDGE ( 'NONE', *, *, #10989, .F. ) ;
#10906 = FACE_OUTER_BOUND ( 'NONE', #8323, .T. ) ;
#10907 = DIRECTION ( 'NONE',  ( -1.000000000000000000, -0.000000000000000000, -0.000000000000000000 ) ) ;
#10908 = EDGE_LOOP ( 'NONE', ( #5417, #7782, #1749, #8470, #7467, #8865 ) ) ;
#10909 = DIRECTION ( 'NONE',  ( -1.000000000000000000, -0.000000000000000000, -0.000000000000000000 ) ) ;
#10910 = CARTESIAN_POINT ( 'NONE',  ( 5.000000000000006217, 137.9344628748812909, -24.32078057234920365 ) ) ;
#10911 = AXIS2_PLACEMENT_3D ( 'NONE', #1442, #8284, #7377 ) ;
#10912 = ORIENTED_EDGE ( 'NONE', *, *, #8946, .F. ) ;
#10913 = CARTESIAN_POINT ( 'NONE',  ( 17.37587947082503348, -50.36285594571724999, 20.56915712104946437 ) ) ;
#10914 = EDGE_CURVE ( 'NONE', #12275, #10027, #9535, .T. ) ;
#10915 = DIRECTION ( 'NONE',  ( -1.000000000000000000, -0.000000000000000000, -0.000000000000000000 ) ) ;
#10916 = LINE ( 'NONE', #2086, #9314 ) ;
#10917 = CARTESIAN_POINT ( 'NONE',  ( 5.000000000000006217, 7.553123310771459487, -79.64264139424484767 ) ) ;
#10918 = CIRCLE ( 'NONE', #8021, 140.0000000000000000 ) ;
#10919 = FACE_OUTER_BOUND ( 'NONE', #9743, .T. ) ;
#10920 = CARTESIAN_POINT ( 'NONE',  ( 59.79898987322338400, -57.06339097770928248, 25.54101966249669786 ) ) ;
#10921 = VECTOR ( 'NONE', #10402, 1000.000000000000000 ) ;
#10922 = ORIENTED_EDGE ( 'NONE', *, *, #4312, .T. ) ;
#10923 = ORIENTED_EDGE ( 'NONE', *, *, #11225, .F. ) ;
#10924 = LINE ( 'NONE', #2092, #2723 ) ;
#10925 = LINE ( 'NONE', #2029, #11365 ) ;
#10926 = AXIS2_PLACEMENT_3D ( 'NONE', #4529, #8454, #3567 ) ;
#10927 = DIRECTION ( 'NONE',  ( -1.000000000000000000, 0.000000000000000000, 0.000000000000000000 ) ) ;
#10928 = VECTOR ( 'NONE', #1804, 1000.000000000000114 ) ;
#10929 = CARTESIAN_POINT ( 'NONE',  ( 19.00237646723108398, 31.02039914687039968, -42.97058099308058843 ) ) ;
#10930 = CARTESIAN_POINT ( 'NONE',  ( 5.000000000000004441, 4.686149805543997182, 54.79999999999999716 ) ) ;
#10931 = EDGE_CURVE ( 'NONE', #11761, #11272, #1662, .T. ) ;
#10932 = CARTESIAN_POINT ( 'NONE',  ( -5.000000000000004441, 0.000000000000000000, 0.000000000000000000 ) ) ;
#10933 = VERTEX_POINT ( 'NONE', #10376 ) ;
#10934 = CARTESIAN_POINT ( 'NONE',  ( 5.000000000000006217, 70.03042279760722977, 121.2978000584459721 ) ) ;
#10936 = CARTESIAN_POINT ( 'NONE',  ( 5.000000000000006217, -149.6241146709416228, 80.37303019083788058 ) ) ;
#10935 = AXIS2_PLACEMENT_3D ( 'NONE', #2088, #6934, #2023 ) ;
#10937 = VERTEX_POINT ( 'NONE', #10561 ) ;
#10938 = VECTOR ( 'NONE', #6850, 1000.000000000000114 ) ;
#10939 = VERTEX_POINT ( 'NONE', #3662 ) ;
#10940 = DIRECTION ( 'NONE',  ( 1.000000000000000000, 0.000000000000000000, 0.000000000000000000 ) ) ;
#10941 = AXIS2_PLACEMENT_3D ( 'NONE', #5883, #11803, #969 ) ;
#10942 = VERTEX_POINT ( 'NONE', #564 ) ;
#10943 = DIRECTION ( 'NONE',  ( -1.000000000000000000, -0.000000000000000000, -0.000000000000000000 ) ) ;
#10944 = ORIENTED_EDGE ( 'NONE', *, *, #11122, .F. ) ;
#10945 = AXIS2_PLACEMENT_3D ( 'NONE', #7302, #2339, #10018 ) ;
#10946 = AXIS2_PLACEMENT_3D ( 'NONE', #2030, #9135, #11892 ) ;
#10947 = CIRCLE ( 'NONE', #11557, 99.99999999999998579 ) ;
#10948 = DIRECTION ( 'NONE',  ( 1.000000000000000000, 0.000000000000000000, 0.000000000000000000 ) ) ;
#10949 = ADVANCED_FACE ( 'NONE', ( #1538 ), #6628, .F. ) ;
#10950 = ADVANCED_FACE ( 'NONE', ( #8497 ), #2629, .F. ) ;
#10951 = DIRECTION ( 'NONE',  ( 0.000000000000000000, -0.5000000000000069944, -0.8660254037844344888 ) ) ;
#10952 = EDGE_CURVE ( 'NONE', #3549, #7003, #5596, .T. ) ;
#10953 = ORIENTED_EDGE ( 'NONE', *, *, #6961, .F. ) ;
#10954 = CARTESIAN_POINT ( 'NONE',  ( -4.999999999999993783, -161.3076183917391688, 53.17002841738447927 ) ) ;
#10955 = ORIENTED_EDGE ( 'NONE', *, *, #6984, .F. ) ;
#10956 = CARTESIAN_POINT ( 'NONE',  ( -5.000000000000004441, 0.000000000000000000, 0.000000000000000000 ) ) ;
#10957 = ORIENTED_EDGE ( 'NONE', *, *, #10883, .T. ) ;
#10958 = DIRECTION ( 'NONE',  ( 0.000000000000000000, 0.000000000000000000, 1.000000000000000000 ) ) ;
#10959 = ORIENTED_EDGE ( 'NONE', *, *, #3823, .F. ) ;
#10960 = CIRCLE ( 'NONE', #7048, 100.0000000000000000 ) ;
#10961 = VECTOR ( 'NONE', #8749, 1000.000000000000114 ) ;
#10962 = VERTEX_POINT ( 'NONE', #11511 ) ;
#10963 = AXIS2_PLACEMENT_3D ( 'NONE', #9009, #5084, #3014 ) ;
#10964 = CIRCLE ( 'NONE', #3755, 140.0000000000000000 ) ;
#10965 = CIRCLE ( 'NONE', #11163, 99.99999999999998579 ) ;
#10966 = DIRECTION ( 'NONE',  ( 0.000000000000000000, -0.5255774175242788893, -0.8507457776495336299 ) ) ;
#10967 = LINE ( 'NONE', #2328, #10177 ) ;
#10968 = AXIS2_PLACEMENT_3D ( 'NONE', #2169, #6037, #4887 ) ;
#10969 = AXIS2_PLACEMENT_3D ( 'NONE', #12676, #12116, #11930 ) ;
#10970 = AXIS2_PLACEMENT_3D ( 'NONE', #8334, #12265, #4469 ) ;
#10971 = ORIENTED_EDGE ( 'NONE', *, *, #10078, .T. ) ;
#10972 = ADVANCED_FACE ( 'NONE', ( #6561 ), #10488, .F. ) ;
#10973 = AXIS2_PLACEMENT_3D ( 'NONE', #4497, #12487, #8421 ) ;
#10974 = DIRECTION ( 'NONE',  ( 0.000000000000000000, 0.000000000000000000, 1.000000000000000000 ) ) ;
#10975 = ORIENTED_EDGE ( 'NONE', *, *, #2553, .F. ) ;
#10976 = LINE ( 'NONE', #6860, #9276 ) ;
#10977 = FACE_OUTER_BOUND ( 'NONE', #6758, .T. ) ;
#10978 = CARTESIAN_POINT ( 'NONE',  ( -40.00000000000000000, 0.000000000000000000, 0.000000000000000000 ) ) ;
#10979 = ORIENTED_EDGE ( 'NONE', *, *, #11518, .F. ) ;
#10980 = LINE ( 'NONE', #4029, #645 ) ;
#10981 = VECTOR ( 'NONE', #6538, 1000.000000000000000 ) ;
#10982 = ADVANCED_FACE ( 'NONE', ( #2572 ), #10433, .T. ) ;
#10983 = DIRECTION ( 'NONE',  ( 1.000000000000000000, 0.000000000000000000, 0.000000000000000000 ) ) ;
#10984 = EDGE_CURVE ( 'NONE', #8688, #462, #3115, .T. ) ;
#10985 = AXIS2_PLACEMENT_3D ( 'NONE', #3169, #4073, #978 ) ;
#10986 = VERTEX_POINT ( 'NONE', #6156 ) ;
#10987 = AXIS2_PLACEMENT_3D ( 'NONE', #9984, #5332, #9201 ) ;
#10988 = DIRECTION ( 'NONE',  ( 0.000000000000000000, -0.7660444431189836756, -0.6427876096865327016 ) ) ;
#10989 = EDGE_CURVE ( 'NONE', #761, #2690, #411, .T. ) ;
#10990 = ADVANCED_FACE ( 'NONE', ( #12279 ), #7184, .F. ) ;
#10991 = DIRECTION ( 'NONE',  ( 0.000000000000000000, 0.000000000000000000, 1.000000000000000000 ) ) ;
#10992 = EDGE_CURVE ( 'NONE', #5815, #7368, #6411, .T. ) ;
#10993 = CARTESIAN_POINT ( 'NONE',  ( -5.000000000000004441, -139.6062630547011452, 10.49244089340455055 ) ) ;
#10994 = AXIS2_PLACEMENT_3D ( 'NONE', #3289, #3847, #5772 ) ;
#10995 = CARTESIAN_POINT ( 'NONE',  ( -5.000000000000004441, -10.49244089340504971, -139.6062630547011167 ) ) ;
#10996 = CYLINDRICAL_SURFACE ( 'NONE', #12161, 100.0000000000001990 ) ;
#10997 = DIRECTION ( 'NONE',  ( -1.000000000000000000, 0.000000000000000000, 0.000000000000000000 ) ) ;
#10998 = VECTOR ( 'NONE', #4486, 1000.000000000000000 ) ;
#10999 = EDGE_CURVE ( 'NONE', #6368, #10700, #9299, .T. ) ;
#11000 = ORIENTED_EDGE ( 'NONE', *, *, #2122, .F. ) ;
#11001 = ORIENTED_EDGE ( 'NONE', *, *, #1489, .F. ) ;
#11002 = CARTESIAN_POINT ( 'NONE',  ( -4.999999999999990230, 4.170670896935432914, 139.9378630116576687 ) ) ;
#11003 = ORIENTED_EDGE ( 'NONE', *, *, #11921, .F. ) ;
#11004 = FACE_OUTER_BOUND ( 'NONE', #1646, .T. ) ;
#11005 = EDGE_CURVE ( 'NONE', #239, #5567, #4285, .T. ) ;
#11006 = AXIS2_PLACEMENT_3D ( 'NONE', #3072, #9013, #2109 ) ;
#11007 = LOCAL_TIME ( 10, 11, 16.00000000000000000, #4531 ) ;
#11008 = CARTESIAN_POINT ( 'NONE',  ( -5.000000000000004441, 0.000000000000000000, 0.000000000000000000 ) ) ;
#11009 = CARTESIAN_POINT ( 'NONE',  ( -5.999999989902971009E-06, -28.41945699475530418, -47.08858103747928681 ) ) ;
#11010 = CARTESIAN_POINT ( 'NONE',  ( 5.000000000000004441, 0.000000000000000000, 0.000000000000000000 ) ) ;
#11011 = CARTESIAN_POINT ( 'NONE',  ( -4.999999999999990230, -130.0721237826701611, 51.78071662951135323 ) ) ;
#11012 = VERTEX_POINT ( 'NONE', #1512 ) ;
#11013 = CARTESIAN_POINT ( 'NONE',  ( 40.00000000000000711, -57.06339097770928248, 18.54101966249669786 ) ) ;
#11014 = CIRCLE ( 'NONE', #11212, 80.00000000000000000 ) ;
#11015 = CARTESIAN_POINT ( 'NONE',  ( 5.000000000000004441, 0.000000000000000000, 0.000000000000000000 ) ) ;
#11016 = ORIENTED_EDGE ( 'NONE', *, *, #9408, .F. ) ;
#11017 = ORIENTED_EDGE ( 'NONE', *, *, #11614, .T. ) ;
#11018 = CARTESIAN_POINT ( 'NONE',  ( 18.91511914005977957, 50.12678513126954982, 17.55326134792537474 ) ) ;
#11019 = ORIENTED_EDGE ( 'NONE', *, *, #349, .F. ) ;
#11020 = CARTESIAN_POINT ( 'NONE',  ( 5.000000000000006217, 13.95342753719945783, -78.77373839018177648 ) ) ;
#11021 = ADVANCED_FACE ( 'NONE', ( #4348 ), #2360, .F. ) ;
#11022 = AXIS2_PLACEMENT_3D ( 'NONE', #11856, #3027, #9078 ) ;
#11023 = DIRECTION ( 'NONE',  ( -1.000000000000000000, -0.000000000000000000, -0.000000000000000000 ) ) ;
#11024 = CARTESIAN_POINT ( 'NONE',  ( -18.00000000000000000, 0.000000000000000000, 0.000000000000000000 ) ) ;
#11025 = ORIENTED_EDGE ( 'NONE', *, *, #11245, .T. ) ;
#11026 = FACE_OUTER_BOUND ( 'NONE', #2884, .T. ) ;
#11027 = ORIENTED_EDGE ( 'NONE', *, *, #11819, .T. ) ;
#11028 = CARTESIAN_POINT ( 'NONE',  ( 18.86326219210682353, 1.497094240473220816, 53.15572428203060440 ) ) ;
#11029 = ORIENTED_EDGE ( 'NONE', *, *, #4673, .T. ) ;
#11030 = DIRECTION ( 'NONE',  ( -1.000000000000000000, -0.000000000000000000, -0.000000000000000000 ) ) ;
#11031 = AXIS2_PLACEMENT_3D ( 'NONE', #2808, #10608, #9636 ) ;
#11032 = VERTEX_POINT ( 'NONE', #5457 ) ;
#11033 = ORIENTED_EDGE ( 'NONE', *, *, #7545, .T. ) ;
#11034 = EDGE_CURVE ( 'NONE', #7149, #11935, #7255, .T. ) ;
#11035 = EDGE_CURVE ( 'NONE', #10247, #1297, #3539, .T. ) ;
#11036 = DIRECTION ( 'NONE',  ( 0.000000000000000000, 0.000000000000000000, -1.000000000000000000 ) ) ;
#11038 = CARTESIAN_POINT ( 'NONE',  ( 5.000000000000006217, 121.2978000584466969, -70.03042279760595079 ) ) ;
#11037 = CIRCLE ( 'NONE', #8778, 100.0000000000001990 ) ;
#11039 = ORIENTED_EDGE ( 'NONE', *, *, #6877, .F. ) ;
#11040 = CARTESIAN_POINT ( 'NONE',  ( 5.000000000000006217, 42.04161805105322003, 165.8082026736148578 ) ) ;
#11041 = ORIENTED_EDGE ( 'NONE', *, *, #10931, .T. ) ;
#11042 = LINE ( 'NONE', #10068, #4130 ) ;
#11043 = DIRECTION ( 'NONE',  ( -1.000000000000000000, -0.000000000000000000, 0.000000000000000000 ) ) ;
#11044 = DIRECTION ( 'NONE',  ( 0.000000000000000000, 0.5000000000000009992, 0.8660254037844380415 ) ) ;
#11045 = ORIENTED_EDGE ( 'NONE', *, *, #6101, .T. ) ;
#11046 = DIRECTION ( 'NONE',  ( 1.000000000000000000, 0.000000000000000000, 0.000000000000000000 ) ) ;
#11047 = DIRECTION ( 'NONE',  ( -1.000000000000000000, 0.000000000000000000, 0.000000000000000000 ) ) ;
#11048 = ADVANCED_FACE ( 'NONE', ( #8350 ), #1265, .T. ) ;
#11049 = CARTESIAN_POINT ( 'NONE',  ( 15.30641678441774367, -53.56599702107438787, 12.47733798284912332 ) ) ;
#11050 = DIRECTION ( 'NONE',  ( -1.000000000000000000, 0.000000000000000000, 0.000000000000000000 ) ) ;
#11051 = LINE ( 'NONE', #10150, #7457 ) ;
#11052 = LINE ( 'NONE', #7365, #5365 ) ;
#11053 = DIRECTION ( 'NONE',  ( 0.000000000000000000, 0.9919634625682259843, -0.1265246573978991151 ) ) ;
#11054 = DIRECTION ( 'NONE',  ( -1.000000000000000000, -0.000000000000000000, -0.000000000000000000 ) ) ;
#11055 = ORIENTED_EDGE ( 'NONE', *, *, #11964, .F. ) ;
#11056 = ORIENTED_EDGE ( 'NONE', *, *, #12004, .F. ) ;
#11057 = CARTESIAN_POINT ( 'NONE',  ( -4.999999999999993783, -40.05413818588553454, 69.25074739081635755 ) ) ;
#11058 = VERTEX_POINT ( 'NONE', #486 ) ;
#11059 = CARTESIAN_POINT ( 'NONE',  ( -4.999999999999993783, 17.20354699452819602, -170.1878247496342738 ) ) ;
#11060 = ADVANCED_FACE ( 'NONE', ( #5328 ), #12218, .F. ) ;
#11061 = APPROVAL ( #6396, 'UNSPECIFIED' ) ;
#11062 = LINE ( 'NONE', #6155, #7447 ) ;
#11063 = ADVANCED_FACE ( 'NONE', ( #5273 ), #5203, .T. ) ;
#11064 = DIRECTION ( 'NONE',  ( -1.000000000000000000, -0.000000000000000000, -0.000000000000000000 ) ) ;
#11065 = DIRECTION ( 'NONE',  ( 1.000000000000000000, 0.000000000000000000, 0.000000000000000000 ) ) ;
#11066 = EDGE_CURVE ( 'NONE', #9815, #11848, #10947, .T. ) ;
#11067 = EDGE_CURVE ( 'NONE', #3556, #854, #1676, .T. ) ;
#11068 = CARTESIAN_POINT ( 'NONE',  ( -5.371855257164109609, -32.19017975185188618, -42.24096059641944123 ) ) ;
#11069 = CARTESIAN_POINT ( 'NONE',  ( 5.000000000000006217, 105.1339381126587114, 133.3943579393224752 ) ) ;
#11070 = DIRECTION ( 'NONE',  ( 0.000000000000000000, -0.7958032295111118204, 0.6055552987958117139 ) ) ;
#11071 = DIRECTION ( 'NONE',  ( -1.000000000000000000, -0.000000000000000000, -0.000000000000000000 ) ) ;
#11072 = ORIENTED_EDGE ( 'NONE', *, *, #2587, .T. ) ;
#11073 = ORIENTED_EDGE ( 'NONE', *, *, #2997, .T. ) ;
#11074 = CARTESIAN_POINT ( 'NONE',  ( 16.87860305459172494, 50.47611888386612833, 20.91021802162959631 ) ) ;
#11075 = ORIENTED_EDGE ( 'NONE', *, *, #3746, .T. ) ;
#11076 = CARTESIAN_POINT ( 'NONE',  ( 5.000000000000005329, 100.2001910360111765, -97.77485216734858398 ) ) ;
#11077 = DIRECTION ( 'NONE',  ( -1.000000000000000000, -0.000000000000000000, -0.000000000000000000 ) ) ;
#11078 = CARTESIAN_POINT ( 'NONE',  ( -4.999999999999992895, 69.99999999999972999, -121.2435565298215749 ) ) ;
#11079 = ADVANCED_FACE ( 'NONE', ( #358 ), #2414, .T. ) ;
#11080 = EDGE_LOOP ( 'NONE', ( #9531, #8762, #10971, #8903 ) ) ;
#11081 = DIRECTION ( 'NONE',  ( -1.000000000000000000, -0.000000000000000000, -0.000000000000000000 ) ) ;
#11082 = ORIENTED_EDGE ( 'NONE', *, *, #5301, .F. ) ;
#11083 = CARTESIAN_POINT ( 'NONE',  ( 15.61276727981319290, 4.657450378020683068, 54.77372954282882489 ) ) ;
#11084 = EDGE_LOOP ( 'NONE', ( #5478, #1742, #323, #9863 ) ) ;
#11085 = CARTESIAN_POINT ( 'NONE',  ( 59.79898987322338400, 0.000000000000000000, 67.00000000000000000 ) ) ;
#11086 = ORIENTED_EDGE ( 'NONE', *, *, #7203, .T. ) ;
#11087 = ORIENTED_EDGE ( 'NONE', *, *, #2746, .F. ) ;
#11088 = CYLINDRICAL_SURFACE ( 'NONE', #7685, 100.0000000000000000 ) ;
#11089 = CARTESIAN_POINT ( 'NONE',  ( -4.999999999999993783, -47.90481762191804194, 131.6151391931837509 ) ) ;
#11090 = EDGE_CURVE ( 'NONE', #1738, #4939, #12595, .T. ) ;
#11091 = ORIENTED_EDGE ( 'NONE', *, *, #10697, .F. ) ;
#11092 = FACE_OUTER_BOUND ( 'NONE', #9838, .T. ) ;
#11093 = ORIENTED_EDGE ( 'NONE', *, *, #12272, .T. ) ;
#11094 = PLANE ( 'NONE',  #9697 ) ;
#11095 = AXIS2_PLACEMENT_3D ( 'NONE', #8030, #5030, #958 ) ;
#11096 = ADVANCED_FACE ( 'NONE', ( #674 ), #6625, .T. ) ;
#11097 = DIRECTION ( 'NONE',  ( 0.000000000000000000, -0.9995561643689829801, 0.02979050640668165148 ) ) ;
#11098 = ORIENTED_EDGE ( 'NONE', *, *, #4673, .F. ) ;
#11099 = DIRECTION ( 'NONE',  ( 0.000000000000000000, 0.7958032295111118204, -0.6055552987958117139 ) ) ;
#11100 = CARTESIAN_POINT ( 'NONE',  ( 5.000000000000004441, -89.99026535611459110, 107.2462220366576986 ) ) ;
#11101 = AXIS2_PLACEMENT_3D ( 'NONE', #11213, #5473, #6312 ) ;
#11102 = CARTESIAN_POINT ( 'NONE',  ( 17.01414445937235342, -50.44740870552956125, 20.82939893217231031 ) ) ;
#11103 = CARTESIAN_POINT ( 'NONE',  ( -40.00000000000000000, 57.06339097770900537, 18.54101966249749367 ) ) ;
#11104 = DIRECTION ( 'NONE',  ( 0.000000000000000000, -0.9396926207859115365, -0.3420201433256601642 ) ) ;
#11105 = PLANE ( 'NONE',  #2487 ) ;
#11106 = DIRECTION ( 'NONE',  ( 0.000000000000000000, 0.1442331847429613456, -0.9895437273910147047 ) ) ;
#11107 = ADVANCED_FACE ( 'NONE', ( #1770 ), #5765, .F. ) ;
#11108 = DIRECTION ( 'NONE',  ( -1.000000000000000000, -0.000000000000000000, -0.000000000000000000 ) ) ;
#11109 = ORIENTED_EDGE ( 'NONE', *, *, #7771, .T. ) ;
#11110 = VECTOR ( 'NONE', #1982, 1000.000000000000000 ) ;
#11111 = EDGE_LOOP ( 'NONE', ( #3744, #12331, #9164 ) ) ;
#11112 = DIRECTION ( 'NONE',  ( 0.000000000000000000, 0.000000000000000000, 1.000000000000000000 ) ) ;
#11113 = ORIENTED_EDGE ( 'NONE', *, *, #7523, .F. ) ;
#11114 = LINE ( 'NONE', #2470, #9943 ) ;
#11115 = DIRECTION ( 'NONE',  ( 0.000000000000000000, 0.000000000000000000, 1.000000000000000000 ) ) ;
#11116 = CARTESIAN_POINT ( 'NONE',  ( -4.999999999999993783, 46.49499208839421271, -164.6149246967155477 ) ) ;
#11117 = CIRCLE ( 'NONE', #10498, 100.0000000000001990 ) ;
#11118 = AXIS2_PLACEMENT_3D ( 'NONE', #3954, #4987, #5949 ) ;
#11119 = DIRECTION ( 'NONE',  ( 0.000000000000000000, 0.000000000000000000, 1.000000000000000000 ) ) ;
#11120 = DIRECTION ( 'NONE',  ( -1.000000000000000000, 0.000000000000000000, 0.000000000000000000 ) ) ;
#11121 = CARTESIAN_POINT ( 'NONE',  ( -5.417424305044144184, 7.614320323172795587E-17, 53.00000000000000000 ) ) ;
#11122 = EDGE_CURVE ( 'NONE', #7113, #7178, #6600, .T. ) ;
#11123 = CARTESIAN_POINT ( 'NONE',  ( -4.999999999999993783, -96.21594349147476066, -141.4296642867064975 ) ) ;
#11124 = CARTESIAN_POINT ( 'NONE',  ( -4.999999999999993783, 74.37371037525558393, -154.0402834560582050 ) ) ;
#11125 = ORIENTED_EDGE ( 'NONE', *, *, #10403, .F. ) ;
#11126 = ORIENTED_EDGE ( 'NONE', *, *, #151, .F. ) ;
#11127 = DIRECTION ( 'NONE',  ( 0.000000000000000000, 0.000000000000000000, 1.000000000000000000 ) ) ;
#11128 = EDGE_LOOP ( 'NONE', ( #773, #2773, #4729 ) ) ;
#11129 = DIRECTION ( 'NONE',  ( -1.000000000000000000, -0.000000000000000000, -0.000000000000000000 ) ) ;
#11130 = VECTOR ( 'NONE', #4025, 1000.000000000000000 ) ;
#11131 = CIRCLE ( 'NONE', #9278, 140.0000000000000000 ) ;
#11132 = EDGE_CURVE ( 'NONE', #5246, #7003, #7040, .T. ) ;
#11133 = EDGE_CURVE ( 'NONE', #5813, #12641, #6833, .T. ) ;
#11134 = DIRECTION ( 'NONE',  ( 1.000000000000000000, 0.000000000000000000, 0.000000000000000000 ) ) ;
#11135 = CARTESIAN_POINT ( 'NONE',  ( -5.191368639970313836, 33.69011780776541798, -41.70928138142442521 ) ) ;
#11136 = AXIS2_PLACEMENT_3D ( 'NONE', #12529, #10667, #1831 ) ;
#11137 = AXIS2_PLACEMENT_3D ( 'NONE', #9077, #4246, #242 ) ;
#11138 = CARTESIAN_POINT ( 'NONE',  ( 4.999999999999999112, -69.31327489107742679, 39.94583737856309824 ) ) ;
#11139 = ORIENTED_EDGE ( 'NONE', *, *, #3426, .F. ) ;
#11140 = DIRECTION ( 'NONE',  ( 0.000000000000000000, 0.000000000000000000, 1.000000000000000000 ) ) ;
#11141 = AXIS2_PLACEMENT_3D ( 'NONE', #10890, #11861, #5934 ) ;
#11142 = ORIENTED_EDGE ( 'NONE', *, *, #11879, .F. ) ;
#11143 = CARTESIAN_POINT ( 'NONE',  ( 40.00000000000000711, -57.06339097770928248, 11.54101966249669786 ) ) ;
#11144 = VERTEX_POINT ( 'NONE', #10531 ) ;
#11145 = CARTESIAN_POINT ( 'NONE',  ( 18.97733610624123557, -30.63449422564314872, -43.28716227947681716 ) ) ;
#11146 = EDGE_LOOP ( 'NONE', ( #8016, #1930, #11905, #6925 ) ) ;
#11147 = VERTEX_POINT ( 'NONE', #7438 ) ;
#11148 = AXIS2_PLACEMENT_3D ( 'NONE', #464, #1176, #12064 ) ;
#11149 = AXIS2_PLACEMENT_3D ( 'NONE', #9, #4981, #11925 ) ;
#11150 = ADVANCED_FACE ( 'NONE', ( #1572 ), #8659, .F. ) ;
#11151 = CIRCLE ( 'NONE', #10737, 100.0000000000002416 ) ;
#11152 = AXIS2_PLACEMENT_3D ( 'NONE', #9384, #547, #11194 ) ;
#11153 = DIRECTION ( 'NONE',  ( -1.000000000000000000, 0.000000000000000000, 0.000000000000000000 ) ) ;
#11154 = DIRECTION ( 'NONE',  ( -1.000000000000000000, -0.000000000000000000, -0.000000000000000000 ) ) ;
#11155 = ORIENTED_EDGE ( 'NONE', *, *, #2390, .F. ) ;
#11156 = DIRECTION ( 'NONE',  ( 1.000000000000000000, 0.000000000000000000, 0.000000000000000000 ) ) ;
#11157 = VECTOR ( 'NONE', #8032, 1000.000000000000000 ) ;
#11158 = AXIS2_PLACEMENT_3D ( 'NONE', #7580, #12485, #11506 ) ;
#11159 = VERTEX_POINT ( 'NONE', #3695 ) ;
#11160 = CIRCLE ( 'NONE', #8906, 99.99999999999998579 ) ;
#11161 = DIRECTION ( 'NONE',  ( -1.000000000000000000, 0.000000000000000000, -0.000000000000000000 ) ) ;
#11162 = CARTESIAN_POINT ( 'NONE',  ( 5.000000000000005329, -100.2001910360104802, 97.77485216734933715 ) ) ;
#11163 = AXIS2_PLACEMENT_3D ( 'NONE', #9965, #6025, #1314 ) ;
#11164 = ORIENTED_EDGE ( 'NONE', *, *, #5644, .T. ) ;
#11165 = CARTESIAN_POINT ( 'NONE',  ( -4.999999999999993783, 141.4296642867068385, -96.21594349147424907 ) ) ;
#11166 = CYLINDRICAL_SURFACE ( 'NONE', #4815, 6.999999999999999112 ) ;
#11167 = EDGE_CURVE ( 'NONE', #9109, #2823, #5513, .T. ) ;
#11168 = AXIS2_PLACEMENT_3D ( 'NONE', #9646, #5721, #7521 ) ;
#11169 = DIRECTION ( 'NONE',  ( -1.000000000000000000, 0.000000000000000000, -0.000000000000000000 ) ) ;
#11170 = AXIS2_PLACEMENT_3D ( 'NONE', #11473, #11730, #9674 ) ;
#11171 = AXIS2_PLACEMENT_3D ( 'NONE', #290, #4224, #9893 ) ;
#11172 = VECTOR ( 'NONE', #7611, 1000.000000000000114 ) ;
#11173 = EDGE_CURVE ( 'NONE', #8796, #271, #8065, .T. ) ;
#11174 = DIRECTION ( 'NONE',  ( 0.000000000000000000, -0.6653231695327214146, -0.7465554768956782494 ) ) ;
#11175 = AXIS2_PLACEMENT_3D ( 'NONE', #9927, #1158, #5987 ) ;
#11176 = CARTESIAN_POINT ( 'NONE',  ( -4.999999999999993783, 12.61061916935282667, 170.5896538667299183 ) ) ;
#11177 = CARTESIAN_POINT ( 'NONE',  ( 5.000000000000006217, -168.0898717532971034, 24.35148223580149818 ) ) ;
#11178 = DIRECTION ( 'NONE',  ( -1.000000000000000000, 0.000000000000000000, 0.000000000000000000 ) ) ;
#11179 = CARTESIAN_POINT ( 'NONE',  ( -25.00000000000000000, 0.000000000000000000, 0.000000000000000000 ) ) ;
#11180 = CARTESIAN_POINT ( 'NONE',  ( 5.000000000000004441, 0.000000000000000000, 0.000000000000000000 ) ) ;
#11181 = AXIS2_PLACEMENT_3D ( 'NONE', #10910, #5117, #11824 ) ;
#11182 = AXIS2_PLACEMENT_3D ( 'NONE', #6706, #8767, #1853 ) ;
#11183 = VERTEX_POINT ( 'NONE', #863 ) ;
#11184 = CIRCLE ( 'NONE', #3161, 100.0000000000001847 ) ;
#11185 = VERTEX_POINT ( 'NONE', #7565 ) ;
#11186 = DIRECTION ( 'NONE',  ( 0.000000000000000000, 0.9791975930924256000, -0.2029090280938739554 ) ) ;
#11187 = EDGE_LOOP ( 'NONE', ( #12267, #700, #5434 ) ) ;
#11188 = VECTOR ( 'NONE', #2479, 1000.000000000000114 ) ;
#11189 = CARTESIAN_POINT ( 'NONE',  ( -4.999999999999993783, -119.3132105852211708, -122.5733066456633935 ) ) ;
#11190 = EDGE_CURVE ( 'NONE', #11674, #5118, #7651, .T. ) ;
#11191 = EDGE_CURVE ( 'NONE', #7289, #5246, #2096, .T. ) ;
#11192 = PLANE ( 'NONE',  #245 ) ;
#11193 = CIRCLE ( 'NONE', #9345, 140.0000000000000000 ) ;
#11194 = DIRECTION ( 'NONE',  ( 0.000000000000000000, 0.000000000000000000, 1.000000000000000000 ) ) ;
#11195 = VECTOR ( 'NONE', #7191, 1000.000000000000114 ) ;
#11196 = CIRCLE ( 'NONE', #910, 74.99999999999997158 ) ;
#11197 = DIRECTION ( 'NONE',  ( -1.000000000000000000, -0.000000000000000000, -0.000000000000000000 ) ) ;
#11198 = DIRECTION ( 'NONE',  ( 1.000000000000000000, 0.000000000000000000, 0.000000000000000000 ) ) ;
#11199 = LINE ( 'NONE', #3509, #8876 ) ;
#11200 = DIRECTION ( 'NONE',  ( 0.000000000000000000, -0.7660444431189836756, -0.6427876096865327016 ) ) ;
#11201 = DIRECTION ( 'NONE',  ( -0.000000000000000000, 1.000000000000000000, 1.224646799147353207E-16 ) ) ;
#11202 = VERTEX_POINT ( 'NONE', #4813 ) ;
#11203 = ORIENTED_EDGE ( 'NONE', *, *, #6750, .F. ) ;
#11204 = DIRECTION ( 'NONE',  ( 0.000000000000000000, 0.000000000000000000, 1.000000000000000000 ) ) ;
#11205 = AXIS2_PLACEMENT_3D ( 'NONE', #10041, #7838, #1147 ) ;
#11206 = ORIENTED_EDGE ( 'NONE', *, *, #11527, .T. ) ;
#11207 = DIRECTION ( 'NONE',  ( -1.000000000000000000, 0.000000000000000000, 0.000000000000000000 ) ) ;
#11208 = EDGE_CURVE ( 'NONE', #3194, #3658, #4675, .T. ) ;
#11209 = EDGE_CURVE ( 'NONE', #4939, #11915, #1474, .T. ) ;
#11210 = DIRECTION ( 'NONE',  ( -1.000000000000000000, -0.000000000000000000, -0.000000000000000000 ) ) ;
#11211 = CARTESIAN_POINT ( 'NONE',  ( -5.150658102500008440, 29.09208377321235162, -45.22053895674364554 ) ) ;
#11212 = AXIS2_PLACEMENT_3D ( 'NONE', #5150, #11023, #5095 ) ;
#11213 = CARTESIAN_POINT ( 'NONE',  ( -4.999999999999993783, 42.04161805105322003, 165.8082026736148578 ) ) ;
#11214 = ORIENTED_EDGE ( 'NONE', *, *, #3173, .T. ) ;
#11215 = DIRECTION ( 'NONE',  ( 0.000000000000000000, 0.7660444431189792347, 0.6427876096865380307 ) ) ;
#11216 = VERTEX_POINT ( 'NONE', #601 ) ;
#11217 = ADVANCED_FACE ( 'NONE', ( #11558 ), #11438, .F. ) ;
#11218 = CARTESIAN_POINT ( 'NONE',  ( 18.24712152746310423, 3.100870548339028865, 53.71924792351221356 ) ) ;
#11219 = EDGE_LOOP ( 'NONE', ( #7722, #12443, #2282, #6455, #10245, #11677 ) ) ;
#11220 = CARTESIAN_POINT ( 'NONE',  ( 18.71398691254896818, -33.01064003313425133, -41.91017142623895353 ) ) ;
#11221 = ORIENTED_EDGE ( 'NONE', *, *, #12315, .T. ) ;
#11222 = ORIENTED_EDGE ( 'NONE', *, *, #4209, .T. ) ;
#11223 = CIRCLE ( 'NONE', #4859, 6.999999999999999112 ) ;
#11224 = EDGE_CURVE ( 'NONE', #4635, #7812, #3326, .T. ) ;
#11225 = EDGE_CURVE ( 'NONE', #11272, #9613, #11768, .T. ) ;
#11226 = DIRECTION ( 'NONE',  ( 0.000000000000000000, 0.000000000000000000, 1.000000000000000000 ) ) ;
#11227 = ADVANCED_FACE ( 'NONE', ( #2806 ), #8665, .F. ) ;
#11228 = CARTESIAN_POINT ( 'NONE',  ( 19.00000000000000355, -0.3018040478547692196, 52.99999999999999289 ) ) ;
#11229 = ORIENTED_EDGE ( 'NONE', *, *, #10113, .F. ) ;
#11230 = DIRECTION ( 'NONE',  ( 1.000000000000000000, 0.000000000000000000, 0.000000000000000000 ) ) ;
#11231 = AXIS2_PLACEMENT_3D ( 'NONE', #10169, #3448, #3507 ) ;
#11232 = EDGE_CURVE ( 'NONE', #4668, #9897, #39, .T. ) ;
#11233 = ORIENTED_EDGE ( 'NONE', *, *, #7940, .F. ) ;
#11234 = EDGE_CURVE ( 'NONE', #2637, #1745, #3129, .T. ) ;
#11235 = DIRECTION ( 'NONE',  ( 0.000000000000000000, 0.000000000000000000, 1.000000000000000000 ) ) ;
#11236 = CARTESIAN_POINT ( 'NONE',  ( -40.00000000000000000, -57.06339097770928248, 18.54101966249669786 ) ) ;
#11237 = ORIENTED_EDGE ( 'NONE', *, *, #9575, .F. ) ;
#11238 = PLANE ( 'NONE',  #7235 ) ;
#11239 = LINE ( 'NONE', #8330, #9955 ) ;
#11240 = VECTOR ( 'NONE', #10455, 1000.000000000000000 ) ;
#11241 = CARTESIAN_POINT ( 'NONE',  ( -87.20833333333341386, 0.000000000000000000, 0.000000000000000000 ) ) ;
#11242 = CYLINDRICAL_SURFACE ( 'NONE', #9129, 140.0000000000000000 ) ;
#11243 = DIRECTION ( 'NONE',  ( 0.000000000000000000, -0.7660444431189706860, 0.6427876096865481337 ) ) ;
#11244 = EDGE_LOOP ( 'NONE', ( #1543, #2280 ) ) ;
#11245 = EDGE_CURVE ( 'NONE', #3677, #4340, #5818, .T. ) ;
#11246 = CARTESIAN_POINT ( 'NONE',  ( -4.999999999999993783, 78.77373839018171964, 13.95342753719973317 ) ) ;
#11247 = DIRECTION ( 'NONE',  ( 1.000000000000000000, 0.000000000000000000, 0.000000000000000000 ) ) ;
#11248 = DIRECTION ( 'NONE',  ( 0.000000000000000000, 0.000000000000000000, 1.000000000000000000 ) ) ;
#11249 = ORIENTED_EDGE ( 'NONE', *, *, #3317, .F. ) ;
#11250 = ORIENTED_EDGE ( 'NONE', *, *, #1559, .F. ) ;
#11251 = DIRECTION ( 'NONE',  ( 0.000000000000000000, 0.8660254037844363761, -0.5000000000000039968 ) ) ;
#11252 = ORIENTED_EDGE ( 'NONE', *, *, #3257, .T. ) ;
#11253 = DIRECTION ( 'NONE',  ( 0.000000000000000000, -0.9848077530122096857, -0.1736481776669207555 ) ) ;
#11254 = CARTESIAN_POINT ( 'NONE',  ( 5.000000000000006217, -24.32078057234966550, -137.9344628748812056 ) ) ;
#11255 = CARTESIAN_POINT ( 'NONE',  ( 5.000000000000004441, 0.000000000000000000, 0.000000000000000000 ) ) ;
#11256 = DIRECTION ( 'NONE',  ( 0.000000000000000000, -0.9848077530122096857, -0.1736481776669207555 ) ) ;
#11257 = CARTESIAN_POINT ( 'NONE',  ( -4.999999999999990230, -73.58083845339869811, -119.1044088709350888 ) ) ;
#11258 = DIRECTION ( 'NONE',  ( 0.000000000000000000, 0.3420201433256694901, 0.9396926207859082059 ) ) ;
#11259 = DIRECTION ( 'NONE',  ( 1.000000000000000000, 0.000000000000000000, 0.000000000000000000 ) ) ;
#11260 = CARTESIAN_POINT ( 'NONE',  ( 5.000000000000006217, -170.5896538667299467, 12.61061916935229910 ) ) ;
#11261 = ORIENTED_EDGE ( 'NONE', *, *, #9619, .F. ) ;
#11262 = ADVANCED_FACE ( 'NONE', ( #866 ), #7817, .T. ) ;
#11263 = ORIENTED_EDGE ( 'NONE', *, *, #7185, .F. ) ;
#11264 = CARTESIAN_POINT ( 'NONE',  ( 16.48330691536802206, 53.30722396664187812, 12.63232008897415426 ) ) ;
#11265 = VERTEX_POINT ( 'NONE', #799 ) ;
#11266 = CARTESIAN_POINT ( 'NONE',  ( -5.000000000000004441, 0.000000000000000000, 0.000000000000000000 ) ) ;
#11267 = LINE ( 'NONE', #5470, #2713 ) ;
#11268 = CYLINDRICAL_SURFACE ( 'NONE', #9371, 100.0000000000000000 ) ;
#11269 = PLANE ( 'NONE',  #3693 ) ;
#11270 = ORIENTED_EDGE ( 'NONE', *, *, #2678, .F. ) ;
#11271 = DIRECTION ( 'NONE',  ( -1.000000000000000000, -0.000000000000000000, -0.000000000000000000 ) ) ;
#11272 = VERTEX_POINT ( 'NONE', #4736 ) ;
#11273 = CARTESIAN_POINT ( 'NONE',  ( -40.00000000000000000, 0.000000000000000000, 74.99999999999997158 ) ) ;
#11274 = ORIENTED_EDGE ( 'NONE', *, *, #6440, .T. ) ;
#11275 = EDGE_CURVE ( 'NONE', #2573, #9644, #1065, .T. ) ;
#11276 = DIRECTION ( 'NONE',  ( 1.000000000000000000, 0.000000000000000000, 0.000000000000000000 ) ) ;
#11277 = ORIENTED_EDGE ( 'NONE', *, *, #742, .F. ) ;
#11278 = ORIENTED_EDGE ( 'NONE', *, *, #9421, .F. ) ;
#11279 = CARTESIAN_POINT ( 'NONE',  ( 5.000000000000004441, 0.000000000000000000, 0.000000000000000000 ) ) ;
#11280 = CARTESIAN_POINT ( 'NONE',  ( -5.000000000000004441, 0.000000000000000000, 0.000000000000000000 ) ) ;
#11281 = ORIENTED_EDGE ( 'NONE', *, *, #10984, .F. ) ;
#11282 = ORIENTED_EDGE ( 'NONE', *, *, #261, .T. ) ;
#11283 = EDGE_CURVE ( 'NONE', #8387, #8430, #4786, .T. ) ;
#11284 = DIRECTION ( 'NONE',  ( 0.000000000000000000, 0.000000000000000000, 1.000000000000000000 ) ) ;
#11285 = ORIENTED_EDGE ( 'NONE', *, *, #6347, .F. ) ;
#11286 = ORIENTED_EDGE ( 'NONE', *, *, #2060, .T. ) ;
#11287 = DIRECTION ( 'NONE',  ( -1.000000000000000000, 0.000000000000000000, 0.000000000000000000 ) ) ;
#11288 = FACE_OUTER_BOUND ( 'NONE', #6379, .T. ) ;
#11289 = CARTESIAN_POINT ( 'NONE',  ( 5.000000000000005329, -139.3073234657492492, -13.90933603049090905 ) ) ;
#11290 = EDGE_CURVE ( 'NONE', #2367, #8823, #6424, .T. ) ;
#11291 = ADVANCED_FACE ( 'NONE', ( #10609 ), #8745, .F. ) ;
#11292 = DIRECTION ( 'NONE',  ( 0.000000000000000000, 0.000000000000000000, 1.000000000000000000 ) ) ;
#11293 = AXIS2_PLACEMENT_3D ( 'NONE', #3802, #628, #6630 ) ;
#11294 = DIRECTION ( 'NONE',  ( -1.000000000000000000, 0.000000000000000000, 0.000000000000000000 ) ) ;
#11295 = EDGE_LOOP ( 'NONE', ( #10158, #10137, #150 ) ) ;
#11296 = DIRECTION ( 'NONE',  ( 0.000000000000000000, 0.6785596161822446959, -0.7345453337178072806 ) ) ;
#11297 = CARTESIAN_POINT ( 'NONE',  ( -4.999999999999993783, 89.39176922837326345, -144.4171432598695333 ) ) ;
#11298 = ORIENTED_EDGE ( 'NONE', *, *, #5927, .F. ) ;
#11299 = ORIENTED_EDGE ( 'NONE', *, *, #8905, .T. ) ;
#11300 = DIRECTION ( 'NONE',  ( -1.000000000000000000, -0.000000000000000000, -0.000000000000000000 ) ) ;
#11301 = ORIENTED_EDGE ( 'NONE', *, *, #3989, .T. ) ;
#11302 = FACE_OUTER_BOUND ( 'NONE', #7726, .T. ) ;
#11303 = VECTOR ( 'NONE', #3028, 1000.000000000000000 ) ;
#11304 = EDGE_CURVE ( 'NONE', #5281, #3678, #12671, .T. ) ;
#11305 = DIRECTION ( 'NONE',  ( 0.000000000000000000, -0.6427876096865299260, 0.7660444431189857850 ) ) ;
#11306 = DIRECTION ( 'NONE',  ( 0.000000000000000000, 0.000000000000000000, 1.000000000000000000 ) ) ;
#11307 = CARTESIAN_POINT ( 'NONE',  ( -4.999999999999993783, -7.553123310770939014, 79.64264139424489031 ) ) ;
#11308 = DIRECTION ( 'NONE',  ( -1.000000000000000000, -0.000000000000000000, -0.000000000000000000 ) ) ;
#11309 = VECTOR ( 'NONE', #814, 999.9999999999998863 ) ;
#11310 = CARTESIAN_POINT ( 'NONE',  ( -4.999999999999997335, 57.06339097770900537, 18.54101966249749367 ) ) ;
#11311 = CARTESIAN_POINT ( 'NONE',  ( 5.000000000000006217, -126.7004045252647870, -113.1114811425201054 ) ) ;
#11312 = FACE_OUTER_BOUND ( 'NONE', #2667, .T. ) ;
#11313 = VERTEX_POINT ( 'NONE', #10665 ) ;
#11314 = DIRECTION ( 'NONE',  ( -1.000000000000000000, -0.000000000000000000, -0.000000000000000000 ) ) ;
#11315 = ORIENTED_EDGE ( 'NONE', *, *, #1657, .F. ) ;
#11316 = DIRECTION ( 'NONE',  ( 1.000000000000000000, 0.000000000000000000, 0.000000000000000000 ) ) ;
#11317 = EDGE_CURVE ( 'NONE', #5873, #10102, #6796, .T. ) ;
#11318 = VECTOR ( 'NONE', #5713, 1000.000000000000000 ) ;
#11319 = CARTESIAN_POINT ( 'NONE',  ( 5.000000000000006217, -24.32078057234966550, -137.9344628748812056 ) ) ;
#11320 = EDGE_CURVE ( 'NONE', #3939, #8175, #7851, .T. ) ;
#11321 = CARTESIAN_POINT ( 'NONE',  ( 20.00000000000000355, 6.429395695523600800E-15, -49.99999999999996447 ) ) ;
#11322 = FACE_OUTER_BOUND ( 'NONE', #1097, .T. ) ;
#11323 = ORIENTED_EDGE ( 'NONE', *, *, #12177, .F. ) ;
#11324 = CARTESIAN_POINT ( 'NONE',  ( -4.999999999999990230, 93.14524373458137063, 104.5177667653947253 ) ) ;
#11325 = ORIENTED_EDGE ( 'NONE', *, *, #1862, .T. ) ;
#11326 = DIRECTION ( 'NONE',  ( -1.000000000000000000, -0.000000000000000000, -0.000000000000000000 ) ) ;
#11327 = AXIS2_PLACEMENT_3D ( 'NONE', #8648, #12387, #592 ) ;
#11328 = ORIENTED_EDGE ( 'NONE', *, *, #1447, .T. ) ;
#11329 = FACE_OUTER_BOUND ( 'NONE', #5991, .T. ) ;
#11330 = AXIS2_PLACEMENT_3D ( 'NONE', #2349, #8263, #7242 ) ;
#11331 = VERTEX_POINT ( 'NONE', #11561 ) ;
#11332 = ORIENTED_EDGE ( 'NONE', *, *, #4293, .T. ) ;
#11333 = EDGE_CURVE ( 'NONE', #4602, #7925, #5212, .T. ) ;
#11334 = ORIENTED_EDGE ( 'NONE', *, *, #1381, .F. ) ;
#11335 = VECTOR ( 'NONE', #12121, 1000.000000000000114 ) ;
#11336 = ADVANCED_FACE ( 'NONE', ( #3843 ), #5844, .T. ) ;
#11337 = DIRECTION ( 'NONE',  ( 0.000000000000000000, 0.000000000000000000, 1.000000000000000000 ) ) ;
#11338 = DIRECTION ( 'NONE',  ( 0.000000000000000000, 0.000000000000000000, -1.000000000000000000 ) ) ;
#11339 = ORIENTED_EDGE ( 'NONE', *, *, #2618, .T. ) ;
#11340 = VERTEX_POINT ( 'NONE', #9776 ) ;
#11341 = LINE ( 'NONE', #4264, #4337 ) ;
#11342 = CARTESIAN_POINT ( 'NONE',  ( 15.78340076664361646, -35.92258724506071133, -41.57170339212900956 ) ) ;
#11343 = ORIENTED_EDGE ( 'NONE', *, *, #3726, .T. ) ;
#11344 = AXIS2_PLACEMENT_3D ( 'NONE', #1417, #7357, #6140 ) ;
#11345 = ORIENTED_EDGE ( 'NONE', *, *, #2768, .F. ) ;
#11346 = CIRCLE ( 'NONE', #2919, 100.0000000000000142 ) ;
#11347 = AXIS2_PLACEMENT_3D ( 'NONE', #2130, #3086, #5100 ) ;
#11348 = DIRECTION ( 'NONE',  ( -0.000000000000000000, 0.4581657725456826924, 0.8888667644071398533 ) ) ;
#11349 = FACE_OUTER_BOUND ( 'NONE', #4714, .T. ) ;
#11350 = EDGE_CURVE ( 'NONE', #3668, #6098, #937, .T. ) ;
#11351 = FACE_OUTER_BOUND ( 'NONE', #10400, .T. ) ;
#11352 = CIRCLE ( 'NONE', #9933, 140.0000000000000000 ) ;
#11353 = CIRCLE ( 'NONE', #5816, 100.0000000000002132 ) ;
#11354 = AXIS2_PLACEMENT_3D ( 'NONE', #12137, #2224, #10091 ) ;
#11355 = DIRECTION ( 'NONE',  ( 0.000000000000000000, 0.000000000000000000, 1.000000000000000000 ) ) ;
#11356 = ORIENTED_EDGE ( 'NONE', *, *, #267, .T. ) ;
#11357 = CARTESIAN_POINT ( 'NONE',  ( 5.000000000000006217, 13.95342753719945783, -78.77373839018177648 ) ) ;
#11358 = DIRECTION ( 'NONE',  ( -1.000000000000000000, 0.000000000000000000, -0.000000000000000000 ) ) ;
#11359 =( NAMED_UNIT ( * ) PLANE_ANGLE_UNIT ( ) SI_UNIT ( $, .RADIAN. ) );
#11360 = ORIENTED_EDGE ( 'NONE', *, *, #5260, .F. ) ;
#11361 = ADVANCED_FACE ( 'NONE', ( #2933, #5905, #9834, #8858, #3967, #7892, #11829 ), #11882, .F. ) ;
#11362 = ORIENTED_EDGE ( 'NONE', *, *, #3980, .F. ) ;
#11363 = DIRECTION ( 'NONE',  ( 0.000000000000000000, 0.000000000000000000, 1.000000000000000000 ) ) ;
#11364 = ORIENTED_EDGE ( 'NONE', *, *, #9673, .F. ) ;
#11365 = VECTOR ( 'NONE', #9842, 1000.000000000000000 ) ;
#11366 = AXIS2_PLACEMENT_3D ( 'NONE', #10316, #8385, #6382 ) ;
#11367 = AXIS2_PLACEMENT_3D ( 'NONE', #1443, #10228, #1386 ) ;
#11368 = DIRECTION ( 'NONE',  ( -1.000000000000000000, 0.000000000000000000, 0.000000000000000000 ) ) ;
#11369 = CIRCLE ( 'NONE', #5825, 80.00000000000000000 ) ;
#11370 = CIRCLE ( 'NONE', #10346, 100.0000000000001847 ) ;
#11371 = ADVANCED_FACE ( 'NONE', ( #6210 ), #288, .T. ) ;
#11372 = CARTESIAN_POINT ( 'NONE',  ( 34.99999999999996447, 0.000000000000000000, 0.000000000000000000 ) ) ;
#11373 = EDGE_CURVE ( 'NONE', #10711, #276, #211, .T. ) ;
#11374 = DIRECTION ( 'NONE',  ( 0.000000000000000000, 0.000000000000000000, 1.000000000000000000 ) ) ;
#11375 = VERTEX_POINT ( 'NONE', #5069 ) ;
#11376 = EDGE_CURVE ( 'NONE', #1717, #7007, #12402, .T. ) ;
#11377 = DIRECTION ( 'NONE',  ( -1.000000000000000000, -0.000000000000000000, -0.000000000000000000 ) ) ;
#11378 = CIRCLE ( 'NONE', #2537, 100.0000000000001990 ) ;
#11379 = CIRCLE ( 'NONE', #9127, 54.99999999999999289 ) ;
#11380 = DIRECTION ( 'NONE',  ( -1.000000000000000000, -0.000000000000000000, -0.000000000000000000 ) ) ;
#11381 = DIRECTION ( 'NONE',  ( -1.000000000000000000, -0.000000000000000000, -0.000000000000000000 ) ) ;
#11382 = DIRECTION ( 'NONE',  ( 0.000000000000000000, 0.1736481776669241417, -0.9848077530122090195 ) ) ;
#11383 = CIRCLE ( 'NONE', #4589, 100.0000000000000142 ) ;
#11384 = CARTESIAN_POINT ( 'NONE',  ( 5.000000000000006217, 78.77373839018171964, 13.95342753719973317 ) ) ;
#11385 = ADVANCED_FACE ( 'NONE', ( #8196 ), #460, .F. ) ;
#11386 = ORIENTED_EDGE ( 'NONE', *, *, #137, .F. ) ;
#11387 = CARTESIAN_POINT ( 'NONE',  ( -5.000000000000004441, -97.77485216734896767, -100.2001910360108354 ) ) ;
#11388 = CARTESIAN_POINT ( 'NONE',  ( 5.000000000000006217, 0.0007748487313753557506, -140.0621876725833772 ) ) ;
#11389 = VECTOR ( 'NONE', #9830, 1000.000000000000000 ) ;
#11390 = CIRCLE ( 'NONE', #3577, 100.0000000000000000 ) ;
#11391 = DIRECTION ( 'NONE',  ( 0.000000000000000000, 0.9791975930924256000, -0.2029090280938739554 ) ) ;
#11392 = CARTESIAN_POINT ( 'NONE',  ( -5.025828699911925490, 35.26711513754879945, -41.54101966249653799 ) ) ;
#11393 = CARTESIAN_POINT ( 'NONE',  ( -4.999999999999990230, -123.2750797678697410, -66.35702455825891377 ) ) ;
#11394 = ORIENTED_EDGE ( 'NONE', *, *, #7319, .T. ) ;
#11395 = DIRECTION ( 'NONE',  ( 1.000000000000000000, 0.000000000000000000, 0.000000000000000000 ) ) ;
#11396 = AXIS2_PLACEMENT_3D ( 'NONE', #4566, #10627, #2825 ) ;
#11397 = DIRECTION ( 'NONE',  ( -1.000000000000000000, -0.000000000000000000, -0.000000000000000000 ) ) ;
#11398 = ORIENTED_EDGE ( 'NONE', *, *, #8612, .T. ) ;
#11399 = EDGE_CURVE ( 'NONE', #7582, #6098, #11051, .T. ) ;
#11400 = DIRECTION ( 'NONE',  ( 0.000000000000000000, -0.8805362840562102056, -0.4739787468447093643 ) ) ;
#11401 = ORIENTED_EDGE ( 'NONE', *, *, #5469, .F. ) ;
#11402 = ORIENTED_EDGE ( 'NONE', *, *, #6221, .T. ) ;
#11403 = CARTESIAN_POINT ( 'NONE',  ( 18.83935525105433939, -32.55331070595862286, -42.08384584292154074 ) ) ;
#11404 = CIRCLE ( 'NONE', #9970, 100.0000000000001990 ) ;
#11405 = ORIENTED_EDGE ( 'NONE', *, *, #12714, .T. ) ;
#11406 = ADVANCED_FACE ( 'NONE', ( #4222 ), #10861, .F. ) ;
#11407 = ORIENTED_EDGE ( 'NONE', *, *, #11615, .T. ) ;
#11408 = ORIENTED_EDGE ( 'NONE', *, *, #7594, .T. ) ;
#11409 = CIRCLE ( 'NONE', #5864, 100.0000000000000000 ) ;
#11410 = DIRECTION ( 'NONE',  ( -1.000000000000000000, 0.000000000000000000, 0.000000000000000000 ) ) ;
#11411 = DIRECTION ( 'NONE',  ( 0.000000000000000000, 0.000000000000000000, -1.000000000000000000 ) ) ;
#11412 = ORIENTED_EDGE ( 'NONE', *, *, #642, .F. ) ;
#11413 = DIRECTION ( 'NONE',  ( 0.000000000000000000, 0.4581657725456737551, 0.8888667644071444052 ) ) ;
#11414 = ORIENTED_EDGE ( 'NONE', *, *, #356, .T. ) ;
#11415 = EDGE_CURVE ( 'NONE', #8820, #8499, #5406, .T. ) ;
#11416 = DIRECTION ( 'NONE',  ( 0.000000000000000000, 0.6427876096865353661, -0.7660444431189813441 ) ) ;
#11417 = FACE_OUTER_BOUND ( 'NONE', #12496, .T. ) ;
#11418 = AXIS2_PLACEMENT_3D ( 'NONE', #1208, #10948, #1154 ) ;
#11419 = ORIENTED_EDGE ( 'NONE', *, *, #6973, .F. ) ;
#11420 = ORIENTED_EDGE ( 'NONE', *, *, #3420, .F. ) ;
#11421 = EDGE_CURVE ( 'NONE', #12570, #4696, #10916, .T. ) ;
#11422 = DIRECTION ( 'NONE',  ( 0.000000000000000000, 0.000000000000000000, 1.000000000000000000 ) ) ;
#11423 = DIRECTION ( 'NONE',  ( -1.000000000000000000, -0.000000000000000000, -0.000000000000000000 ) ) ;
#11424 = CARTESIAN_POINT ( 'NONE',  ( 5.000000000000006217, 155.9887531452615690, -70.19520364235592069 ) ) ;
#11425 = CIRCLE ( 'NONE', #2578, 100.0000000000002132 ) ;
#11426 = DIRECTION ( 'NONE',  ( 0.000000000000000000, 0.000000000000000000, -1.000000000000000000 ) ) ;
#11427 = ORIENTED_EDGE ( 'NONE', *, *, #8642, .T. ) ;
#11428 = LINE ( 'NONE', #5697, #2896 ) ;
#11429 = DIRECTION ( 'NONE',  ( -1.000000000000000000, -0.000000000000000000, -0.000000000000000000 ) ) ;
#11430 = ORIENTED_EDGE ( 'NONE', *, *, #4647, .F. ) ;
#11431 = EDGE_CURVE ( 'NONE', #3872, #1551, #8481, .T. ) ;
#11432 = ORIENTED_EDGE ( 'NONE', *, *, #7881, .T. ) ;
#11433 = DIRECTION ( 'NONE',  ( 0.000000000000000000, 0.8412165803726526780, 0.5406983122834214672 ) ) ;
#11434 = ORIENTED_EDGE ( 'NONE', *, *, #11035, .T. ) ;
#11435 = CIRCLE ( 'NONE', #10829, 140.0000000000000000 ) ;
#11436 = CARTESIAN_POINT ( 'NONE',  ( 59.79898987322338400, 57.06339097770900537, 18.54101966249749367 ) ) ;
#11437 = CARTESIAN_POINT ( 'NONE',  ( -4.999999999999993783, -61.24334482836729165, -51.47089191217080639 ) ) ;
#11438 = CYLINDRICAL_SURFACE ( 'NONE', #8891, 7.000000000000013323 ) ;
#11439 = VERTEX_POINT ( 'NONE', #10993 ) ;
#11440 = PLANE ( 'NONE',  #5066 ) ;
#11441 = CARTESIAN_POINT ( 'NONE',  ( 15.00000000000000711, 0.000000000000000000, 0.000000000000000000 ) ) ;
#11442 = CARTESIAN_POINT ( 'NONE',  ( 4.999999999999999112, -61.24334482836729165, -51.47089191217079929 ) ) ;
#11443 = DIRECTION ( 'NONE',  ( 0.000000000000000000, 0.8660254037844363761, -0.5000000000000041078 ) ) ;
#11444 = DIRECTION ( 'NONE',  ( 0.000000000000000000, -0.8660254037844328234, 0.5000000000000102141 ) ) ;
#11445 = EDGE_CURVE ( 'NONE', #2436, #3862, #10965, .T. ) ;
#11446 = VERTEX_POINT ( 'NONE', #5262 ) ;
#11447 = DIRECTION ( 'NONE',  ( 0.000000000000000000, 0.000000000000000000, 1.000000000000000000 ) ) ;
#11448 = CARTESIAN_POINT ( 'NONE',  ( -4.999999999999993783, -12.61061916935168981, -170.5896538667299751 ) ) ;
#11449 = DIRECTION ( 'NONE',  ( 0.000000000000000000, 0.000000000000000000, 1.000000000000000000 ) ) ;
#11450 = EDGE_CURVE ( 'NONE', #2800, #4107, #10545, .T. ) ;
#11451 = EDGE_CURVE ( 'NONE', #12049, #7178, #7664, .T. ) ;
#11452 = DIRECTION ( 'NONE',  ( 0.000000000000000000, 0.6196814657516496183, -0.7848534137046784265 ) ) ;
#11453 = LINE ( 'NONE', #2879, #11728 ) ;
#11454 = CARTESIAN_POINT ( 'NONE',  ( -4.999999999999993783, -126.7004045252647870, -113.1114811425201054 ) ) ;
#11455 = ORIENTED_EDGE ( 'NONE', *, *, #10237, .F. ) ;
#11456 = DIRECTION ( 'NONE',  ( -1.000000000000000000, 0.000000000000000000, 0.000000000000000000 ) ) ;
#11457 = CARTESIAN_POINT ( 'NONE',  ( 5.000000000000004441, -104.5177667653949669, 93.14524373458101536 ) ) ;
#11458 = ORIENTED_EDGE ( 'NONE', *, *, #2386, .F. ) ;
#11459 = CARTESIAN_POINT ( 'NONE',  ( -4.999999999999993783, 70.03042279760722977, 121.2978000584459721 ) ) ;
#11460 = ORIENTED_EDGE ( 'NONE', *, *, #6305, .T. ) ;
#11461 = ORIENTED_EDGE ( 'NONE', *, *, #918, .F. ) ;
#11462 = FACE_OUTER_BOUND ( 'NONE', #3400, .T. ) ;
#11463 = ORIENTED_EDGE ( 'NONE', *, *, #11614, .F. ) ;
#11464 = EDGE_LOOP ( 'NONE', ( #308, #2604, #2786, #3225, #11298, #8436 ) ) ;
#11465 = ORIENTED_EDGE ( 'NONE', *, *, #7802, .F. ) ;
#11466 = EDGE_CURVE ( 'NONE', #1467, #10060, #8080, .T. ) ;
#11467 = CARTESIAN_POINT ( 'NONE',  ( -4.999999999999992895, -107.2462220366561780, 89.99026535611642430 ) ) ;
#11468 = CARTESIAN_POINT ( 'NONE',  ( -4.999999999999993783, -47.90336138264867571, -131.6156692209317498 ) ) ;
#11469 = ORIENTED_EDGE ( 'NONE', *, *, #2525, .F. ) ;
#11470 = CARTESIAN_POINT ( 'NONE',  ( -4.999999999999993783, -121.2970252097153292, -70.03176487497685798 ) ) ;
#11471 = ORIENTED_EDGE ( 'NONE', *, *, #7276, .T. ) ;
#11472 = FACE_OUTER_BOUND ( 'NONE', #10824, .T. ) ;
#11473 = CARTESIAN_POINT ( 'NONE',  ( 5.000000000000004441, 0.000000000000000000, 0.000000000000000000 ) ) ;
#11474 = ORIENTED_EDGE ( 'NONE', *, *, #1219, .T. ) ;
#11475 = ORIENTED_EDGE ( 'NONE', *, *, #12084, .T. ) ;
#11476 = DIRECTION ( 'NONE',  ( 0.000000000000000000, -0.9290865984476447403, 0.3698622616393634210 ) ) ;
#11477 = PLANE ( 'NONE',  #11543 ) ;
#11478 = DIRECTION ( 'NONE',  ( 0.000000000000000000, 0.000000000000000000, -1.000000000000000000 ) ) ;
#11479 = ADVANCED_FACE ( 'NONE', ( #3054 ), #2107, .F. ) ;
#11480 = CARTESIAN_POINT ( 'NONE',  ( -5.000000000000004441, 0.000000000000000000, 0.000000000000000000 ) ) ;
#11481 = ORIENTED_EDGE ( 'NONE', *, *, #1922, .T. ) ;
#11482 = CYLINDRICAL_SURFACE ( 'NONE', #10709, 100.0000000000002132 ) ;
#11483 = LINE ( 'NONE', #2600, #3803 ) ;
#11484 = EDGE_LOOP ( 'NONE', ( #7939, #6988, #1304, #6755 ) ) ;
#11485 = ORIENTED_EDGE ( 'NONE', *, *, #3023, .F. ) ;
#11486 = DIRECTION ( 'NONE',  ( 0.000000000000000000, 0.000000000000000000, 1.000000000000000000 ) ) ;
#11487 = ORIENTED_EDGE ( 'NONE', *, *, #4412, .F. ) ;
#11488 = CYLINDRICAL_SURFACE ( 'NONE', #11593, 7.000000000000013323 ) ;
#11489 = DIRECTION ( 'NONE',  ( -1.000000000000000000, -0.000000000000000000, -0.000000000000000000 ) ) ;
#11490 = EDGE_CURVE ( 'NONE', #6450, #6238, #3190, .T. ) ;
#11491 = ORIENTED_EDGE ( 'NONE', *, *, #11904, .T. ) ;
#11492 = PLANE ( 'NONE',  #5471 ) ;
#11493 = DIRECTION ( 'NONE',  ( 0.000000000000000000, 0.9848077530122086864, 0.1736481776669273613 ) ) ;
#11494 = CARTESIAN_POINT ( 'NONE',  ( 5.000000000000004441, 0.000000000000000000, 0.000000000000000000 ) ) ;
#11495 = CARTESIAN_POINT ( 'NONE',  ( 5.000000000000006217, 138.7852061507327335, 99.99262110727862307 ) ) ;
#11496 = CARTESIAN_POINT ( 'NONE',  ( -5.275441258707747494, 50.05069767746013554, 18.48478064179581892 ) ) ;
#11497 = AXIS2_PLACEMENT_3D ( 'NONE', #6748, #4551, #1837 ) ;
#11498 = ORIENTED_EDGE ( 'NONE', *, *, #4196, .T. ) ;
#11499 = DIRECTION ( 'NONE',  ( 0.000000000000000000, 0.3138744235597024645, -0.9494645049895570343 ) ) ;
#11500 = DIRECTION ( 'NONE',  ( 1.000000000000000000, 0.000000000000000000, 0.000000000000000000 ) ) ;
#11501 = DIRECTION ( 'NONE',  ( -1.000000000000000000, -0.000000000000000000, 0.000000000000000000 ) ) ;
#11502 = VECTOR ( 'NONE', #12044, 1000.000000000000000 ) ;
#11503 = EDGE_CURVE ( 'NONE', #3677, #4914, #4173, .T. ) ;
#11504 = CARTESIAN_POINT ( 'NONE',  ( 5.000000000000006217, 62.95593364063971364, -157.7458401751241013 ) ) ;
#11505 = DIRECTION ( 'NONE',  ( 0.000000000000000000, 0.000000000000000000, 1.000000000000000000 ) ) ;
#11506 = DIRECTION ( 'NONE',  ( 0.000000000000000000, -1.224646799147352714E-16, 1.000000000000000000 ) ) ;
#11507 = ORIENTED_EDGE ( 'NONE', *, *, #2997, .F. ) ;
#11508 = CARTESIAN_POINT ( 'NONE',  ( -5.000000000000004441, 13.90933603049139577, -139.3073234657491923 ) ) ;
#11509 = CARTESIAN_POINT ( 'NONE',  ( 5.000000000000006217, -119.3132105852211708, -122.5733066456633935 ) ) ;
#11510 = ORIENTED_EDGE ( 'NONE', *, *, #7590, .T. ) ;
#11511 = CARTESIAN_POINT ( 'NONE',  ( -4.999999999999993783, 77.42292273537675840, -20.14177338547628793 ) ) ;
#11512 = ORIENTED_EDGE ( 'NONE', *, *, #12158, .F. ) ;
#11513 = CARTESIAN_POINT ( 'NONE',  ( 5.000000000000005329, 57.60782338069586928, 127.5983490698001077 ) ) ;
#11514 = ORIENTED_EDGE ( 'NONE', *, *, #2154, .T. ) ;
#11515 = EDGE_CURVE ( 'NONE', #4696, #6112, #9518, .T. ) ;
#11516 = VERTEX_POINT ( 'NONE', #2583 ) ;
#11517 = CARTESIAN_POINT ( 'NONE',  ( 5.000000000000006217, -46.49499208839309006, 164.6149246967158604 ) ) ;
#11518 = EDGE_CURVE ( 'NONE', #3872, #9726, #5606, .T. ) ;
#11519 = CIRCLE ( 'NONE', #5147, 100.0000000000002132 ) ;
#11520 = ORIENTED_EDGE ( 'NONE', *, *, #7431, .F. ) ;
#11521 = DIRECTION ( 'NONE',  ( -1.000000000000000000, -0.000000000000000000, -0.000000000000000000 ) ) ;
#11522 = CARTESIAN_POINT ( 'NONE',  ( 5.000000000000004441, 0.000000000000000000, 0.000000000000000000 ) ) ;
#11523 = VECTOR ( 'NONE', #5445, 1000.000000000000114 ) ;
#11524 = ORIENTED_EDGE ( 'NONE', *, *, #6105, .F. ) ;
#11525 = CARTESIAN_POINT ( 'NONE',  ( -4.999999999999993783, -74.37371037525457496, 154.0402834560586882 ) ) ;
#11526 = AXIS2_PLACEMENT_3D ( 'NONE', #2728, #11429, #1691 ) ;
#11527 = EDGE_CURVE ( 'NONE', #6970, #12105, #7252, .T. ) ;
#11528 = ORIENTED_EDGE ( 'NONE', *, *, #12260, .T. ) ;
#11529 = DIRECTION ( 'NONE',  ( -1.000000000000000000, -0.000000000000000000, -0.000000000000000000 ) ) ;
#11530 = CARTESIAN_POINT ( 'NONE',  ( -4.999999999999993783, 27.42035973919467651, -75.15400103636414997 ) ) ;
#11531 = VERTEX_POINT ( 'NONE', #9612 ) ;
#11532 = ORIENTED_EDGE ( 'NONE', *, *, #1842, .F. ) ;
#11533 = EDGE_CURVE ( 'NONE', #390, #10580, #3617, .T. ) ;
#11534 = DIRECTION ( 'NONE',  ( 0.000000000000000000, 0.8660254037844363761, -0.5000000000000041078 ) ) ;
#11535 = VECTOR ( 'NONE', #2146, 1000.000000000000000 ) ;
#11536 = AXIS2_PLACEMENT_3D ( 'NONE', #11673, #9553, #7676 ) ;
#11537 = DIRECTION ( 'NONE',  ( 0.000000000000000000, 0.9791975930924256000, -0.2029090280938739554 ) ) ;
#11538 = CARTESIAN_POINT ( 'NONE',  ( 5.000000000000006217, -141.4296642867061848, 96.21594349147515857 ) ) ;
#11539 = LINE ( 'NONE', #2652, #11240 ) ;
#11540 = AXIS2_PLACEMENT_3D ( 'NONE', #4353, #5278, #8473 ) ;
#11541 = ORIENTED_EDGE ( 'NONE', *, *, #3078, .T. ) ;
#11542 = CARTESIAN_POINT ( 'NONE',  ( 5.000000000000006217, 121.2970252097157982, 70.03176487497601954 ) ) ;
#11543 = AXIS2_PLACEMENT_3D ( 'NONE', #8724, #4661, #6781 ) ;
#11544 = CARTESIAN_POINT ( 'NONE',  ( 5.000000000000004441, 43.94241929835921923, -132.9250306985377392 ) ) ;
#11545 = AXIS2_PLACEMENT_3D ( 'NONE', #9086, #3342, #252 ) ;
#11546 = ORIENTED_EDGE ( 'NONE', *, *, #10590, .F. ) ;
#11547 = EDGE_CURVE ( 'NONE', #6271, #12049, #11370, .T. ) ;
#11548 = VERTEX_POINT ( 'NONE', #4708 ) ;
#11549 = CARTESIAN_POINT ( 'NONE',  ( 5.000000000000006217, -119.3132105852211708, -22.57330664566338640 ) ) ;
#11550 = ORIENTED_EDGE ( 'NONE', *, *, #3388, .T. ) ;
#11551 = CARTESIAN_POINT ( 'NONE',  ( -4.999999999999677591, 4.686149805544020275, 54.79999999999945715 ) ) ;
#11552 = EDGE_CURVE ( 'NONE', #11848, #2634, #9669, .T. ) ;
#11553 = VECTOR ( 'NONE', #10073, 1000.000000000000114 ) ;
#11554 = VECTOR ( 'NONE', #10483, 1000.000000000000114 ) ;
#11555 = AXIS2_PLACEMENT_3D ( 'NONE', #6918, #5225, #10182 ) ;
#11556 = DIRECTION ( 'NONE',  ( 0.000000000000000000, 0.000000000000000000, 1.000000000000000000 ) ) ;
#11557 = AXIS2_PLACEMENT_3D ( 'NONE', #9137, #300, #7321 ) ;
#11558 = FACE_OUTER_BOUND ( 'NONE', #6256, .T. ) ;
#11559 = VERTEX_POINT ( 'NONE', #10500 ) ;
#11560 = DIRECTION ( 'NONE',  ( 0.000000000000000000, 0.9848077530122085754, 0.1736481776669274169 ) ) ;
#11561 = CARTESIAN_POINT ( 'NONE',  ( 5.000000000000006217, -57.66310238715624337, -127.7303910488292757 ) ) ;
#11562 = CARTESIAN_POINT ( 'NONE',  ( 59.79898987322338400, 57.06339097770900537, 11.54101966249747946 ) ) ;
#11563 = DIRECTION ( 'NONE',  ( 0.000000000000000000, 0.000000000000000000, 1.000000000000000000 ) ) ;
#11564 = FACE_OUTER_BOUND ( 'NONE', #9280, .T. ) ;
#11566 = CARTESIAN_POINT ( 'NONE',  ( 5.000000000000006217, -75.15400103636424944, -27.42035973919443137 ) ) ;
#11565 = AXIS2_PLACEMENT_3D ( 'NONE', #11266, #12289, #2560 ) ;
#11567 = VECTOR ( 'NONE', #8669, 1000.000000000000000 ) ;
#11568 = CIRCLE ( 'NONE', #4575, 140.0000000000000000 ) ;
#11569 = EDGE_CURVE ( 'NONE', #6922, #8028, #9938, .T. ) ;
#11570 = AXIS2_PLACEMENT_3D ( 'NONE', #4284, #10467, #5456 ) ;
#11571 = ORIENTED_EDGE ( 'NONE', *, *, #1937, .F. ) ;
#11572 = CARTESIAN_POINT ( 'NONE',  ( -25.00000000000000000, 0.000000000000000000, 45.00000000000000000 ) ) ;
#11573 = AXIS2_PLACEMENT_3D ( 'NONE', #3932, #1944, #2974 ) ;
#11574 = VECTOR ( 'NONE', #6882, 1000.000000000000000 ) ;
#11575 = DIRECTION ( 'NONE',  ( 0.000000000000000000, 0.000000000000000000, -1.000000000000000000 ) ) ;
#11576 = EDGE_CURVE ( 'NONE', #4883, #4868, #7542, .T. ) ;
#11577 = DIRECTION ( 'NONE',  ( -1.000000000000000000, -0.000000000000000000, -0.000000000000000000 ) ) ;
#11578 = VECTOR ( 'NONE', #7318, 1000.000000000000000 ) ;
#11579 = AXIS2_PLACEMENT_3D ( 'NONE', #7546, #6578, #9816 ) ;
#11580 = AXIS2_PLACEMENT_3D ( 'NONE', #5003, #7059, #8937 ) ;
#11581 = AXIS2_PLACEMENT_3D ( 'NONE', #4086, #9046, #10988 ) ;
#11582 = AXIS2_PLACEMENT_3D ( 'NONE', #10695, #7926, #1866 ) ;
#11583 = CARTESIAN_POINT ( 'NONE',  ( -5.275199811955090468, -51.35809212968019466, 14.46289113809472227 ) ) ;
#11584 = DIRECTION ( 'NONE',  ( 1.000000000000000000, 0.000000000000000000, 0.000000000000000000 ) ) ;
#11585 = CARTESIAN_POINT ( 'NONE',  ( 5.000000000000006217, -62.95593364063868336, 157.7458401751244992 ) ) ;
#11586 = ORIENTED_EDGE ( 'NONE', *, *, #10194, .F. ) ;
#11587 = CARTESIAN_POINT ( 'NONE',  ( -4.999999999999993783, -122.5733066456629672, 119.3132105852216256 ) ) ;
#11588 = PLANE ( 'NONE',  #1940 ) ;
#11589 = ORIENTED_EDGE ( 'NONE', *, *, #1350, .T. ) ;
#11590 = ORIENTED_EDGE ( 'NONE', *, *, #11209, .T. ) ;
#11591 = CARTESIAN_POINT ( 'NONE',  ( 5.000000000000004441, 0.000000000000000000, 0.000000000000000000 ) ) ;
#11592 = ORIENTED_EDGE ( 'NONE', *, *, #12450, .F. ) ;
#11593 = AXIS2_PLACEMENT_3D ( 'NONE', #11436, #2605, #7698 ) ;
#11594 = ORIENTED_EDGE ( 'NONE', *, *, #1293, .T. ) ;
#11595 = CARTESIAN_POINT ( 'NONE',  ( -4.999999999999993783, -13.92748399611343402, 139.4493146771848160 ) ) ;
#11596 = VECTOR ( 'NONE', #5424, 1000.000000000000000 ) ;
#11597 = ADVANCED_FACE ( 'NONE', ( #1802 ), #3376, .F. ) ;
#11598 = AXIS2_PLACEMENT_3D ( 'NONE', #7462, #11395, #6504 ) ;
#11599 = ORIENTED_EDGE ( 'NONE', *, *, #864, .F. ) ;
#11600 = B_SPLINE_CURVE_WITH_KNOTS ( 'NONE', 3,
 ( #4078, #8847, #12661, #927, #5112, #9951, #7996, #983, #11742, #2918, #3102, #9826 ),
 .UNSPECIFIED., .F., .F.,
 ( 4, 2, 2, 2, 2, 4 ),
 ( 0.0002889056445153004500, 0.001571787116149736584, 0.002854668587784173640, 0.004137550059418610912, 0.004778990795235832367, 0.005420431531053052955 ),
 .UNSPECIFIED. ) ;
#11601 = DIRECTION ( 'NONE',  ( -1.000000000000000000, -0.000000000000000000, 0.000000000000000000 ) ) ;
#11602 = DIRECTION ( 'NONE',  ( 0.000000000000000000, 0.9290865984476435191, -0.3698622616393665297 ) ) ;
#11603 = CIRCLE ( 'NONE', #8932, 100.0000000000000284 ) ;
#11604 = EDGE_CURVE ( 'NONE', #4292, #271, #4331, .T. ) ;
#11605 = AXIS2_PLACEMENT_3D ( 'NONE', #12497, #828, #5608 ) ;
#11606 = ORIENTED_EDGE ( 'NONE', *, *, #4911, .F. ) ;
#11608 = DIRECTION ( 'NONE',  ( 0.000000000000000000, 0.000000000000000000, 1.000000000000000000 ) ) ;
#11607 = AXIS2_PLACEMENT_3D ( 'NONE', #11696, #12734, #3903 ) ;
#11609 = ORIENTED_EDGE ( 'NONE', *, *, #5366, .T. ) ;
#11610 = CARTESIAN_POINT ( 'NONE',  ( -5.000000000000004441, 0.000000000000000000, 0.000000000000000000 ) ) ;
#11611 = CYLINDRICAL_SURFACE ( 'NONE', #5823, 80.00000000000000000 ) ;
#11612 = ORIENTED_EDGE ( 'NONE', *, *, #9961, .F. ) ;
#11613 = ORIENTED_EDGE ( 'NONE', *, *, #8149, .T. ) ;
#11614 = EDGE_CURVE ( 'NONE', #7957, #1539, #6284, .T. ) ;
#11615 = EDGE_CURVE ( 'NONE', #4860, #3939, #9551, .T. ) ;
#11616 = AXIS2_PLACEMENT_3D ( 'NONE', #10009, #11992, #2198 ) ;
#11617 = DIRECTION ( 'NONE',  ( 0.000000000000000000, 0.3420201433256630508, -0.9396926207859104263 ) ) ;
#11618 = EDGE_CURVE ( 'NONE', #4941, #7582, #1666, .T. ) ;
#11619 = LINE ( 'NONE', #7492, #433 ) ;
#11620 = CARTESIAN_POINT ( 'NONE',  ( 4.999999999999999112, 78.79545396313075400, -13.83027240313126249 ) ) ;
#11621 = ADVANCED_FACE ( 'NONE', ( #12564 ), #833, .F. ) ;
#11622 = EDGE_CURVE ( 'NONE', #5104, #8971, #6640, .T. ) ;
#11623 = PLANE ( 'NONE',  #3837 ) ;
#11624 = AXIS2_PLACEMENT_3D ( 'NONE', #6452, #9413, #12179 ) ;
#11625 = ORIENTED_EDGE ( 'NONE', *, *, #11576, .T. ) ;
#11626 = DIRECTION ( 'NONE',  ( 0.000000000000000000, 0.000000000000000000, 1.000000000000000000 ) ) ;
#11627 = DIRECTION ( 'NONE',  ( -1.000000000000000000, -0.000000000000000000, -0.000000000000000000 ) ) ;
#11628 = APPROVAL_ROLE ( '' ) ;
#11629 = EDGE_LOOP ( 'NONE', ( #1057, #12736, #11594 ) ) ;
#11630 = DIRECTION ( 'NONE',  ( 0.000000000000000000, -0.9396926207859046531, 0.3420201433256792045 ) ) ;
#11631 = ORIENTED_EDGE ( 'NONE', *, *, #2196, .T. ) ;
#11632 = FACE_OUTER_BOUND ( 'NONE', #7737, .T. ) ;
#11633 = CIRCLE ( 'NONE', #2987, 100.0000000000000000 ) ;
#11634 = CARTESIAN_POINT ( 'NONE',  ( 35.00000000000000000, 0.000000000000000000, 0.000000000000000000 ) ) ;
#11635 = DIRECTION ( 'NONE',  ( 0.000000000000000000, 0.000000000000000000, 1.000000000000000000 ) ) ;
#11636 = ADVANCED_FACE ( 'NONE', ( #6519 ), #5315, .F. ) ;
#11637 = EDGE_LOOP ( 'NONE', ( #7030, #1806, #535, #7270 ) ) ;
#11638 = CARTESIAN_POINT ( 'NONE',  ( -4.999999999999993783, 122.5733066456637772, -119.3132105852207872 ) ) ;
#11639 = DIRECTION ( 'NONE',  ( -1.000000000000000000, -0.000000000000000000, -0.000000000000000000 ) ) ;
#11640 = PLANE ( 'NONE',  #613 ) ;
#11641 = CARTESIAN_POINT ( 'NONE',  ( 5.000000000000004441, 0.000000000000000000, 0.000000000000000000 ) ) ;
#11642 = FACE_OUTER_BOUND ( 'NONE', #3800, .T. ) ;
#11643 = AXIS2_PLACEMENT_3D ( 'NONE', #11692, #865, #4677 ) ;
#11644 = CARTESIAN_POINT ( 'NONE',  ( -4.999999999999993783, -164.6149246967156898, -46.49499208839367270 ) ) ;
#11645 = ORIENTED_EDGE ( 'NONE', *, *, #11232, .T. ) ;
#11646 = DIRECTION ( 'NONE',  ( 1.000000000000000000, 0.000000000000000000, 0.000000000000000000 ) ) ;
#11647 = DIRECTION ( 'NONE',  ( 0.000000000000000000, -0.6653231695327237460, -0.7465554768956762510 ) ) ;
#11648 = CARTESIAN_POINT ( 'NONE',  ( 5.000000000000004441, -109.8794779186549846, -86.75540520523095722 ) ) ;
#11649 = AXIS2_PLACEMENT_3D ( 'NONE', #3241, #2532, #12454 ) ;
#11650 = EDGE_CURVE ( 'NONE', #10700, #1448, #10445, .T. ) ;
#11651 = CARTESIAN_POINT ( 'NONE',  ( -5.170118893492838374, -50.09519342505867456, 19.33195328634800703 ) ) ;
#11652 = DIRECTION ( 'NONE',  ( -1.000000000000000000, 0.000000000000000000, 0.000000000000000000 ) ) ;
#11653 = EDGE_CURVE ( 'NONE', #8152, #1736, #8275, .T. ) ;
#11654 = LINE ( 'NONE', #2822, #7455 ) ;
#11655 = ORIENTED_EDGE ( 'NONE', *, *, #7070, .T. ) ;
#11656 = CARTESIAN_POINT ( 'NONE',  ( -4.999999999999993783, -155.9887531452610574, 70.19520364235701493 ) ) ;
#11657 = DIRECTION ( 'NONE',  ( 0.000000000000000000, 0.000000000000000000, 1.000000000000000000 ) ) ;
#11658 = EDGE_LOOP ( 'NONE', ( #11949, #203, #2684, #7786, #11512 ) ) ;
#11659 = ORIENTED_EDGE ( 'NONE', *, *, #9408, .T. ) ;
#11660 = DIRECTION ( 'NONE',  ( -0.000000000000000000, 0.9895437273910142606, 0.1442331847429648428 ) ) ;
#11661 = ORIENTED_EDGE ( 'NONE', *, *, #4911, .T. ) ;
#11662 = B_SPLINE_CURVE_WITH_KNOTS ( 'NONE', 3,
 ( #1002, #41, #5082, #4100, #3913, #3131, #111, #6996, #8022, #7135, #11772, #4165, #8097, #2171, #10929, #12029, #11954, #6157, #11839, #6104, #6942, #9140, #6887, #3988, #10816, #9904, #10094, #1981, #7908, #6042, #3012, #4947, #10872, #5916 ),
 .UNSPECIFIED., .F., .F.,
 ( 4, 2, 2, 2, 2, 2, 2, 2, 2, 2, 2, 2, 2, 2, 2, 2, 4 ),
 ( 0.002345938856702073534, 0.003105521675582354792, 0.003865104494462635615, 0.004624687313342916439, 0.005384270132223197697, 0.006143852951103478954, 0.006903435769983759344, 0.007663018588864040602, 0.008422601407744322727, 0.009182184226624603984, 0.009941767045504885242, 0.01070134986438516650, 0.01146093268326544429, 0.01222051550214572554, 0.01298009832102600680, 0.01373968113990628806, 0.01449926395878656932 ),
 .UNSPECIFIED. ) ;
#11663 = EDGE_LOOP ( 'NONE', ( #8404, #790, #7536 ) ) ;
#11664 = DIRECTION ( 'NONE',  ( 0.000000000000000000, 0.6196814657516496183, -0.7848534137046784265 ) ) ;
#11665 = ORIENTED_EDGE ( 'NONE', *, *, #1019, .F. ) ;
#11666 = LINE ( 'NONE', #6712, #3790 ) ;
#11667 = CARTESIAN_POINT ( 'NONE',  ( 5.000000000000006217, -89.39176922837225447, 144.4171432598701870 ) ) ;
#11668 = ORIENTED_EDGE ( 'NONE', *, *, #7570, .T. ) ;
#11669 = EDGE_CURVE ( 'NONE', #404, #4403, #7866, .T. ) ;
#11670 = ORIENTED_EDGE ( 'NONE', *, *, #2356, .F. ) ;
#11671 = LINE ( 'NONE', #7855, #671 ) ;
#11672 = ORIENTED_EDGE ( 'NONE', *, *, #10427, .F. ) ;
#11673 = CARTESIAN_POINT ( 'NONE',  ( -4.999999999999993783, -46.49499208839309006, 164.6149246967158604 ) ) ;
#11674 = VERTEX_POINT ( 'NONE', #1095 ) ;
#11675 = CARTESIAN_POINT ( 'NONE',  ( 5.000000000000006217, -75.15400103636424944, -27.42035973919443137 ) ) ;
#11676 = ORIENTED_EDGE ( 'NONE', *, *, #12400, .T. ) ;
#11677 = ORIENTED_EDGE ( 'NONE', *, *, #2225, .T. ) ;
#11678 = CARTESIAN_POINT ( 'NONE',  ( 5.000000000000004441, -70.00000000000056843, -121.2435565298211202 ) ) ;
#11679 = DIRECTION ( 'NONE',  ( 0.000000000000000000, -0.6196814657516441782, 0.7848534137046827563 ) ) ;
#11680 = DIRECTION ( 'NONE',  ( 0.000000000000000000, -0.9396926207859114255, -0.3420201433256601087 ) ) ;
#11681 = ADVANCED_FACE ( 'NONE', ( #6958 ), #10836, .T. ) ;
#11682 = CARTESIAN_POINT ( 'NONE',  ( -4.999999999999993783, -21.26817393859590055, 77.12110461681440654 ) ) ;
#11683 = VERTEX_POINT ( 'NONE', #5880 ) ;
#11684 = DIRECTION ( 'NONE',  ( 0.000000000000000000, 0.9848077530122073542, -0.1736481776669339672 ) ) ;
#11685 = LINE ( 'NONE', #3631, #7213 ) ;
#11686 = ORIENTED_EDGE ( 'NONE', *, *, #2415, .F. ) ;
#11687 = DIRECTION ( 'NONE',  ( 0.000000000000000000, -0.8660254037844432595, -0.4999999999999919509 ) ) ;
#11688 = ADVANCED_FACE ( 'NONE', ( #11725 ), #5041, .T. ) ;
#11689 = DIRECTION ( 'NONE',  ( 0.000000000000000000, 0.000000000000000000, 1.000000000000000000 ) ) ;
#11690 = ADVANCED_FACE ( 'NONE', ( #2050 ), #5932, .T. ) ;
#11691 = DIRECTION ( 'NONE',  ( 0.000000000000000000, 0.000000000000000000, 1.000000000000000000 ) ) ;
#11692 = CARTESIAN_POINT ( 'NONE',  ( -5.000000000000004441, 0.000000000000000000, 0.000000000000000000 ) ) ;
#11693 = DIRECTION ( 'NONE',  ( 0.000000000000000000, 0.4999999999999949485, -0.8660254037844415942 ) ) ;
#11694 = CARTESIAN_POINT ( 'NONE',  ( -5.000000000000004441, 10.49244089340601960, 139.6062630547010315 ) ) ;
#11695 = CARTESIAN_POINT ( 'NONE',  ( 20.00000000000000355, 4.898587196589412237E-15, -39.99999999999999289 ) ) ;
#11696 = CARTESIAN_POINT ( 'NONE',  ( -5.000000000000004441, 0.000000000000000000, 0.000000000000000000 ) ) ;
#11697 = ADVANCED_FACE ( 'NONE', ( #10888 ), #5098, .F. ) ;
#11698 = CYLINDRICAL_SURFACE ( 'NONE', #2734, 100.0000000000000000 ) ;
#11699 = ORIENTED_EDGE ( 'NONE', *, *, #5985, .T. ) ;
#11700 = ORIENTED_EDGE ( 'NONE', *, *, #8078, .T. ) ;
#11701 = DIRECTION ( 'NONE',  ( -1.000000000000000000, -0.000000000000000000, -0.000000000000000000 ) ) ;
#11702 = CARTESIAN_POINT ( 'NONE',  ( -4.999999999999993783, -27.42035973919416847, 75.15400103636433471 ) ) ;
#11703 = EDGE_CURVE ( 'NONE', #12711, #7206, #4907, .T. ) ;
#11704 = PLANE ( 'NONE',  #10528 ) ;
#11705 = DIRECTION ( 'NONE',  ( 0.000000000000000000, 0.6055552987958143785, 0.7958032295111098220 ) ) ;
#11706 = CARTESIAN_POINT ( 'NONE',  ( -5.000000000000004441, 0.000000000000000000, 0.000000000000000000 ) ) ;
#11707 = CIRCLE ( 'NONE', #9652, 85.00000000000002842 ) ;
#11708 = DIRECTION ( 'NONE',  ( 0.000000000000000000, 0.000000000000000000, 1.000000000000000000 ) ) ;
#11709 = ORIENTED_EDGE ( 'NONE', *, *, #2256, .F. ) ;
#11710 = DIRECTION ( 'NONE',  ( 0.000000000000000000, 0.000000000000000000, -1.000000000000000000 ) ) ;
#11711 = CARTESIAN_POINT ( 'NONE',  ( -5.000000000000004441, -100.2001910360104802, 97.77485216734933715 ) ) ;
#11712 = ORIENTED_EDGE ( 'NONE', *, *, #12307, .T. ) ;
#11713 = ORIENTED_EDGE ( 'NONE', *, *, #10621, .F. ) ;
#11714 = DIRECTION ( 'NONE',  ( -1.000000000000000000, 0.000000000000000000, 0.000000000000000000 ) ) ;
#11715 = ORIENTED_EDGE ( 'NONE', *, *, #10252, .F. ) ;
#11716 = VERTEX_POINT ( 'NONE', #11910 ) ;
#11717 = CARTESIAN_POINT ( 'NONE',  ( 59.79898987322338400, 57.06339097770900537, 11.54101966249747946 ) ) ;
#11718 = AXIS2_PLACEMENT_3D ( 'NONE', #8172, #12098, #5930 ) ;
#11719 = ADVANCED_FACE ( 'NONE', ( #10771 ), #8895, .F. ) ;
#11720 = ORIENTED_EDGE ( 'NONE', *, *, #5477, .F. ) ;
#11721 = DIRECTION ( 'NONE',  ( 1.000000000000000000, 0.000000000000000000, 0.000000000000000000 ) ) ;
#11722 = CARTESIAN_POINT ( 'NONE',  ( -4.999999999999993783, 27.30284647801143549, 75.19677236556640310 ) ) ;
#11723 = VERTEX_POINT ( 'NONE', #1997 ) ;
#11724 = ORIENTED_EDGE ( 'NONE', *, *, #12246, .T. ) ;
#11725 = FACE_OUTER_BOUND ( 'NONE', #7942, .T. ) ;
#11726 = EDGE_LOOP ( 'NONE', ( #4765, #9402, #8580, #6276, #4322, #1398 ) ) ;
#11727 = CARTESIAN_POINT ( 'NONE',  ( 5.000000000000006217, -13.83027240313153250, -78.79545396313069716 ) ) ;
#11728 = VECTOR ( 'NONE', #7717, 1000.000000000000114 ) ;
#11729 = ORIENTED_EDGE ( 'NONE', *, *, #4286, .F. ) ;
#11730 = DIRECTION ( 'NONE',  ( -1.000000000000000000, -0.000000000000000000, -0.000000000000000000 ) ) ;
#11731 = VERTEX_POINT ( 'NONE', #6908 ) ;
#11732 = ORIENTED_EDGE ( 'NONE', *, *, #6038, .F. ) ;
#11733 = EDGE_CURVE ( 'NONE', #12228, #7620, #8718, .T. ) ;
#11734 = CARTESIAN_POINT ( 'NONE',  ( 5.000000000000006217, -53.17002841738392505, -161.3076183917393394 ) ) ;
#11735 = EDGE_CURVE ( 'NONE', #4340, #12460, #11671, .T. ) ;
#11736 = CARTESIAN_POINT ( 'NONE',  ( -4.999999999999993783, -170.1878247496343022, -17.20354699452759917 ) ) ;
#11737 = AXIS2_PLACEMENT_3D ( 'NONE', #7262, #11198, #9250 ) ;
#11738 = LINE ( 'NONE', #5166, #1711 ) ;
#11739 = CIRCLE ( 'NONE', #615, 100.0000000000001990 ) ;
#11740 = DIRECTION ( 'NONE',  ( -1.000000000000000000, -0.000000000000000000, -0.000000000000000000 ) ) ;
#11741 = ORIENTED_EDGE ( 'NONE', *, *, #10368, .T. ) ;
#11742 = CARTESIAN_POINT ( 'NONE',  ( -5.393612743317078184, 0.8532036691405598949, 53.04888808959932334 ) ) ;
#11743 = DIRECTION ( 'NONE',  ( -1.000000000000000000, 0.000000000000000000, -0.000000000000000000 ) ) ;
#11744 = ORIENTED_EDGE ( 'NONE', *, *, #8383, .T. ) ;
#11745 = AXIS2_PLACEMENT_3D ( 'NONE', #2654, #2727, #6671 ) ;
#11746 = CARTESIAN_POINT ( 'NONE',  ( -4.999999999999992895, -89.99026535611459110, 107.2462220366576986 ) ) ;
#11747 = AXIS2_PLACEMENT_3D ( 'NONE', #11610, #4513, #10505 ) ;
#11748 = DIRECTION ( 'NONE',  ( 0.000000000000000000, -0.8888667644071411855, 0.4581657725456800834 ) ) ;
#11749 = EDGE_CURVE ( 'NONE', #3483, #3549, #62, .T. ) ;
#11750 = EDGE_LOOP ( 'NONE', ( #6976, #6321, #5733, #10372 ) ) ;
#11751 = CARTESIAN_POINT ( 'NONE',  ( 5.000000000000006217, 107.2943586208340463, -90.02964525296222575 ) ) ;
#11752 = AXIS2_PLACEMENT_3D ( 'NONE', #2592, #12654, #5692 ) ;
#11753 = AXIS2_PLACEMENT_3D ( 'NONE', #5386, #3447, #2473 ) ;
#11754 = DIRECTION ( 'NONE',  ( 0.000000000000000000, 0.000000000000000000, 1.000000000000000000 ) ) ;
#11755 = DIRECTION ( 'NONE',  ( -1.000000000000000000, -0.000000000000000000, -0.000000000000000000 ) ) ;
#11756 = EDGE_CURVE ( 'NONE', #11032, #1285, #1091, .T. ) ;
#11757 = DIRECTION ( 'NONE',  ( 0.000000000000000000, -1.000000000000000000, 1.047444401652940007E-14 ) ) ;
#11758 = DIRECTION ( 'NONE',  ( -1.000000000000000000, -0.000000000000000000, -0.000000000000000000 ) ) ;
#11759 = DIRECTION ( 'NONE',  ( 0.000000000000000000, 0.4999999999999948930, -0.8660254037844415942 ) ) ;
#11760 = ORIENTED_EDGE ( 'NONE', *, *, #12558, .F. ) ;
#11761 = VERTEX_POINT ( 'NONE', #3814 ) ;
#11762 = DIRECTION ( 'NONE',  ( 0.000000000000000000, 0.000000000000000000, 1.000000000000000000 ) ) ;
#11763 = CIRCLE ( 'NONE', #6618, 140.0000000000000000 ) ;
#11764 = AXIS2_PLACEMENT_3D ( 'NONE', #815, #3657, #3915 ) ;
#11765 = CARTESIAN_POINT ( 'NONE',  ( 5.000000000000006217, -5.206971411071154243, 169.7647994192103056 ) ) ;
#11766 = CIRCLE ( 'NONE', #6831, 140.0000000000000000 ) ;
#11767 = EDGE_CURVE ( 'NONE', #1745, #9667, #7265, .T. ) ;
#11768 = CIRCLE ( 'NONE', #4988, 6.999999999999999112 ) ;
#11769 = EDGE_CURVE ( 'NONE', #2823, #2634, #967, .T. ) ;
#11770 = CYLINDRICAL_SURFACE ( 'NONE', #1064, 100.0000000000001990 ) ;
#11771 = EDGE_CURVE ( 'NONE', #4860, #11144, #2326, .T. ) ;
#11772 = CARTESIAN_POINT ( 'NONE',  ( 18.88875867981424861, 32.31944607364680877, -42.18689002821492551 ) ) ;
#11773 = VECTOR ( 'NONE', #1393, 1000.000000000000000 ) ;
#11774 = VECTOR ( 'NONE', #2035, 1000.000000000000000 ) ;
#11775 = EDGE_CURVE ( 'NONE', #665, #7142, #9745, .T. ) ;
#11776 = CIRCLE ( 'NONE', #11988, 140.0000000000000000 ) ;
#11777 = DIRECTION ( 'NONE',  ( -1.000000000000000000, -0.000000000000000000, -0.000000000000000000 ) ) ;
#11778 = DIRECTION ( 'NONE',  ( -1.000000000000000000, -0.000000000000000000, -0.000000000000000000 ) ) ;
#11779 = ORIENTED_EDGE ( 'NONE', *, *, #4119, .F. ) ;
#11780 = DIRECTION ( 'NONE',  ( -1.000000000000000000, -0.000000000000000000, -0.000000000000000000 ) ) ;
#11781 = AXIS2_PLACEMENT_3D ( 'NONE', #1744, #9235, #5546 ) ;
#11782 = VECTOR ( 'NONE', #7769, 1000.000000000000114 ) ;
#11783 = CARTESIAN_POINT ( 'NONE',  ( -4.999999999999993783, 51.47089191217101956, -61.24334482836710691 ) ) ;
#11784 = ORIENTED_EDGE ( 'NONE', *, *, #8012, .T. ) ;
#11785 = VERTEX_POINT ( 'NONE', #3875 ) ;
#11786 = CARTESIAN_POINT ( 'NONE',  ( 5.000000000000006217, -46.49499208839309006, 164.6149246967158604 ) ) ;
#11787 = ORIENTED_EDGE ( 'NONE', *, *, #2801, .T. ) ;
#11788 = DIRECTION ( 'NONE',  ( 0.000000000000000000, 0.5255774175242728941, 0.8507457776495372936 ) ) ;
#11789 = AXIS2_PLACEMENT_3D ( 'NONE', #11765, #2945, #1978 ) ;
#11790 = VECTOR ( 'NONE', #9107, 1000.000000000000000 ) ;
#11791 = AXIS2_PLACEMENT_3D ( 'NONE', #7122, #6092, #9968 ) ;
#11792 = EDGE_LOOP ( 'NONE', ( #5467, #5731, #6268 ) ) ;
#11793 = AXIS2_PLACEMENT_3D ( 'NONE', #12760, #6770, #3084 ) ;
#11794 = FACE_OUTER_BOUND ( 'NONE', #4445, .T. ) ;
#11795 = EDGE_CURVE ( 'NONE', #9796, #3549, #7792, .T. ) ;
#11796 = VERTEX_POINT ( 'NONE', #183 ) ;
#11797 = ORIENTED_EDGE ( 'NONE', *, *, #710, .T. ) ;
#11798 = DIRECTION ( 'NONE',  ( 1.000000000000000000, 0.000000000000000000, 0.000000000000000000 ) ) ;
#11799 = AXIS2_PLACEMENT_3D ( 'NONE', #8463, #6084, #10019 ) ;
#11800 = CIRCLE ( 'NONE', #10155, 140.0000000000000000 ) ;
#11801 = ORIENTED_EDGE ( 'NONE', *, *, #2308, .F. ) ;
#11802 = AXIS2_PLACEMENT_3D ( 'NONE', #3474, #7403, #4392 ) ;
#11803 = DIRECTION ( 'NONE',  ( -1.000000000000000000, -0.000000000000000000, -0.000000000000000000 ) ) ;
#11804 = ORIENTED_EDGE ( 'NONE', *, *, #1609, .T. ) ;
#11805 = CARTESIAN_POINT ( 'NONE',  ( -4.999999999999993783, -137.9344628748811488, 24.32078057235014867 ) ) ;
#11806 = AXIS2_PLACEMENT_3D ( 'NONE', #3207, #7138, #4239 ) ;
#11807 = ORIENTED_EDGE ( 'NONE', *, *, #5662, .F. ) ;
#11808 = ORIENTED_EDGE ( 'NONE', *, *, #4807, .T. ) ;
#11809 = DIRECTION ( 'NONE',  ( 0.000000000000000000, 0.1736481776669242250, -0.9848077530122091305 ) ) ;
#11810 = VECTOR ( 'NONE', #5364, 1000.000000000000000 ) ;
#11811 = CARTESIAN_POINT ( 'NONE',  ( -4.999999999999993783, -144.4171432598692491, -89.39176922837376082 ) ) ;
#11812 = AXIS2_PLACEMENT_3D ( 'NONE', #1798, #5737, #7788 ) ;
#11813 = DIRECTION ( 'NONE',  ( 0.000000000000000000, 0.1736481776669306920, 0.9848077530122080203 ) ) ;
#11814 = AXIS2_PLACEMENT_3D ( 'NONE', #12623, #2037, #12689 ) ;
#11815 = FACE_OUTER_BOUND ( 'NONE', #6509, .T. ) ;
#11816 = ORIENTED_EDGE ( 'NONE', *, *, #5700, .T. ) ;
#11817 = CARTESIAN_POINT ( 'NONE',  ( 5.000000000000005329, -113.6890130393093443, -81.69950008505409755 ) ) ;
#11818 = CARTESIAN_POINT ( 'NONE',  ( -4.999999999999993783, 74.37371037525558393, -154.0402834560582050 ) ) ;
#11819 = EDGE_CURVE ( 'NONE', #10878, #11785, #250, .T. ) ;
#11820 = APPROVAL_STATUS ( 'not_yet_approved' ) ;
#11821 = CIRCLE ( 'NONE', #6681, 140.0000000000000000 ) ;
#11822 = ORIENTED_EDGE ( 'NONE', *, *, #7907, .T. ) ;
#11823 = DIRECTION ( 'NONE',  ( 0.000000000000000000, 0.9223278869090041354, 0.3864081637724169904 ) ) ;
#11824 = DIRECTION ( 'NONE',  ( 0.000000000000000000, -0.2029090280938706248, -0.9791975930924262661 ) ) ;
#11825 = ORIENTED_EDGE ( 'NONE', *, *, #4809, .T. ) ;
#11826 = CARTESIAN_POINT ( 'NONE',  ( 18.98387767688259231, -50.61041006045959989, 15.81133022256478071 ) ) ;
#11827 = CIRCLE ( 'NONE', #11624, 100.0000000000000000 ) ;
#11828 = DIRECTION ( 'NONE',  ( 0.000000000000000000, 0.8660254037844397068, 0.4999999999999979461 ) ) ;
#11829 = FACE_BOUND ( 'NONE', #832, .T. ) ;
#11830 = CARTESIAN_POINT ( 'NONE',  ( 5.000000000000006217, -131.6151391931836372, -47.90481762191844695 ) ) ;
#11831 = LINE ( 'NONE', #4037, #6649 ) ;
#11832 = EDGE_CURVE ( 'NONE', #4021, #7245, #1399, .T. ) ;
#11833 = CYLINDRICAL_SURFACE ( 'NONE', #292, 49.99999999999998579 ) ;
#11834 = ORIENTED_EDGE ( 'NONE', *, *, #7203, .F. ) ;
#11835 = ORIENTED_EDGE ( 'NONE', *, *, #6388, .T. ) ;
#11836 = DIRECTION ( 'NONE',  ( 1.000000000000000000, 0.000000000000000000, 0.000000000000000000 ) ) ;
#11837 = AXIS2_PLACEMENT_3D ( 'NONE', #12222, #11197, #6228 ) ;
#11838 = CARTESIAN_POINT ( 'NONE',  ( -87.20833333333341386, 0.000000000000000000, 0.000000000000000000 ) ) ;
#11839 = CARTESIAN_POINT ( 'NONE',  ( 18.82634214239268644, 29.92594376027056668, -44.00985979794530323 ) ) ;
#11840 = AXIS2_PLACEMENT_3D ( 'NONE', #6872, #9833, #992 ) ;
#11841 = CARTESIAN_POINT ( 'NONE',  ( -5.025828699910058539, -35.26711513757646799, -41.54101966249704958 ) ) ;
#11842 = DIRECTION ( 'NONE',  ( 0.000000000000000000, -0.9848077530122097967, -0.1736481776669206445 ) ) ;
#11844 = ORIENTED_EDGE ( 'NONE', *, *, #2179, .T. ) ;
#11843 = ADVANCED_FACE ( 'NONE', ( #1460 ), #8506, .T. ) ;
#11845 = CARTESIAN_POINT ( 'NONE',  ( 5.000000000000006217, 56.97933123133785216, -56.15474879678021836 ) ) ;
#11846 = DIRECTION ( 'NONE',  ( 0.000000000000000000, 0.000000000000000000, 1.000000000000000000 ) ) ;
#11847 = VERTEX_POINT ( 'NONE', #2433 ) ;
#11848 = VERTEX_POINT ( 'NONE', #5345 ) ;
#11849 = CARTESIAN_POINT ( 'NONE',  ( 18.98339369367275964, 50.61273540484044986, 15.80599842093823781 ) ) ;
#11850 = ORIENTED_EDGE ( 'NONE', *, *, #7288, .T. ) ;
#11851 = CARTESIAN_POINT ( 'NONE',  ( 5.000000000000004441, 0.000000000000000000, 0.000000000000000000 ) ) ;
#11852 = AXIS2_PLACEMENT_3D ( 'NONE', #8646, #12577, #3758 ) ;
#11853 = EDGE_CURVE ( 'NONE', #11915, #8714, #12200, .T. ) ;
#11854 = EDGE_CURVE ( 'NONE', #9414, #5729, #4390, .T. ) ;
#11855 = ORIENTED_EDGE ( 'NONE', *, *, #5680, .T. ) ;
#11856 = CARTESIAN_POINT ( 'NONE',  ( 5.000000000000006217, 74.37371037525558393, -154.0402834560582050 ) ) ;
#11857 = CARTESIAN_POINT ( 'NONE',  ( 5.000000000000006217, -139.4493146771847591, -13.92748399611392252 ) ) ;
#11858 = EDGE_LOOP ( 'NONE', ( #12053, #8849, #8783, #8186 ) ) ;
#11859 = DIRECTION ( 'NONE',  ( 0.000000000000000000, -0.9848077530122096857, -0.1736481776669206722 ) ) ;
#11860 = ORIENTED_EDGE ( 'NONE', *, *, #7823, .F. ) ;
#11861 = DIRECTION ( 'NONE',  ( -1.000000000000000000, 0.000000000000000000, 0.000000000000000000 ) ) ;
#11862 = EDGE_LOOP ( 'NONE', ( #1410, #11164, #12355, #6057, #2017, #944 ) ) ;
#11863 = DIRECTION ( 'NONE',  ( 0.000000000000000000, -0.3420201433256757628, -0.9396926207859058744 ) ) ;
#11864 = ORIENTED_EDGE ( 'NONE', *, *, #3097, .T. ) ;
#11865 = ORIENTED_EDGE ( 'NONE', *, *, #3605, .F. ) ;
#11866 = CARTESIAN_POINT ( 'NONE',  ( 5.000000000000006217, -5.206971411071154243, 169.7647994192103056 ) ) ;
#11867 = EDGE_CURVE ( 'NONE', #3324, #2351, #5229, .T. ) ;
#11868 = CARTESIAN_POINT ( 'NONE',  ( 4.999999999999997335, -57.06339097770928248, 18.54101966249669786 ) ) ;
#11869 = CARTESIAN_POINT ( 'NONE',  ( -4.999999999999993783, 138.7852061507327335, 99.99262110727862307 ) ) ;
#11870 = ORIENTED_EDGE ( 'NONE', *, *, #12537, .F. ) ;
#11871 = CARTESIAN_POINT ( 'NONE',  ( 5.000000000000006217, 126.7004045252655970, 113.1114811425192528 ) ) ;
#11872 = ORIENTED_EDGE ( 'NONE', *, *, #11304, .F. ) ;
#11873 = CARTESIAN_POINT ( 'NONE',  ( 59.79898987322338400, 57.06339097770900537, 25.54101966249750788 ) ) ;
#11874 = DIRECTION ( 'NONE',  ( 0.000000000000000000, -0.1736481776669373811, -0.9848077530122069101 ) ) ;
#11875 = ORIENTED_EDGE ( 'NONE', *, *, #3853, .F. ) ;
#11876 = PLANE ( 'NONE',  #6205 ) ;
#11877 = LINE ( 'NONE', #3050, #7272 ) ;
#11878 = VERTEX_POINT ( 'NONE', #12165 ) ;
#11879 = EDGE_CURVE ( 'NONE', #11900, #10580, #8306, .T. ) ;
#11880 = CARTESIAN_POINT ( 'NONE',  ( 5.000000000000006217, -40.05413818588553454, 69.25074739081635755 ) ) ;
#11881 = CARTESIAN_POINT ( 'NONE',  ( 5.000000000000004441, 0.000000000000000000, 0.000000000000000000 ) ) ;
#11882 = PLANE ( 'NONE',  #3756 ) ;
#11883 = LINE ( 'NONE', #1182, #11941 ) ;
#11884 = DIRECTION ( 'NONE',  ( -1.000000000000000000, -0.000000000000000000, -0.000000000000000000 ) ) ;
#11885 = DIRECTION ( 'NONE',  ( 0.000000000000000000, 1.000000000000000000, -3.491481338843133355E-15 ) ) ;
#11886 = ORIENTED_EDGE ( 'NONE', *, *, #8853, .T. ) ;
#11887 = ORIENTED_EDGE ( 'NONE', *, *, #12027, .F. ) ;
#11888 = PLANE ( 'NONE',  #5213 ) ;
#11889 = CARTESIAN_POINT ( 'NONE',  ( 5.000000000000006217, -80.37303019083736899, -149.6241146709418786 ) ) ;
#11890 = EDGE_CURVE ( 'NONE', #9726, #11216, #7207, .T. ) ;
#11891 = EDGE_CURVE ( 'NONE', #540, #6121, #2738, .T. ) ;
#11892 = DIRECTION ( 'NONE',  ( 0.000000000000000000, 0.7660444431189749048, -0.6427876096865431377 ) ) ;
#11893 = CARTESIAN_POINT ( 'NONE',  ( 5.000000000000006217, 154.0402834560579777, 74.37371037525610973 ) ) ;
#11894 = CARTESIAN_POINT ( 'NONE',  ( -5.297888140443699712, -29.73695439580679789, -44.23110797410711115 ) ) ;
#11895 = FACE_OUTER_BOUND ( 'NONE', #1099, .T. ) ;
#11896 = ORIENTED_EDGE ( 'NONE', *, *, #9085, .T. ) ;
#11897 = DIRECTION ( 'NONE',  ( -1.000000000000000000, -0.000000000000000000, -0.000000000000000000 ) ) ;
#11898 = DIRECTION ( 'NONE',  ( -1.000000000000000000, -0.000000000000000000, -0.000000000000000000 ) ) ;
#11899 = EDGE_LOOP ( 'NONE', ( #4707, #7543 ) ) ;
#11900 = VERTEX_POINT ( 'NONE', #1277 ) ;
#11901 = CARTESIAN_POINT ( 'NONE',  ( -5.114118319227854315, -3.294431735103850567, 53.80891117855665584 ) ) ;
#11902 = ORIENTED_EDGE ( 'NONE', *, *, #2206, .T. ) ;
#11903 = CARTESIAN_POINT ( 'NONE',  ( -5.000000000000004441, 115.6563498860817845, -78.88985188874573851 ) ) ;
#11904 = EDGE_CURVE ( 'NONE', #11785, #3491, #3351, .T. ) ;
#11905 = ORIENTED_EDGE ( 'NONE', *, *, #6499, .F. ) ;
#11906 = AXIS2_PLACEMENT_3D ( 'NONE', #5090, #1989, #6950 ) ;
#11907 = DIRECTION ( 'NONE',  ( 0.000000000000000000, 0.1736481776669307198, 0.9848077530122080203 ) ) ;
#11908 = LINE ( 'NONE', #11857, #1218 ) ;
#11909 = ORIENTED_EDGE ( 'NONE', *, *, #7004, .F. ) ;
#11910 = CARTESIAN_POINT ( 'NONE',  ( 5.000000000000006217, 79.99997556444867541, 0.06252750026174147546 ) ) ;
#11911 = EDGE_CURVE ( 'NONE', #7081, #6134, #10112, .T. ) ;
#11912 = ORIENTED_EDGE ( 'NONE', *, *, #9000, .T. ) ;
#11913 = ADVANCED_FACE ( 'NONE', ( #11026 ), #10553, .T. ) ;
#11914 = CARTESIAN_POINT ( 'NONE',  ( 5.000000000000006217, -61.32372863323242029, 51.37509422393639369 ) ) ;
#11915 = VERTEX_POINT ( 'NONE', #1346 ) ;
#11916 = CARTESIAN_POINT ( 'NONE',  ( 5.000000000000006217, -90.03083239009171734, 107.2933624945064821 ) ) ;
#11917 = ORIENTED_EDGE ( 'NONE', *, *, #12466, .T. ) ;
#11918 = ORIENTED_EDGE ( 'NONE', *, *, #6119, .F. ) ;
#11919 = AXIS2_PLACEMENT_3D ( 'NONE', #8893, #6060, #181 ) ;
#11920 = DIRECTION ( 'NONE',  ( -1.000000000000000000, -0.000000000000000000, -0.000000000000000000 ) ) ;
#11921 = EDGE_CURVE ( 'NONE', #12049, #8175, #6036, .T. ) ;
#11922 = CARTESIAN_POINT ( 'NONE',  ( 5.000000000000006217, 170.5896538667300604, -12.61061916935111960 ) ) ;
#11923 = AXIS2_PLACEMENT_3D ( 'NONE', #372, #7460, #2567 ) ;
#11924 = VERTEX_POINT ( 'NONE', #3408 ) ;
#11925 = DIRECTION ( 'NONE',  ( 0.000000000000000000, 0.3420201433256629953, -0.9396926207859104263 ) ) ;
#11926 = VERTEX_POINT ( 'NONE', #10055 ) ;
#11927 = ADVANCED_FACE ( 'NONE', ( #374 ), #7150, .T. ) ;
#11928 = DIRECTION ( 'NONE',  ( 0.000000000000000000, -0.1736481776669172306, 0.9848077530122103518 ) ) ;
#11929 = CARTESIAN_POINT ( 'NONE',  ( 5.000000000000006217, 107.2943586208340463, -90.02964525296222575 ) ) ;
#11930 = DIRECTION ( 'NONE',  ( 0.000000000000000000, 0.000000000000000000, 1.000000000000000000 ) ) ;
#11931 = VERTEX_POINT ( 'NONE', #5412 ) ;
#11932 = DIRECTION ( 'NONE',  ( -1.000000000000000000, -0.000000000000000000, -0.000000000000000000 ) ) ;
#11933 = CARTESIAN_POINT ( 'NONE',  ( 5.000000000000006217, 61.32372863323276846, -51.37509422393597447 ) ) ;
#11934 = CIRCLE ( 'NONE', #3488, 140.0000000000000000 ) ;
#11935 = VERTEX_POINT ( 'NONE', #5291 ) ;
#11936 = CARTESIAN_POINT ( 'NONE',  ( 17.70128209754040682, -50.27838551554007296, 20.26645223322665856 ) ) ;
#11937 = CARTESIAN_POINT ( 'NONE',  ( 5.000000000000006217, -96.21594349147476066, -141.4296642867064975 ) ) ;
#11938 = CARTESIAN_POINT ( 'NONE',  ( -4.999999999999993783, 140.0621876725833772, 0.0007748487318643802616 ) ) ;
#11939 = EDGE_CURVE ( 'NONE', #9628, #3024, #6870, .T. ) ;
#11940 = DIRECTION ( 'NONE',  ( 0.000000000000000000, -0.5406983122834184696, 0.8412165803726545654 ) ) ;
#11941 = VECTOR ( 'NONE', #3901, 1000.000000000000000 ) ;
#11942 = LINE ( 'NONE', #1054, #59 ) ;
#11943 = DIRECTION ( 'NONE',  ( -1.000000000000000000, -0.000000000000000000, 0.000000000000000000 ) ) ;
#11944 = AXIS2_PLACEMENT_3D ( 'NONE', #6924, #10853, #5058 ) ;
#11945 = ORIENTED_EDGE ( 'NONE', *, *, #604, .T. ) ;
#11946 = EDGE_CURVE ( 'NONE', #7144, #8647, #7678, .T. ) ;
#11947 = VERTEX_POINT ( 'NONE', #11324 ) ;
#11948 = CARTESIAN_POINT ( 'NONE',  ( -4.999999999999993783, 13.83027240313206896, 78.79545396313061190 ) ) ;
#11949 = ORIENTED_EDGE ( 'NONE', *, *, #3541, .F. ) ;
#11950 = DIRECTION ( 'NONE',  ( -1.000000000000000000, -0.000000000000000000, -0.000000000000000000 ) ) ;
#11951 = CARTESIAN_POINT ( 'NONE',  ( 5.000000000000006217, -57.66310238715624337, -127.7303910488292757 ) ) ;
#11952 = AXIS2_PLACEMENT_3D ( 'NONE', #186, #9026, #1160 ) ;
#11953 = CIRCLE ( 'NONE', #428, 100.0000000000000000 ) ;
#11954 = CARTESIAN_POINT ( 'NONE',  ( 18.95163650565101676, 30.43934437409209082, -43.46604451160668958 ) ) ;
#11955 = EDGE_CURVE ( 'NONE', #3324, #7128, #12618, .T. ) ;
#11956 = DIRECTION ( 'NONE',  ( -1.000000000000000000, 0.000000000000000000, 0.000000000000000000 ) ) ;
#11957 = CARTESIAN_POINT ( 'NONE',  ( 4.999999999999999112, -34.33700186351199335, 72.25628210076392577 ) ) ;
#11958 = ORIENTED_EDGE ( 'NONE', *, *, #3696, .F. ) ;
#11959 = FACE_OUTER_BOUND ( 'NONE', #6290, .T. ) ;
#11961 = VECTOR ( 'NONE', #7503, 1000.000000000000114 ) ;
#11960 = CYLINDRICAL_SURFACE ( 'NONE', #8741, 100.0000000000001990 ) ;
#11962 = ORIENTED_EDGE ( 'NONE', *, *, #9961, .T. ) ;
#11963 = CIRCLE ( 'NONE', #8879, 44.99999999999995737 ) ;
#11964 = EDGE_CURVE ( 'NONE', #330, #909, #4185, .T. ) ;
#11965 = VERTEX_POINT ( 'NONE', #7650 ) ;
#11966 = CARTESIAN_POINT ( 'NONE',  ( 5.000000000000005329, 127.5983490698006904, -57.60782338069458319 ) ) ;
#11967 = VECTOR ( 'NONE', #10000, 1000.000000000000000 ) ;
#11968 = ORIENTED_EDGE ( 'NONE', *, *, #12004, .T. ) ;
#11969 = LINE ( 'NONE', #11020, #4368 ) ;
#11970 = CIRCLE ( 'NONE', #9919, 140.0000000000000000 ) ;
#11971 = CIRCLE ( 'NONE', #8680, 100.0000000000002132 ) ;
#11972 = VECTOR ( 'NONE', #4555, 1000.000000000000000 ) ;
#11973 = AXIS2_PLACEMENT_3D ( 'NONE', #7704, #4678, #6741 ) ;
#11974 = DIRECTION ( 'NONE',  ( 0.000000000000000000, 0.9396926207859093161, 0.3420201433256662704 ) ) ;
#11975 = CARTESIAN_POINT ( 'NONE',  ( -4.999999999999993783, 107.2943586208340463, -90.02964525296222575 ) ) ;
#11976 = ORIENTED_EDGE ( 'NONE', *, *, #3173, .F. ) ;
#11977 = DIRECTION ( 'NONE',  ( -1.000000000000000000, -0.000000000000000000, -0.000000000000000000 ) ) ;
#11978 = ORIENTED_EDGE ( 'NONE', *, *, #269, .F. ) ;
#11979 = CARTESIAN_POINT ( 'NONE',  ( 5.000000000000006217, -61.24334482836729165, -51.47089191217080639 ) ) ;
#11980 = ORIENTED_EDGE ( 'NONE', *, *, #126, .T. ) ;
#11981 = ADVANCED_FACE ( 'NONE', ( #1588 ), #8367, .F. ) ;
#11982 = CARTESIAN_POINT ( 'NONE',  ( -4.999999999999993783, -33.28012403207798542, -72.74911232729583332 ) ) ;
#11983 = ORIENTED_EDGE ( 'NONE', *, *, #9505, .T. ) ;
#11984 = VECTOR ( 'NONE', #11788, 1000.000000000000114 ) ;
#11985 = VECTOR ( 'NONE', #4912, 1000.000000000000114 ) ;
#11986 = EDGE_LOOP ( 'NONE', ( #9804, #7958, #5689, #12247 ) ) ;
#11987 = AXIS2_PLACEMENT_3D ( 'NONE', #12087, #4103, #5972 ) ;
#11988 = AXIS2_PLACEMENT_3D ( 'NONE', #6103, #7132, #8020 ) ;
#11989 = VECTOR ( 'NONE', #9471, 1000.000000000000000 ) ;
#11990 = AXIS2_PLACEMENT_3D ( 'NONE', #1323, #4159, #2353 ) ;
#11991 = CARTESIAN_POINT ( 'NONE',  ( 5.000000000000006217, -154.0402834560585177, -74.37371037525505812 ) ) ;
#11992 = DIRECTION ( 'NONE',  ( -1.000000000000000000, 0.000000000000000000, 0.000000000000000000 ) ) ;
#11993 = CIRCLE ( 'NONE', #882, 100.0000000000002132 ) ;
#11994 = AXIS2_PLACEMENT_3D ( 'NONE', #3089, #6912, #7154 ) ;
#11995 = CIRCLE ( 'NONE', #6231, 100.0000000000000142 ) ;
#11996 = ORIENTED_EDGE ( 'NONE', *, *, #3251, .F. ) ;
#11997 = VECTOR ( 'NONE', #4852, 1000.000000000000000 ) ;
#11998 = CARTESIAN_POINT ( 'NONE',  ( -4.999999999999997335, 0.000000000000000000, 60.00000000000000000 ) ) ;
#11999 = ORIENTED_EDGE ( 'NONE', *, *, #10663, .F. ) ;
#12000 = FACE_OUTER_BOUND ( 'NONE', #914, .T. ) ;
#12001 = DIRECTION ( 'NONE',  ( -1.000000000000000000, -0.000000000000000000, -0.000000000000000000 ) ) ;
#12002 = EDGE_CURVE ( 'NONE', #11012, #11147, #10161, .T. ) ;
#12003 = DIRECTION ( 'NONE',  ( 0.000000000000000000, -0.9895437273910152598, -0.1442331847429579039 ) ) ;
#12004 = EDGE_CURVE ( 'NONE', #6951, #10842, #11383, .T. ) ;
#12005 = ORIENTED_EDGE ( 'NONE', *, *, #4930, .F. ) ;
#12006 = FACE_OUTER_BOUND ( 'NONE', #7548, .T. ) ;
#12007 = ADVANCED_FACE ( 'NONE', ( #759 ), #7583, .T. ) ;
#12008 = DIRECTION ( 'NONE',  ( 0.000000000000000000, 0.000000000000000000, 1.000000000000000000 ) ) ;
#12009 = VECTOR ( 'NONE', #10966, 1000.000000000000114 ) ;
#12010 = AXIS2_PLACEMENT_3D ( 'NONE', #12225, #5211, #11200 ) ;
#12011 = EDGE_CURVE ( 'NONE', #5362, #10118, #9326, .T. ) ;
#12012 = ADVANCED_FACE ( 'NONE', ( #8618 ), #562, .F. ) ;
#12013 = CARTESIAN_POINT ( 'NONE',  ( -4.999999999999990230, 104.5177667653956917, -93.14524373458036166 ) ) ;
#12014 = CARTESIAN_POINT ( 'NONE',  ( -4.999999999999993783, 154.0402834560579777, 74.37371037525610973 ) ) ;
#12015 = VECTOR ( 'NONE', #4788, 1000.000000000000000 ) ;
#12016 = DIRECTION ( 'NONE',  ( -1.000000000000000000, -0.000000000000000000, -0.000000000000000000 ) ) ;
#12017 = FACE_OUTER_BOUND ( 'NONE', #5190, .T. ) ;
#12018 = DIRECTION ( 'NONE',  ( 0.000000000000000000, 0.000000000000000000, 1.000000000000000000 ) ) ;
#12019 = CARTESIAN_POINT ( 'NONE',  ( 5.000000000000004441, 0.000000000000000000, 0.000000000000000000 ) ) ;
#12020 = CIRCLE ( 'NONE', #11607, 140.0000000000000000 ) ;
#12021 = EDGE_LOOP ( 'NONE', ( #3907, #333, #2785, #5895 ) ) ;
#12022 = ORIENTED_EDGE ( 'NONE', *, *, #10542, .T. ) ;
#12023 = FACE_OUTER_BOUND ( 'NONE', #2980, .T. ) ;
#12024 = EDGE_LOOP ( 'NONE', ( #4685, #12677, #4120, #12435, #11233, #61 ) ) ;
#12025 = CARTESIAN_POINT ( 'NONE',  ( -4.999999999999993783, 39.94583737856329719, 69.31327489107731310 ) ) ;
#12026 = AXIS2_PLACEMENT_3D ( 'NONE', #5865, #4895, #9910 ) ;
#12027 = EDGE_CURVE ( 'NONE', #11947, #3051, #3659, .T. ) ;
#12028 = CARTESIAN_POINT ( 'NONE',  ( -4.999999999999993783, -70.03042279760637712, -121.2978000584464837 ) ) ;
#12029 = CARTESIAN_POINT ( 'NONE',  ( 18.97666866116170681, 30.62823449100419992, -43.29267039607740486 ) ) ;
#12030 = CARTESIAN_POINT ( 'NONE',  ( -5.333681409684980501, -32.55801715767675120, -42.07436388422127749 ) ) ;
#12031 = DIRECTION ( 'NONE',  ( 1.000000000000000000, 0.000000000000000000, 0.000000000000000000 ) ) ;
#12032 = LINE ( 'NONE', #2293, #1101 ) ;
#12033 = AXIS2_PLACEMENT_3D ( 'NONE', #8183, #4133, #8053 ) ;
#12034 = DIRECTION ( 'NONE',  ( 1.000000000000000000, 0.000000000000000000, 0.000000000000000000 ) ) ;
#12035 = EDGE_LOOP ( 'NONE', ( #12258, #11655, #2484 ) ) ;
#12036 = VERTEX_POINT ( 'NONE', #10429 ) ;
#12037 = CARTESIAN_POINT ( 'NONE',  ( -5.325855068902711764, -1.702075773909434542, 53.19637343244563255 ) ) ;
#12038 = ORIENTED_EDGE ( 'NONE', *, *, #8406, .T. ) ;
#12039 = DIRECTION ( 'NONE',  ( 0.000000000000000000, 0.1736481776669242250, -0.9848077530122091305 ) ) ;
#12040 = ADVANCED_FACE ( 'NONE', ( #3718 ), #7394, .F. ) ;
#12041 = CARTESIAN_POINT ( 'NONE',  ( 5.000000000000004441, 0.000000000000000000, 0.000000000000000000 ) ) ;
#12042 = EDGE_CURVE ( 'NONE', #7845, #12711, #885, .T. ) ;
#12043 = DIRECTION ( 'NONE',  ( -1.000000000000000000, 0.000000000000000000, 0.000000000000000000 ) ) ;
#12044 = DIRECTION ( 'NONE',  ( -1.000000000000000000, -0.000000000000000000, -0.000000000000000000 ) ) ;
#12045 = ORIENTED_EDGE ( 'NONE', *, *, #10562, .T. ) ;
#12046 = CARTESIAN_POINT ( 'NONE',  ( -87.20833333333341386, 9.797174393178826052E-15, -80.00000000000000000 ) ) ;
#12047 = ORIENTED_EDGE ( 'NONE', *, *, #2948, .T. ) ;
#12048 = CARTESIAN_POINT ( 'NONE',  ( 18.38872174342431975, 2.859697465593036725, 53.60462801429401480 ) ) ;
#12049 = VERTEX_POINT ( 'NONE', #11508 ) ;
#12050 = PLANE ( 'NONE',  #5835 ) ;
#12051 = AXIS2_PLACEMENT_3D ( 'NONE', #11881, #3116, #10991 ) ;
#12052 = EDGE_LOOP ( 'NONE', ( #9729, #1655, #4516, #5413, #6562, #7466 ) ) ;
#12053 = ORIENTED_EDGE ( 'NONE', *, *, #9719, .T. ) ;
#12054 = ADVANCED_FACE ( 'NONE', ( #1787 ), #6702, .T. ) ;
#12055 = CARTESIAN_POINT ( 'NONE',  ( 5.000000000000006217, -137.9341937727409118, -24.32230672642538138 ) ) ;
#12057 = DIRECTION ( 'NONE',  ( 0.000000000000000000, 0.6427876096865404731, 0.7660444431189770143 ) ) ;
#12056 = AXIS2_PLACEMENT_3D ( 'NONE', #2456, #5261, #8391 ) ;
#12058 = ORIENTED_EDGE ( 'NONE', *, *, #5080, .F. ) ;
#12059 = CARTESIAN_POINT ( 'NONE',  ( -4.999999999999993783, 126.7004045252655970, 113.1114811425192528 ) ) ;
#12060 = ORIENTED_EDGE ( 'NONE', *, *, #8333, .F. ) ;
#12061 = CYLINDRICAL_SURFACE ( 'NONE', #6812, 100.0000000000001847 ) ;
#12062 = DIRECTION ( 'NONE',  ( -1.000000000000000000, -0.000000000000000000, -0.000000000000000000 ) ) ;
#12063 = VERTEX_POINT ( 'NONE', #9401 ) ;
#12064 = DIRECTION ( 'NONE',  ( 0.000000000000000000, 0.000000000000000000, 1.000000000000000000 ) ) ;
#12065 = CARTESIAN_POINT ( 'NONE',  ( 5.000000000000006217, -24.32078057234966550, -137.9344628748812056 ) ) ;
#12066 = DIRECTION ( 'NONE',  ( -1.000000000000000000, -0.000000000000000000, -0.000000000000000000 ) ) ;
#12067 = EDGE_CURVE ( 'NONE', #638, #2049, #4564, .T. ) ;
#12068 = CARTESIAN_POINT ( 'NONE',  ( 20.00000000000000355, 40.00000000000003553, 0.000000000000000000 ) ) ;
#12069 = EDGE_CURVE ( 'NONE', #4850, #131, #4610, .T. ) ;
#12070 = CARTESIAN_POINT ( 'NONE',  ( 14.99999999999997158, 4.686149805543990965, 54.79999999999999716 ) ) ;
#12071 = DIRECTION ( 'NONE',  ( 0.000000000000000000, 0.3698622616393602569, 0.9290865984476459616 ) ) ;
#12072 = DIRECTION ( 'NONE',  ( -1.000000000000000000, -0.000000000000000000, -0.000000000000000000 ) ) ;
#12073 = CARTESIAN_POINT ( 'NONE',  ( 5.000000000000006217, -61.24334482836729165, -51.47089191217080639 ) ) ;
#12074 = DIRECTION ( 'NONE',  ( 0.000000000000000000, -0.6427876096865299260, 0.7660444431189858960 ) ) ;
#12075 = ADVANCED_FACE ( 'NONE', ( #9454 ), #12426, .F. ) ;
#12076 = ORIENTED_EDGE ( 'NONE', *, *, #5277, .T. ) ;
#12077 = EDGE_CURVE ( 'NONE', #2058, #2800, #2625, .T. ) ;
#12078 = EDGE_LOOP ( 'NONE', ( #10039, #3527 ) ) ;
#12079 = DIRECTION ( 'NONE',  ( -1.000000000000000000, -0.000000000000000000, -0.000000000000000000 ) ) ;
#12080 = ORIENTED_EDGE ( 'NONE', *, *, #10788, .T. ) ;
#12081 = DIRECTION ( 'NONE',  ( 0.000000000000000000, 0.1736481776669241694, -0.9848077530122092416 ) ) ;
#12082 = CARTESIAN_POINT ( 'NONE',  ( 5.000000000000006217, -24.32078057234966550, -137.9344628748812056 ) ) ;
#12083 = CARTESIAN_POINT ( 'NONE',  ( 5.000000000000006217, 5.206971411072333744, -169.7647994192103056 ) ) ;
#12084 = EDGE_CURVE ( 'NONE', #1376, #8570, #281, .T. ) ;
#12085 = DIRECTION ( 'NONE',  ( 1.000000000000000000, 0.000000000000000000, 0.000000000000000000 ) ) ;
#12086 = DIRECTION ( 'NONE',  ( -1.000000000000000000, -0.000000000000000000, -0.000000000000000000 ) ) ;
#12087 = CARTESIAN_POINT ( 'NONE',  ( -4.999999999999993783, -46.49499208839309006, 164.6149246967158604 ) ) ;
#12088 = DIRECTION ( 'NONE',  ( -1.000000000000000000, 0.000000000000000000, 0.000000000000000000 ) ) ;
#12089 = LINE ( 'NONE', #494, #11195 ) ;
#12090 = ORIENTED_EDGE ( 'NONE', *, *, #316, .F. ) ;
#12091 = ADVANCED_FACE ( 'NONE', ( #7001 ), #954, .F. ) ;
#12092 = ORIENTED_EDGE ( 'NONE', *, *, #10717, .T. ) ;
#12093 = DIRECTION ( 'NONE',  ( -1.000000000000000000, 0.000000000000000000, 0.000000000000000000 ) ) ;
#12094 = VERTEX_POINT ( 'NONE', #1849 ) ;
#12095 = DIRECTION ( 'NONE',  ( 0.000000000000000000, 0.9396926207859093161, 0.3420201433256663259 ) ) ;
#12096 = DIRECTION ( 'NONE',  ( -1.000000000000000000, -0.000000000000000000, -0.000000000000000000 ) ) ;
#12097 = LINE ( 'NONE', #1274, #12658 ) ;
#12098 = DIRECTION ( 'NONE',  ( -1.000000000000000000, -0.000000000000000000, -0.000000000000000000 ) ) ;
#12099 = ORIENTED_EDGE ( 'NONE', *, *, #10199, .F. ) ;
#12100 = DIRECTION ( 'NONE',  ( -1.000000000000000000, -0.000000000000000000, -0.000000000000000000 ) ) ;
#12101 = VERTEX_POINT ( 'NONE', #4835 ) ;
#12102 = CARTESIAN_POINT ( 'NONE',  ( -40.00000000000000000, 0.000000000000000000, 0.000000000000000000 ) ) ;
#12103 = ORIENTED_EDGE ( 'NONE', *, *, #4811, .T. ) ;
#12104 = CARTESIAN_POINT ( 'NONE',  ( 15.50945660080706823, -28.42487844103247951, -47.06231384687044539 ) ) ;
#12105 = VERTEX_POINT ( 'NONE', #10749 ) ;
#12106 = ORIENTED_EDGE ( 'NONE', *, *, #6100, .T. ) ;
#12107 = EDGE_CURVE ( 'NONE', #6112, #10304, #6893, .T. ) ;
#12108 = CARTESIAN_POINT ( 'NONE',  ( -4.999999999999993783, 34.60692065529546113, 135.8029720483192762 ) ) ;
#12109 = CARTESIAN_POINT ( 'NONE',  ( 5.000000000000006217, 99.99262110727813990, -138.7852061507330745 ) ) ;
#12110 = EDGE_LOOP ( 'NONE', ( #4968, #2995, #11098, #6032, #10332, #7412 ) ) ;
#12111 = DIRECTION ( 'NONE',  ( -1.000000000000000000, -0.000000000000000000, -0.000000000000000000 ) ) ;
#12112 = ORIENTED_EDGE ( 'NONE', *, *, #5326, .F. ) ;
#12113 = EDGE_CURVE ( 'NONE', #12659, #9494, #11390, .T. ) ;
#12114 = CARTESIAN_POINT ( 'NONE',  ( -5.000000000000004441, 0.000000000000000000, 0.000000000000000000 ) ) ;
#12115 = AXIS2_PLACEMENT_3D ( 'NONE', #11572, #10476, #2616 ) ;
#12116 = DIRECTION ( 'NONE',  ( -1.000000000000000000, -0.000000000000000000, -0.000000000000000000 ) ) ;
#12117 = VERTEX_POINT ( 'NONE', #8763 ) ;
#12118 = EDGE_CURVE ( 'NONE', #230, #4602, #3994, .T. ) ;
#12119 = CARTESIAN_POINT ( 'NONE',  ( 5.000000000000004441, 132.9250306985381371, 43.94241929835789762 ) ) ;
#12120 = LINE ( 'NONE', #1366, #4394 ) ;
#12121 = DIRECTION ( 'NONE',  ( 0.000000000000000000, -0.8805362840562135363, -0.4739787468447031471 ) ) ;
#12122 = AXIS2_PLACEMENT_3D ( 'NONE', #3338, #8419, #6436 ) ;
#12123 = CARTESIAN_POINT ( 'NONE',  ( 16.88416255045490999, -50.47499875281018689, 20.90712790329855153 ) ) ;
#12124 = LINE ( 'NONE', #286, #10620 ) ;
#12125 = DIRECTION ( 'NONE',  ( 1.000000000000000000, 0.000000000000000000, 0.000000000000000000 ) ) ;
#12126 = LINE ( 'NONE', #1373, #2061 ) ;
#12127 = PLANE ( 'NONE',  #7822 ) ;
#12128 = CARTESIAN_POINT ( 'NONE',  ( 5.000000000000006217, 99.99262110727813990, -138.7852061507330745 ) ) ;
#12129 = ORIENTED_EDGE ( 'NONE', *, *, #5693, .T. ) ;
#12130 = CIRCLE ( 'NONE', #812, 140.0000000000000000 ) ;
#12131 = EDGE_CURVE ( 'NONE', #4670, #3722, #5020, .T. ) ;
#12132 = ORIENTED_EDGE ( 'NONE', *, *, #10452, .T. ) ;
#12133 = LINE ( 'NONE', #6291, #6641 ) ;
#12134 = VERTEX_POINT ( 'NONE', #817 ) ;
#12135 = DIRECTION ( 'NONE',  ( -1.000000000000000000, 0.000000000000000000, 0.000000000000000000 ) ) ;
#12136 = DIRECTION ( 'NONE',  ( 0.000000000000000000, 0.000000000000000000, 1.000000000000000000 ) ) ;
#12137 = CARTESIAN_POINT ( 'NONE',  ( 5.000000000000006217, 12.61061916935282667, 170.5896538667299183 ) ) ;
#12138 = EDGE_CURVE ( 'NONE', #9611, #12711, #4052, .T. ) ;
#12139 = AXIS2_PLACEMENT_3D ( 'NONE', #12600, #7514, #10470 ) ;
#12140 = AXIS2_PLACEMENT_3D ( 'NONE', #5446, #9376, #4417 ) ;
#12141 = LINE ( 'NONE', #3314, #4632 ) ;
#12142 = DIRECTION ( 'NONE',  ( -1.000000000000000000, -0.000000000000000000, -0.000000000000000000 ) ) ;
#12143 = DIRECTION ( 'NONE',  ( -1.000000000000000000, -0.000000000000000000, -0.000000000000000000 ) ) ;
#12144 = DIRECTION ( 'NONE',  ( 0.000000000000000000, 0.6653231695327214146, 0.7465554768956782494 ) ) ;
#12145 = CARTESIAN_POINT ( 'NONE',  ( -5.000000000000004441, -81.69950008505374228, 113.6890130393096143 ) ) ;
#12146 = ADVANCED_FACE ( 'NONE', ( #3016 ), #2882, .F. ) ;
#12147 = ORIENTED_EDGE ( 'NONE', *, *, #9093, .F. ) ;
#12148 = EDGE_CURVE ( 'NONE', #7586, #7081, #12746, .T. ) ;
#12149 = EDGE_LOOP ( 'NONE', ( #2322, #627, #6590, #4550 ) ) ;
#12150 = CARTESIAN_POINT ( 'NONE',  ( 17.25947306692427219, 52.91156060237371861, 12.90451315206742322 ) ) ;
#12151 = ADVANCED_FACE ( 'NONE', ( #890 ), #6946, .F. ) ;
#12152 = VERTEX_POINT ( 'NONE', #7777 ) ;
#12153 = CARTESIAN_POINT ( 'NONE',  ( -12.99999999999999822, 0.000000000000000000, 140.0000000000000000 ) ) ;
#12154 = CIRCLE ( 'NONE', #5373, 100.0000000000002132 ) ;
#12155 = CIRCLE ( 'NONE', #10724, 140.0000000000000000 ) ;
#12156 = EDGE_CURVE ( 'NONE', #10986, #2767, #10168, .T. ) ;
#12157 = CARTESIAN_POINT ( 'NONE',  ( -34.99999999999996447, 0.000000000000000000, 0.000000000000000000 ) ) ;
#12158 = EDGE_CURVE ( 'NONE', #496, #12569, #9337, .T. ) ;
#12159 = EDGE_CURVE ( 'NONE', #663, #9670, #8818, .T. ) ;
#12160 = CARTESIAN_POINT ( 'NONE',  ( 5.000000000000006217, -34.60721386647372100, 166.2815095599044071 ) ) ;
#12161 = AXIS2_PLACEMENT_3D ( 'NONE', #5125, #11884, #1972 ) ;
#12162 = AXIS2_PLACEMENT_3D ( 'NONE', #4269, #8193, #3485 ) ;
#12163 = CARTESIAN_POINT ( 'NONE',  ( 5.000000000000006217, -13.92748399611343402, 139.4493146771848160 ) ) ;
#12164 = VERTEX_POINT ( 'NONE', #4894 ) ;
#12165 = CARTESIAN_POINT ( 'NONE',  ( -5.000000000000004441, -134.7756013461976181, -37.88848481756455300 ) ) ;
#12166 = AXIS2_PLACEMENT_3D ( 'NONE', #10956, #1946, #4969 ) ;
#12167 = ORIENTED_EDGE ( 'NONE', *, *, #2818, .F. ) ;
#12168 = CARTESIAN_POINT ( 'NONE',  ( -4.999999999999993783, -34.33700186351199335, 72.25628210076391156 ) ) ;
#12169 = ORIENTED_EDGE ( 'NONE', *, *, #11415, .T. ) ;
#12170 = CARTESIAN_POINT ( 'NONE',  ( -4.999999999999993783, -126.2760119032857489, -60.78202852981916493 ) ) ;
#12171 = ORIENTED_EDGE ( 'NONE', *, *, #12613, .T. ) ;
#12172 = ORIENTED_EDGE ( 'NONE', *, *, #32, .T. ) ;
#12173 = VECTOR ( 'NONE', #11664, 1000.000000000000000 ) ;
#12174 = AXIS2_PLACEMENT_3D ( 'NONE', #10904, #7875, #6003 ) ;
#12175 = VECTOR ( 'NONE', #429, 1000.000000000000114 ) ;
#12176 = AXIS2_PLACEMENT_3D ( 'NONE', #1704, #1627, #9579 ) ;
#12177 = EDGE_CURVE ( 'NONE', #1345, #7957, #9908, .T. ) ;
#12178 = CARTESIAN_POINT ( 'NONE',  ( -5.000000000000004441, 0.000000000000000000, 0.000000000000000000 ) ) ;
#12179 = DIRECTION ( 'NONE',  ( 0.000000000000000000, -0.9396926207859115365, -0.3420201433256601642 ) ) ;
#12180 = ORIENTED_EDGE ( 'NONE', *, *, #11421, .F. ) ;
#12181 = CARTESIAN_POINT ( 'NONE',  ( 5.000000000000004441, 0.000000000000000000, 0.000000000000000000 ) ) ;
#12182 = VECTOR ( 'NONE', #4181, 999.9999999999998863 ) ;
#12183 = VECTOR ( 'NONE', #9643, 1000.000000000000000 ) ;
#12184 = AXIS2_PLACEMENT_3D ( 'NONE', #6108, #114, #11842 ) ;
#12185 = ORIENTED_EDGE ( 'NONE', *, *, #11191, .T. ) ;
#12186 = CIRCLE ( 'NONE', #3537, 100.0000000000002132 ) ;
#12187 = FACE_OUTER_BOUND ( 'NONE', #3739, .T. ) ;
#12188 = PLANE ( 'NONE',  #2116 ) ;
#12189 = AXIS2_PLACEMENT_3D ( 'NONE', #7129, #12274, #2466 ) ;
#12190 = ORIENTED_EDGE ( 'NONE', *, *, #12316, .F. ) ;
#12191 = DIRECTION ( 'NONE',  ( 0.000000000000000000, -0.9290865984476460726, 0.3698622616393603124 ) ) ;
#12192 = DIRECTION ( 'NONE',  ( 0.000000000000000000, 0.000000000000000000, 1.000000000000000000 ) ) ;
#12193 = AXIS2_PLACEMENT_3D ( 'NONE', #7770, #2817, #9786 ) ;
#12194 = CARTESIAN_POINT ( 'NONE',  ( 5.000000000000004441, 0.000000000000000000, 0.000000000000000000 ) ) ;
#12195 = VECTOR ( 'NONE', #7741, 999.9999999999998863 ) ;
#12196 = CIRCLE ( 'NONE', #5614, 100.0000000000000000 ) ;
#12197 = ADVANCED_FACE ( 'NONE', ( #1075 ), #6756, .F. ) ;
#12198 = AXIS2_PLACEMENT_3D ( 'NONE', #8451, #4524, #12380 ) ;
#12199 = CARTESIAN_POINT ( 'NONE',  ( 15.30675582010437630, -50.66979716487472984, 21.39092460064531664 ) ) ;
#12200 = CIRCLE ( 'NONE', #5014, 140.0000000000000000 ) ;
#12201 = ADVANCED_FACE ( 'NONE', ( #1008 ), #8875, .F. ) ;
#12202 = DIRECTION ( 'NONE',  ( 0.000000000000000000, 0.8660254037844363761, -0.5000000000000039968 ) ) ;
#12203 = DIRECTION ( 'NONE',  ( 0.000000000000000000, 0.9848077530122085754, 0.1736481776669273891 ) ) ;
#12204 = ORIENTED_EDGE ( 'NONE', *, *, #7512, .T. ) ;
#12205 = DIRECTION ( 'NONE',  ( 0.000000000000000000, 0.7660444431189749048, -0.6427876096865430267 ) ) ;
#12206 = DIRECTION ( 'NONE',  ( 0.000000000000000000, 0.000000000000000000, 1.000000000000000000 ) ) ;
#12207 = CIRCLE ( 'NONE', #3355, 100.0000000000000284 ) ;
#12208 = CIRCLE ( 'NONE', #4183, 54.99999999999999289 ) ;
#12209 = EDGE_LOOP ( 'NONE', ( #12566, #6708 ) ) ;
#12210 = VECTOR ( 'NONE', #7731, 1000.000000000000000 ) ;
#12211 = EDGE_LOOP ( 'NONE', ( #135, #4507, #9683 ) ) ;
#12212 = DIRECTION ( 'NONE',  ( -1.000000000000000000, -0.000000000000000000, -0.000000000000000000 ) ) ;
#12213 = VERTEX_POINT ( 'NONE', #419 ) ;
#12214 = CIRCLE ( 'NONE', #2133, 100.0000000000000000 ) ;
#12215 = DIRECTION ( 'NONE',  ( -1.000000000000000000, -0.000000000000000000, -0.000000000000000000 ) ) ;
#12216 = CARTESIAN_POINT ( 'NONE',  ( 40.00000000000000711, 0.000000000000000000, 60.00000000000000000 ) ) ;
#12217 = VECTOR ( 'NONE', #392, 1000.000000000000114 ) ;
#12218 = CYLINDRICAL_SURFACE ( 'NONE', #4363, 100.0000000000000000 ) ;
#12219 = AXIS2_PLACEMENT_3D ( 'NONE', #6547, #5520, #11444 ) ;
#12220 = EDGE_CURVE ( 'NONE', #2767, #2800, #9543, .T. ) ;
#12221 = VECTOR ( 'NONE', #5392, 1000.000000000000114 ) ;
#12222 = CARTESIAN_POINT ( 'NONE',  ( 12.99999999999999822, 0.000000000000000000, 0.000000000000000000 ) ) ;
#12223 = PLANE ( 'NONE',  #9884 ) ;
#12224 = LINE ( 'NONE', #3393, #1699 ) ;
#12225 = CARTESIAN_POINT ( 'NONE',  ( -4.999999999999993783, -165.8082026736149714, 42.04161805105262317 ) ) ;
#12226 = CARTESIAN_POINT ( 'NONE',  ( 59.79898987322338400, -57.06339097770928248, 18.54101966249669786 ) ) ;
#12227 = ORIENTED_EDGE ( 'NONE', *, *, #5164, .T. ) ;
#12228 = VERTEX_POINT ( 'NONE', #2229 ) ;
#12229 = PLANE ( 'NONE',  #4506 ) ;
#12230 = CIRCLE ( 'NONE', #9977, 100.0000000000000000 ) ;
#12231 = ORIENTED_EDGE ( 'NONE', *, *, #11191, .F. ) ;
#12232 = DIRECTION ( 'NONE',  ( 0.000000000000000000, -0.1736481776669373256, -0.9848077530122067991 ) ) ;
#12233 = CIRCLE ( 'NONE', #5648, 140.0000000000000000 ) ;
#12234 = CARTESIAN_POINT ( 'NONE',  ( 5.000000000000006217, -126.7004045252647870, -13.11148114251990648 ) ) ;
#12235 = EDGE_CURVE ( 'NONE', #3276, #7898, #6879, .T. ) ;
#12236 = CARTESIAN_POINT ( 'NONE',  ( -5.407679893358340095, 30.70926476599953858, -43.22451708941154180 ) ) ;
#12237 = AXIS2_PLACEMENT_3D ( 'NONE', #7599, #906, #964 ) ;
#12238 = DIRECTION ( 'NONE',  ( 0.000000000000000000, -0.04765018403449001322, 0.9988640848291018282 ) ) ;
#12239 = ORIENTED_EDGE ( 'NONE', *, *, #8677, .T. ) ;
#12240 = DIRECTION ( 'NONE',  ( -1.000000000000000000, -0.000000000000000000, -0.000000000000000000 ) ) ;
#12241 = ORIENTED_EDGE ( 'NONE', *, *, #2208, .T. ) ;
#12242 = DIRECTION ( 'NONE',  ( -1.000000000000000000, -0.000000000000000000, -0.000000000000000000 ) ) ;
#12243 = ORIENTED_EDGE ( 'NONE', *, *, #4679, .T. ) ;
#12244 = CARTESIAN_POINT ( 'NONE',  ( 18.69648513063269490, -29.62368802554818359, -44.39227269403686904 ) ) ;
#12245 = VERTEX_POINT ( 'NONE', #6302 ) ;
#12246 = EDGE_CURVE ( 'NONE', #4464, #12228, #12633, .T. ) ;
#12247 = ORIENTED_EDGE ( 'NONE', *, *, #9010, .T. ) ;
#12248 = EDGE_CURVE ( 'NONE', #10118, #5411, #12214, .T. ) ;
#12249 = AXIS2_PLACEMENT_3D ( 'NONE', #7147, #10238, #503 ) ;
#12250 = CARTESIAN_POINT ( 'NONE',  ( 5.000000000000004441, 0.000000000000000000, 0.000000000000000000 ) ) ;
#12251 = CARTESIAN_POINT ( 'NONE',  ( 5.000000000000004441, 0.000000000000000000, 0.000000000000000000 ) ) ;
#12252 = ORIENTED_EDGE ( 'NONE', *, *, #517, .T. ) ;
#12253 = FACE_OUTER_BOUND ( 'NONE', #10641, .T. ) ;
#12254 = CIRCLE ( 'NONE', #7116, 140.0000000000000000 ) ;
#12255 = ORIENTED_EDGE ( 'NONE', *, *, #8299, .F. ) ;
#12256 = DIRECTION ( 'NONE',  ( 1.000000000000000000, 0.000000000000000000, 0.000000000000000000 ) ) ;
#12257 = DIRECTION ( 'NONE',  ( 1.000000000000000000, 0.000000000000000000, 0.000000000000000000 ) ) ;
#12258 = ORIENTED_EDGE ( 'NONE', *, *, #4072, .T. ) ;
#12259 = EDGE_LOOP ( 'NONE', ( #11808, #2576, #11709, #2 ) ) ;
#12260 = EDGE_CURVE ( 'NONE', #539, #4478, #1935, .T. ) ;
#12261 = CARTESIAN_POINT ( 'NONE',  ( -4.999999999999992895, -137.8730854217093054, -24.31074487336938716 ) ) ;
#12262 = DIRECTION ( 'NONE',  ( 0.000000000000000000, -0.9848077530122062440, 0.1736481776669404620 ) ) ;
#12263 = CIRCLE ( 'NONE', #10008, 49.99999999999998579 ) ;
#12264 = LINE ( 'NONE', #7360, #2285 ) ;
#12265 = DIRECTION ( 'NONE',  ( -1.000000000000000000, -0.000000000000000000, 0.000000000000000000 ) ) ;
#12266 = DIRECTION ( 'NONE',  ( 1.000000000000000000, 0.000000000000000000, 0.000000000000000000 ) ) ;
#12267 = ORIENTED_EDGE ( 'NONE', *, *, #1204, .T. ) ;
#12268 = CARTESIAN_POINT ( 'NONE',  ( -4.999999999999993783, -13.95342753719890716, 78.77373839018187596 ) ) ;
#12269 = CARTESIAN_POINT ( 'NONE',  ( -5.000000000000004441, -57.60782338069500241, -127.5983490698004914 ) ) ;
#12270 = DATE_TIME_ROLE ( 'creation_date' ) ;
#12271 = EDGE_LOOP ( 'NONE', ( #8700, #4591, #3848, #10763 ) ) ;
#12272 = EDGE_CURVE ( 'NONE', #4532, #2039, #10097, .T. ) ;
#12273 = VERTEX_POINT ( 'NONE', #10229 ) ;
#12274 = DIRECTION ( 'NONE',  ( -1.000000000000000000, 0.000000000000000000, 0.000000000000000000 ) ) ;
#12275 = VERTEX_POINT ( 'NONE', #3318 ) ;
#12276 = DIRECTION ( 'NONE',  ( -1.000000000000000000, 0.000000000000000000, 0.000000000000000000 ) ) ;
#12277 = EDGE_CURVE ( 'NONE', #12431, #8617, #9252, .T. ) ;
#12278 = DIRECTION ( 'NONE',  ( 1.000000000000000000, 0.000000000000000000, 0.000000000000000000 ) ) ;
#12279 = FACE_OUTER_BOUND ( 'NONE', #7605, .T. ) ;
#12280 = CARTESIAN_POINT ( 'NONE',  ( -4.999999999999993783, -122.5733066456629672, 119.3132105852216256 ) ) ;
#12281 = CARTESIAN_POINT ( 'NONE',  ( 5.000000000000006217, -0.06252750026095044156, 79.99997556444867541 ) ) ;
#12282 = CARTESIAN_POINT ( 'NONE',  ( 5.000000000000004441, 0.000000000000000000, 0.000000000000000000 ) ) ;
#12283 = CARTESIAN_POINT ( 'NONE',  ( 5.000000000000006217, 154.0402834560579777, 74.37371037525610973 ) ) ;
#12284 = CARTESIAN_POINT ( 'NONE',  ( -4.999999999999993783, -126.7004045252647870, -113.1114811425201054 ) ) ;
#12285 = EDGE_LOOP ( 'NONE', ( #11091, #1468, #7439 ) ) ;
#12286 = VERTEX_POINT ( 'NONE', #4105 ) ;
#12287 = DIRECTION ( 'NONE',  ( 0.000000000000000000, 0.9396926207859093161, 0.3420201433256662704 ) ) ;
#12288 = EDGE_LOOP ( 'NONE', ( #10435, #5053, #12343, #6252, #9258, #8504 ) ) ;
#12289 = DIRECTION ( 'NONE',  ( -1.000000000000000000, -0.000000000000000000, -0.000000000000000000 ) ) ;
#12290 = EDGE_CURVE ( 'NONE', #7797, #4693, #8287, .T. ) ;
#12291 = DIRECTION ( 'NONE',  ( -1.000000000000000000, -0.000000000000000000, -0.000000000000000000 ) ) ;
#12292 = CARTESIAN_POINT ( 'NONE',  ( -5.100399698737446919, 28.91187962763511976, -45.57985959640620166 ) ) ;
#12293 = DIRECTION ( 'NONE',  ( -1.000000000000000000, -0.000000000000000000, -0.000000000000000000 ) ) ;
#12294 = VERTEX_POINT ( 'NONE', #7264 ) ;
#12295 = CARTESIAN_POINT ( 'NONE',  ( -5.000000000000004441, 0.000000000000000000, 0.000000000000000000 ) ) ;
#12296 = ORIENTED_EDGE ( 'NONE', *, *, #5028, .F. ) ;
#12297 = CARTESIAN_POINT ( 'NONE',  ( 5.000000000000006217, -139.4493146771847591, -13.92748399611392252 ) ) ;
#12298 = EDGE_LOOP ( 'NONE', ( #2960, #9128, #11025 ) ) ;
#12299 = CARTESIAN_POINT ( 'NONE',  ( -4.999999999999874767, 53.56599702107406102, 12.47733798284974860 ) ) ;
#12300 = ORIENTED_EDGE ( 'NONE', *, *, #4828, .T. ) ;
#12301 = EDGE_LOOP ( 'NONE', ( #8900, #6442, #10439, #406, #1961, #4041 ) ) ;
#12302 = EDGE_CURVE ( 'NONE', #10820, #5046, #2750, .T. ) ;
#12303 = VERTEX_POINT ( 'NONE', #362 ) ;
#12304 = CARTESIAN_POINT ( 'NONE',  ( -4.999999999999993783, -51.47089191217059323, 61.24334482836746929 ) ) ;
#12305 = DIRECTION ( 'NONE',  ( 0.000000000000000000, 0.000000000000000000, 1.000000000000000000 ) ) ;
#12306 = EDGE_CURVE ( 'NONE', #1736, #8290, #7074, .T. ) ;
#12307 = EDGE_CURVE ( 'NONE', #6513, #1996, #1508, .T. ) ;
#12308 = ORIENTED_EDGE ( 'NONE', *, *, #7378, .T. ) ;
#12309 = ORIENTED_EDGE ( 'NONE', *, *, #10466, .F. ) ;
#12310 = DIRECTION ( 'NONE',  ( 0.000000000000000000, -0.4581657725456738106, -0.8888667644071444052 ) ) ;
#12311 = CARTESIAN_POINT ( 'NONE',  ( 5.000000000000006217, 45.40727495052054508, 65.86485695397685447 ) ) ;
#12312 = VERTEX_POINT ( 'NONE', #9012 ) ;
#12313 = ORIENTED_EDGE ( 'NONE', *, *, #11290, .F. ) ;
#12314 = ADVANCED_FACE ( 'NONE', ( #7190 ), #6110, .T. ) ;
#12315 = EDGE_CURVE ( 'NONE', #8921, #8513, #12032, .T. ) ;
#12316 = EDGE_CURVE ( 'NONE', #6670, #7341, #4821, .T. ) ;
#12317 = PLANE ( 'NONE',  #2756 ) ;
#12318 = EDGE_CURVE ( 'NONE', #4000, #5246, #4398, .T. ) ;
#12319 = FACE_OUTER_BOUND ( 'NONE', #4316, .T. ) ;
#12320 = CARTESIAN_POINT ( 'NONE',  ( 15.61263916250506689, -50.65368804533991920, 21.35552682946851988 ) ) ;
#12321 = ADVANCED_FACE ( 'NONE', ( #11959 ), #3140, .T. ) ;
#12322 = AXIS2_PLACEMENT_3D ( 'NONE', #6610, #5777, #9707 ) ;
#12323 = CARTESIAN_POINT ( 'NONE',  ( -5.000000000000004441, 0.000000000000000000, 0.000000000000000000 ) ) ;
#12324 = VERTEX_POINT ( 'NONE', #8215 ) ;
#12325 = DIRECTION ( 'NONE',  ( 0.000000000000000000, 0.7660444431189749048, -0.6427876096865430267 ) ) ;
#12326 = CARTESIAN_POINT ( 'NONE',  ( -4.999999999999993783, -154.0402834560585177, -74.37371037525505812 ) ) ;
#12327 = MECHANICAL_CONTEXT ( 'NONE', #4645, 'mechanical' ) ;
#12328 = EDGE_LOOP ( 'NONE', ( #9419, #4180, #1574 ) ) ;
#12329 = ORIENTED_EDGE ( 'NONE', *, *, #9639, .T. ) ;
#12330 = CARTESIAN_POINT ( 'NONE',  ( 5.000000000000004441, 0.000000000000000000, 0.000000000000000000 ) ) ;
#12331 = ORIENTED_EDGE ( 'NONE', *, *, #1561, .F. ) ;
#12332 = FACE_OUTER_BOUND ( 'NONE', #6530, .T. ) ;
#12333 = CIRCLE ( 'NONE', #804, 100.0000000000002132 ) ;
#12334 = FACE_OUTER_BOUND ( 'NONE', #6506, .T. ) ;
#12335 = ADVANCED_FACE ( 'NONE', ( #3590 ), #1518, .F. ) ;
#12336 = ORIENTED_EDGE ( 'NONE', *, *, #184, .T. ) ;
#12337 = DIRECTION ( 'NONE',  ( 0.000000000000000000, -0.9848077530122062440, 0.1736481776669404620 ) ) ;
#12338 = DIRECTION ( 'NONE',  ( -1.000000000000000000, -0.000000000000000000, -0.000000000000000000 ) ) ;
#12339 = CIRCLE ( 'NONE', #9672, 100.0000000000002132 ) ;
#12340 = CARTESIAN_POINT ( 'NONE',  ( 5.000000000000006217, 78.77373839018171964, 13.95342753719973317 ) ) ;
#12341 = CARTESIAN_POINT ( 'NONE',  ( 5.000000000000004441, -137.0876630329395027, 28.40726393314283271 ) ) ;
#12342 = CARTESIAN_POINT ( 'NONE',  ( -5.417466655866735259, 50.47137203910094883, 16.17641459848977448 ) ) ;
#12343 = ORIENTED_EDGE ( 'NONE', *, *, #3592, .F. ) ;
#12344 = CARTESIAN_POINT ( 'NONE',  ( 59.79898987322338400, -57.06339097770928248, 11.54101966249669964 ) ) ;
#12345 = DIRECTION ( 'NONE',  ( 1.000000000000000000, 0.000000000000000000, 0.000000000000000000 ) ) ;
#12346 = AXIS2_PLACEMENT_3D ( 'NONE', #11441, #2669, #10610 ) ;
#12347 = CYLINDRICAL_SURFACE ( 'NONE', #8257, 100.0000000000000000 ) ;
#12348 = AXIS2_PLACEMENT_3D ( 'NONE', #1617, #11627, #4724 ) ;
#12349 = ADVANCED_FACE ( 'NONE', ( #4548 ), #3452, .F. ) ;
#12350 = LINE ( 'NONE', #430, #3818 ) ;
#12351 = LINE ( 'NONE', #3462, #10283 ) ;
#12352 = EDGE_CURVE ( 'NONE', #8639, #8124, #901, .T. ) ;
#12353 = ORIENTED_EDGE ( 'NONE', *, *, #3270, .F. ) ;
#12354 = CARTESIAN_POINT ( 'NONE',  ( -4.999999999999993783, 47.90336138264957100, 131.6156692209314372 ) ) ;
#12355 = ORIENTED_EDGE ( 'NONE', *, *, #5164, .F. ) ;
#12356 = FACE_OUTER_BOUND ( 'NONE', #6759, .T. ) ;
#12357 = CIRCLE ( 'NONE', #11327, 100.0000000000000142 ) ;
#12358 = ORIENTED_EDGE ( 'NONE', *, *, #2599, .T. ) ;
#12359 = ORIENTED_EDGE ( 'NONE', *, *, #4510, .T. ) ;
#12360 = CARTESIAN_POINT ( 'NONE',  ( 16.25187137975478535, -28.46588103088766886, -46.88151010543717945 ) ) ;
#12361 = CIRCLE ( 'NONE', #4967, 140.0000000000000000 ) ;
#12362 = ORIENTED_EDGE ( 'NONE', *, *, #4121, .T. ) ;
#12363 = VERTEX_POINT ( 'NONE', #6488 ) ;
#12364 = ORIENTED_EDGE ( 'NONE', *, *, #3904, .F. ) ;
#12365 = CIRCLE ( 'NONE', #224, 140.0000000000000000 ) ;
#12366 = FACE_OUTER_BOUND ( 'NONE', #838, .T. ) ;
#12367 = CIRCLE ( 'NONE', #9711, 100.0000000000001990 ) ;
#12368 = CARTESIAN_POINT ( 'NONE',  ( -4.999999999999997335, 35.26711513754881366, -48.54101966249653799 ) ) ;
#12369 = EDGE_LOOP ( 'NONE', ( #7795, #1202, #9225, #2645, #3951, #6837, #1950, #293, #6892, #2391, #14, #7151, #5950, #4397, #8915, #11645, #5061, #972, #12358, #6447, #7734, #5218, #12695, #8781, #10781, #10, #5787, #8422, #2967, #11498, #11402, #1360, #4950, #8638, #9214, #12628, #3868, #9364, #7533, #273, #584, #83, #12185, #424, #5174, #11474, #2873, #2943, #7156, #6928, #8426, #6193, #1189, #12491, #1405, #2497, #9720 ) ) ;
#12370 = ADVANCED_FACE ( 'NONE', ( #12475 ), #8602, .T. ) ;
#12371 = ORIENTED_EDGE ( 'NONE', *, *, #10799, .T. ) ;
#12372 = CARTESIAN_POINT ( 'NONE',  ( -4.999999999999993783, -24.32230672642489822, 137.9341937727410254 ) ) ;
#12373 = LINE ( 'NONE', #5493, #8281 ) ;
#12374 = ORIENTED_EDGE ( 'NONE', *, *, #10618, .F. ) ;
#12375 = VERTEX_POINT ( 'NONE', #10357 ) ;
#12376 = VECTOR ( 'NONE', #9338, 1000.000000000000000 ) ;
#12377 = AXIS2_PLACEMENT_3D ( 'NONE', #12706, #2052, #10698 ) ;
#12378 = DIRECTION ( 'NONE',  ( 0.000000000000000000, 0.1265246573978889844, 0.9919634625682272056 ) ) ;
#12379 = CARTESIAN_POINT ( 'NONE',  ( 5.000000000000006217, -155.9887531452610574, 70.19520364235701493 ) ) ;
#12380 = DIRECTION ( 'NONE',  ( 0.000000000000000000, 0.000000000000000000, 1.000000000000000000 ) ) ;
#12381 = AXIS2_PLACEMENT_3D ( 'NONE', #9530, #5170, #7222 ) ;
#12382 = AXIS2_PLACEMENT_3D ( 'NONE', #673, #2739, #11691 ) ;
#12383 = EDGE_CURVE ( 'NONE', #4475, #6572, #3645, .T. ) ;
#12384 = CIRCLE ( 'NONE', #4590, 100.0000000000002132 ) ;
#12385 = DIRECTION ( 'NONE',  ( -1.000000000000000000, 0.000000000000000000, -0.000000000000000000 ) ) ;
#12386 = ORIENTED_EDGE ( 'NONE', *, *, #7301, .T. ) ;
#12387 = DIRECTION ( 'NONE',  ( -1.000000000000000000, 0.000000000000000000, 0.000000000000000000 ) ) ;
#12388 = DIRECTION ( 'NONE',  ( 0.000000000000000000, 0.000000000000000000, 1.000000000000000000 ) ) ;
#12389 = APPROVAL_DATE_TIME ( #7424, #11061 ) ;
#12390 = EDGE_CURVE ( 'NONE', #12548, #1037, #5631, .T. ) ;
#12391 = EDGE_LOOP ( 'NONE', ( #1432, #5337, #1392 ) ) ;
#12392 = ORIENTED_EDGE ( 'NONE', *, *, #7840, .F. ) ;
#12393 = DIRECTION ( 'NONE',  ( -1.000000000000000000, 0.000000000000000000, -0.000000000000000000 ) ) ;
#12394 = ORIENTED_EDGE ( 'NONE', *, *, #1992, .T. ) ;
#12395 = CIRCLE ( 'NONE', #5205, 100.0000000000001847 ) ;
#12396 = EDGE_CURVE ( 'NONE', #4989, #9667, #1319, .T. ) ;
#12397 = CIRCLE ( 'NONE', #11170, 140.0000000000000000 ) ;
#12398 = CIRCLE ( 'NONE', #2720, 100.0000000000000000 ) ;
#12399 = CARTESIAN_POINT ( 'NONE',  ( 59.79898987322338400, 8.572527594031473190E-16, 53.00000000000000000 ) ) ;
#12400 = EDGE_CURVE ( 'NONE', #761, #11202, #7571, .T. ) ;
#12401 = CIRCLE ( 'NONE', #883, 140.0000000000000000 ) ;
#12402 = CIRCLE ( 'NONE', #6223, 100.0000000000002132 ) ;
#12403 = AXIS2_PLACEMENT_3D ( 'NONE', #9783, #11701, #1977 ) ;
#12404 = DIRECTION ( 'NONE',  ( -1.000000000000000000, 0.000000000000000000, 0.000000000000000000 ) ) ;
#12405 = DIRECTION ( 'NONE',  ( -1.000000000000000000, 0.000000000000000000, -0.000000000000000000 ) ) ;
#12406 = EDGE_LOOP ( 'NONE', ( #3442, #2596, #4592, #11571, #11270, #11844 ) ) ;
#12407 = DIRECTION ( 'NONE',  ( -1.000000000000000000, -0.000000000000000000, -0.000000000000000000 ) ) ;
#12408 = CIRCLE ( 'NONE', #3356, 100.0000000000000000 ) ;
#12409 = VECTOR ( 'NONE', #6919, 1000.000000000000114 ) ;
#12410 = DIRECTION ( 'NONE',  ( 0.000000000000000000, 0.5000000000000009992, 0.8660254037844380415 ) ) ;
#12411 = DIRECTION ( 'NONE',  ( 0.000000000000000000, 0.000000000000000000, 1.000000000000000000 ) ) ;
#12412 = DIRECTION ( 'NONE',  ( -1.000000000000000000, 0.000000000000000000, 0.000000000000000000 ) ) ;
#12413 = AXIS2_PLACEMENT_3D ( 'NONE', #1021, #11798, #9809 ) ;
#12414 = CARTESIAN_POINT ( 'NONE',  ( -4.999999999999874767, 53.56599702107406102, 12.47733798284974860 ) ) ;
#12415 = ORIENTED_EDGE ( 'NONE', *, *, #3873, .F. ) ;
#12416 = FACE_OUTER_BOUND ( 'NONE', #9176, .T. ) ;
#12417 = DIRECTION ( 'NONE',  ( -1.000000000000000000, -0.000000000000000000, -0.000000000000000000 ) ) ;
#12418 = EDGE_CURVE ( 'NONE', #7835, #4953, #2342, .T. ) ;
#12419 = AXIS2_PLACEMENT_3D ( 'NONE', #6582, #1556, #11534 ) ;
#12420 = AXIS2_PLACEMENT_3D ( 'NONE', #2366, #3261, #3453 ) ;
#12421 = AXIS2_PLACEMENT_3D ( 'NONE', #9344, #2495, #6438 ) ;
#12422 = DIRECTION ( 'NONE',  ( -1.000000000000000000, -0.000000000000000000, -0.000000000000000000 ) ) ;
#12423 = CARTESIAN_POINT ( 'NONE',  ( -5.422868461328829603, 31.17095216483445697, -42.85083096815888126 ) ) ;
#12424 = CYLINDRICAL_SURFACE ( 'NONE', #10493, 100.0000000000001990 ) ;
#12425 = ORIENTED_EDGE ( 'NONE', *, *, #5876, .F. ) ;
#12426 = CYLINDRICAL_SURFACE ( 'NONE', #683, 100.0000000000000000 ) ;
#12427 = CIRCLE ( 'NONE', #6884, 100.0000000000002132 ) ;
#12428 = CARTESIAN_POINT ( 'NONE',  ( -4.999999999999993783, 69.25074739081651387, 40.05413818588529296 ) ) ;
#12429 = ORIENTED_EDGE ( 'NONE', *, *, #11122, .T. ) ;
#12430 = DIRECTION ( 'NONE',  ( 0.000000000000000000, -0.7958032295111074905, 0.6055552987958173761 ) ) ;
#12431 = VERTEX_POINT ( 'NONE', #9390 ) ;
#12432 = VERTEX_POINT ( 'NONE', #682 ) ;
#12433 = DIRECTION ( 'NONE',  ( 0.000000000000000000, 0.000000000000000000, 1.000000000000000000 ) ) ;
#12434 = AXIS2_PLACEMENT_3D ( 'NONE', #493, #10472, #4431 ) ;
#12435 = ORIENTED_EDGE ( 'NONE', *, *, #4628, .F. ) ;
#12436 = ORIENTED_EDGE ( 'NONE', *, *, #3200, .F. ) ;
#12437 = EDGE_CURVE ( 'NONE', #8044, #8874, #8474, .T. ) ;
#12438 = ORIENTED_EDGE ( 'NONE', *, *, #2486, .F. ) ;
#12439 = DIRECTION ( 'NONE',  ( 0.000000000000000000, 0.000000000000000000, 1.000000000000000000 ) ) ;
#12440 = LINE ( 'NONE', #3475, #709 ) ;
#12441 = ORIENTED_EDGE ( 'NONE', *, *, #8462, .F. ) ;
#12442 = DIRECTION ( 'NONE',  ( 0.000000000000000000, 0.3420201433256629397, -0.9396926207859104263 ) ) ;
#12443 = ORIENTED_EDGE ( 'NONE', *, *, #140, .T. ) ;
#12444 = CARTESIAN_POINT ( 'NONE',  ( -4.999999999999992895, 47.88282006559330028, -131.5569669100273416 ) ) ;
#12445 = DIRECTION ( 'NONE',  ( 0.000000000000000000, -0.02979050640667118069, -0.9995561643689833131 ) ) ;
#12446 = VECTOR ( 'NONE', #9789, 1000.000000000000114 ) ;
#12447 = ORIENTED_EDGE ( 'NONE', *, *, #10914, .F. ) ;
#12448 = ORIENTED_EDGE ( 'NONE', *, *, #1520, .T. ) ;
#12449 = CARTESIAN_POINT ( 'NONE',  ( 14.99999999999997158, 53.56599702107421734, 12.47733798284983209 ) ) ;
#12450 = EDGE_CURVE ( 'NONE', #5281, #8342, #9768, .T. ) ;
#12451 = CARTESIAN_POINT ( 'NONE',  ( -5.000000000000004441, 60.71641116595523613, -126.1487907794865464 ) ) ;
#12452 = CARTESIAN_POINT ( 'NONE',  ( 4.999999999999997335, -57.06339097770928248, 18.54101966249669786 ) ) ;
#12453 = VECTOR ( 'NONE', #5843, 1000.000000000000114 ) ;
#12454 = DIRECTION ( 'NONE',  ( 0.000000000000000000, 0.4999999999999949485, -0.8660254037844415942 ) ) ;
#12455 = ORIENTED_EDGE ( 'NONE', *, *, #10992, .F. ) ;
#12456 = CARTESIAN_POINT ( 'NONE',  ( 5.000000000000006217, -46.49499208839309006, 164.6149246967158604 ) ) ;
#12457 = LINE ( 'NONE', #12582, #10501 ) ;
#12458 = LINE ( 'NONE', #10459, #921 ) ;
#12459 = VERTEX_POINT ( 'NONE', #6607 ) ;
#12460 = VERTEX_POINT ( 'NONE', #12341 ) ;
#12461 = CARTESIAN_POINT ( 'NONE',  ( 5.000000000000006217, 140.0000000000000000, -1.387778780781445676E-14 ) ) ;
#12462 = ORIENTED_EDGE ( 'NONE', *, *, #6407, .T. ) ;
#12463 = CIRCLE ( 'NONE', #10408, 6.999999999999999112 ) ;
#12464 = CARTESIAN_POINT ( 'NONE',  ( 5.000000000000006217, 75.15400103636444840, 27.42035973919391267 ) ) ;
#12465 = EDGE_CURVE ( 'NONE', #7003, #4000, #6353, .T. ) ;
#12466 = EDGE_CURVE ( 'NONE', #10220, #7780, #3170, .T. ) ;
#12467 = FACE_OUTER_BOUND ( 'NONE', #11219, .T. ) ;
#12468 = DIRECTION ( 'NONE',  ( -1.000000000000000000, -0.000000000000000000, -0.000000000000000000 ) ) ;
#12469 = ORIENTED_EDGE ( 'NONE', *, *, #10180, .F. ) ;
#12470 = FACE_OUTER_BOUND ( 'NONE', #1244, .T. ) ;
#12471 = EDGE_CURVE ( 'NONE', #953, #11931, #2556, .T. ) ;
#12472 = EDGE_CURVE ( 'NONE', #10061, #10386, #704, .T. ) ;
#12473 = FACE_OUTER_BOUND ( 'NONE', #2697, .T. ) ;
#12474 = CARTESIAN_POINT ( 'NONE',  ( 5.000000000000004441, 0.000000000000000000, 0.000000000000000000 ) ) ;
#12475 = FACE_OUTER_BOUND ( 'NONE', #11986, .T. ) ;
#12476 = CARTESIAN_POINT ( 'NONE',  ( -5.007532063904104547, 53.19587384785737783, 12.70249433224236846 ) ) ;
#12477 = ORIENTED_EDGE ( 'NONE', *, *, #7512, .F. ) ;
#12478 = CARTESIAN_POINT ( 'NONE',  ( -4.999999999999992895, -140.0000000000000000, 0.000000000000000000 ) ) ;
#12479 = CARTESIAN_POINT ( 'NONE',  ( 15.00000000000000711, 0.000000000000000000, 49.99999999999999289 ) ) ;
#12480 = CARTESIAN_POINT ( 'NONE',  ( -24.99999999999996803, 0.000000000000000000, 0.000000000000000000 ) ) ;
#12481 = ADVANCED_FACE ( 'NONE', ( #7516 ), #6546, .F. ) ;
#12482 = LINE ( 'NONE', #6617, #9577 ) ;
#12483 = ADVANCED_FACE ( 'NONE', ( #8355 ), #1633, .F. ) ;
#12484 = DIRECTION ( 'NONE',  ( 0.000000000000000000, 0.000000000000000000, 1.000000000000000000 ) ) ;
#12485 = DIRECTION ( 'NONE',  ( -0.000000000000000000, 1.000000000000000000, 1.224646799147353207E-16 ) ) ;
#12486 = ORIENTED_EDGE ( 'NONE', *, *, #2308, .T. ) ;
#12487 = DIRECTION ( 'NONE',  ( -0.000000000000000000, 0.7848534137046784265, 0.6196814657516496183 ) ) ;
#12488 = DIRECTION ( 'NONE',  ( -1.000000000000000000, -0.000000000000000000, -0.000000000000000000 ) ) ;
#12489 = ORIENTED_EDGE ( 'NONE', *, *, #1520, .F. ) ;
#12490 = DIRECTION ( 'NONE',  ( -1.000000000000000000, -0.000000000000000000, -0.000000000000000000 ) ) ;
#12491 = ORIENTED_EDGE ( 'NONE', *, *, #5971, .T. ) ;
#12492 = PLANE ( 'NONE',  #9246 ) ;
#12493 = ORIENTED_EDGE ( 'NONE', *, *, #8949, .F. ) ;
#12494 = VERTEX_POINT ( 'NONE', #2024 ) ;
#12495 = LINE ( 'NONE', #4466, #10340 ) ;
#12496 = EDGE_LOOP ( 'NONE', ( #10780, #11872, #143, #11405 ) ) ;
#12497 = CARTESIAN_POINT ( 'NONE',  ( -4.999999999999993783, 46.49499208839421271, -164.6149246967155477 ) ) ;
#12498 = LINE ( 'NONE', #4904, #3387 ) ;
#12499 = EDGE_CURVE ( 'NONE', #8793, #10884, #9894, .T. ) ;
#12500 = ORIENTED_EDGE ( 'NONE', *, *, #10828, .F. ) ;
#12501 = CARTESIAN_POINT ( 'NONE',  ( 5.000000000000006217, 69.31327489107772521, -39.94583737856260797 ) ) ;
#12502 = ORIENTED_EDGE ( 'NONE', *, *, #2789, .T. ) ;
#12503 = LINE ( 'NONE', #3675, #10928 ) ;
#12504 = ADVANCED_FACE ( 'NONE', ( #1055 ), #11833, .F. ) ;
#12505 = CARTESIAN_POINT ( 'NONE',  ( -4.999999999999993783, -90.03083239009171734, 107.2933624945064821 ) ) ;
#12506 = ORIENTED_EDGE ( 'NONE', *, *, #11904, .F. ) ;
#12507 = ORIENTED_EDGE ( 'NONE', *, *, #1725, .T. ) ;
#12508 = PLANE ( 'NONE',  #2962 ) ;
#12509 = LINE ( 'NONE', #9484, #5791 ) ;
#12510 = CARTESIAN_POINT ( 'NONE',  ( -4.999999999999990230, 137.0876630329397585, -28.40726393314190901 ) ) ;
#12511 = ADVANCED_FACE ( 'NONE', ( #5908 ), #8862, .F. ) ;
#12512 = CARTESIAN_POINT ( 'NONE',  ( -4.999999999999993783, -74.37371037525457496, 154.0402834560586882 ) ) ;
#12513 = ORIENTED_EDGE ( 'NONE', *, *, #3113, .T. ) ;
#12514 = DIRECTION ( 'NONE',  ( 0.000000000000000000, 0.8805362840562102056, 0.4739787468447093088 ) ) ;
#12515 = CARTESIAN_POINT ( 'NONE',  ( 5.000000000000006217, 61.32372863323276846, -51.37509422393597447 ) ) ;
#12516 = EDGE_CURVE ( 'NONE', #8124, #4532, #1776, .T. ) ;
#12517 = ORIENTED_EDGE ( 'NONE', *, *, #11421, .T. ) ;
#12518 = ORIENTED_EDGE ( 'NONE', *, *, #9104, .T. ) ;
#12519 = CARTESIAN_POINT ( 'NONE',  ( -4.999999999999993783, -37.93101358992151262, 134.9122840309202616 ) ) ;
#12520 = ORIENTED_EDGE ( 'NONE', *, *, #980, .F. ) ;
#12521 = DIRECTION ( 'NONE',  ( -1.000000000000000000, -0.000000000000000000, -0.000000000000000000 ) ) ;
#12522 = DIRECTION ( 'NONE',  ( -1.000000000000000000, -0.000000000000000000, -0.000000000000000000 ) ) ;
#12523 = DIRECTION ( 'NONE',  ( 0.000000000000000000, -0.9791975930924242677, 0.2029090280938803392 ) ) ;
#12524 = ORIENTED_EDGE ( 'NONE', *, *, #5060, .T. ) ;
#12525 = DIRECTION ( 'NONE',  ( 0.000000000000000000, 0.000000000000000000, 1.000000000000000000 ) ) ;
#12526 = CARTESIAN_POINT ( 'NONE',  ( 5.000000000000006217, -0.06252750026095044156, 79.99997556444867541 ) ) ;
#12527 = ADVANCED_FACE ( 'NONE', ( #3971 ), #3004, .T. ) ;
#12528 = PLANE ( 'NONE',  #4533 ) ;
#12529 = CARTESIAN_POINT ( 'NONE',  ( 5.000000000000004441, 0.000000000000000000, 0.000000000000000000 ) ) ;
#12530 = ADVANCED_FACE ( 'NONE', ( #11642 ), #5771, .F. ) ;
#12531 = DIRECTION ( 'NONE',  ( -1.000000000000000000, -0.000000000000000000, -0.000000000000000000 ) ) ;
#12532 = CARTESIAN_POINT ( 'NONE',  ( -4.999999999999993783, 140.0621876725833772, 0.0007748487318643802616 ) ) ;
#12533 = AXIS2_PLACEMENT_3D ( 'NONE', #5466, #3325, #11204 ) ;
#12534 = ORIENTED_EDGE ( 'NONE', *, *, #4218, .F. ) ;
#12535 = CARTESIAN_POINT ( 'NONE',  ( 5.000000000000004441, 36.00180665649983069, -41.57968154601479682 ) ) ;
#12536 = CARTESIAN_POINT ( 'NONE',  ( -5.000000000000004441, 134.7756013461978739, 37.88848481756364350 ) ) ;
#12537 = EDGE_CURVE ( 'NONE', #6123, #10858, #1943, .T. ) ;
#12538 = CARTESIAN_POINT ( 'NONE',  ( -4.999999999999993783, -135.8029720483194467, 34.60692065529506323 ) ) ;
#12539 = CIRCLE ( 'NONE', #11718, 140.0000000000000000 ) ;
#12540 = DIRECTION ( 'NONE',  ( -1.000000000000000000, -0.000000000000000000, -0.000000000000000000 ) ) ;
#12541 = CARTESIAN_POINT ( 'NONE',  ( -4.999999999999993783, 75.19677236556668731, -27.30284647801063613 ) ) ;
#12542 = DIRECTION ( 'NONE',  ( 0.000000000000000000, 0.3420201433256694901, 0.9396926207859082059 ) ) ;
#12544 = ORIENTED_EDGE ( 'NONE', *, *, #7641, .T. ) ;
#12543 = ADVANCED_FACE ( 'NONE', ( #11564 ), #6744, .T. ) ;
#12545 = DIRECTION ( 'NONE',  ( 0.000000000000000000, 0.8660254037844399289, 0.4999999999999979461 ) ) ;
#12546 = ADVANCED_FACE ( 'NONE', ( #4882, #101 ), #8806, .F. ) ;
#12547 = CARTESIAN_POINT ( 'NONE',  ( 59.79898987322338400, -57.06339097770928248, 18.54101966249669786 ) ) ;
#12548 = VERTEX_POINT ( 'NONE', #3781 ) ;
#12549 = CARTESIAN_POINT ( 'NONE',  ( 5.000000000000006217, 79.74427681403243184, -6.391425146786241740 ) ) ;
#12550 = ORIENTED_EDGE ( 'NONE', *, *, #2122, .T. ) ;
#12551 = DIRECTION ( 'NONE',  ( 0.000000000000000000, 0.8507457776495355173, -0.5255774175242760027 ) ) ;
#12552 = ADVANCED_FACE ( 'NONE', ( #9837 ), #6801, .F. ) ;
#12553 = ORIENTED_EDGE ( 'NONE', *, *, #7193, .F. ) ;
#12554 = ORIENTED_EDGE ( 'NONE', *, *, #2076, .F. ) ;
#12555 = CARTESIAN_POINT ( 'NONE',  ( -4.999999999999993783, -164.6149246967156898, -46.49499208839367270 ) ) ;
#12556 = VECTOR ( 'NONE', #2761, 1000.000000000000114 ) ;
#12557 = EDGE_CURVE ( 'NONE', #8175, #11926, #12020, .T. ) ;
#12558 = EDGE_CURVE ( 'NONE', #734, #8796, #6466, .T. ) ;
#12559 = ORIENTED_EDGE ( 'NONE', *, *, #7513, .F. ) ;
#12560 = FACE_OUTER_BOUND ( 'NONE', #4054, .T. ) ;
#12561 = DIRECTION ( 'NONE',  ( -1.000000000000000000, 0.000000000000000000, 0.000000000000000000 ) ) ;
#12562 = VECTOR ( 'NONE', #5187, 1000.000000000000000 ) ;
#12563 = ORIENTED_EDGE ( 'NONE', *, *, #2902, .F. ) ;
#12564 = FACE_OUTER_BOUND ( 'NONE', #4905, .T. ) ;
#12565 = AXIS2_PLACEMENT_3D ( 'NONE', #7997, #9877, #7879 ) ;
#12566 = ORIENTED_EDGE ( 'NONE', *, *, #5352, .F. ) ;
#12567 = FACE_OUTER_BOUND ( 'NONE', #5487, .T. ) ;
#12568 = DIRECTION ( 'NONE',  ( 0.000000000000000000, -0.9223278869090069110, -0.3864081637724108287 ) ) ;
#12569 = VERTEX_POINT ( 'NONE', #4938 ) ;
#12570 = VERTEX_POINT ( 'NONE', #869 ) ;
#12571 = DIRECTION ( 'NONE',  ( -1.000000000000000000, -0.000000000000000000, -0.000000000000000000 ) ) ;
#12572 = EDGE_CURVE ( 'NONE', #10288, #9572, #10864, .T. ) ;
#12573 = AXIS2_PLACEMENT_3D ( 'NONE', #8061, #4468, #3433 ) ;
#12574 = CIRCLE ( 'NONE', #9083, 140.0000000000000000 ) ;
#12575 = CARTESIAN_POINT ( 'NONE',  ( -4.999999999999992895, 24.31074487337167511, 137.8730854217089075 ) ) ;
#12576 = CARTESIAN_POINT ( 'NONE',  ( -4.999999999999993783, -69.31327489107742679, 39.94583737856309114 ) ) ;
#12577 = DIRECTION ( 'NONE',  ( -1.000000000000000000, 0.000000000000000000, 0.000000000000000000 ) ) ;
#12578 = CIRCLE ( 'NONE', #10515, 100.0000000000001990 ) ;
#12579 = ORIENTED_EDGE ( 'NONE', *, *, #2968, .T. ) ;
#12580 = PLANE ( 'NONE',  #8237 ) ;
#12581 = CIRCLE ( 'NONE', #7026, 140.0000000000000000 ) ;
#12582 = CARTESIAN_POINT ( 'NONE',  ( 5.000000000000006217, -13.83027240313153250, -78.79545396313069716 ) ) ;
#12583 = VECTOR ( 'NONE', #701, 1000.000000000000000 ) ;
#12584 = ORIENTED_EDGE ( 'NONE', *, *, #11669, .T. ) ;
#12585 = CARTESIAN_POINT ( 'NONE',  ( 5.000000000000006217, -46.49499208839309006, 164.6149246967158604 ) ) ;
#12586 = ORIENTED_EDGE ( 'NONE', *, *, #4339, .F. ) ;
#12587 = LINE ( 'NONE', #6680, #4594 ) ;
#12588 = EDGE_CURVE ( 'NONE', #10939, #5799, #6679, .T. ) ;
#12589 = CIRCLE ( 'NONE', #7644, 39.99999999999999289 ) ;
#12590 = EDGE_CURVE ( 'NONE', #1297, #10247, #11196, .T. ) ;
#12591 = VECTOR ( 'NONE', #7804, 1000.000000000000114 ) ;
#12592 = CIRCLE ( 'NONE', #3953, 140.0000000000000000 ) ;
#12593 = EDGE_CURVE ( 'NONE', #9793, #6922, #9152, .T. ) ;
#12594 = DIRECTION ( 'NONE',  ( 0.000000000000000000, 0.9396926207859068736, -0.3420201433256726542 ) ) ;
#12595 = CIRCLE ( 'NONE', #447, 140.0000000000000000 ) ;
#12596 = DIRECTION ( 'NONE',  ( 0.000000000000000000, -0.8660254037844432595, -0.4999999999999919509 ) ) ;
#12597 = ORIENTED_EDGE ( 'NONE', *, *, #2431, .F. ) ;
#12598 = DIRECTION ( 'NONE',  ( -1.000000000000000000, -0.000000000000000000, -0.000000000000000000 ) ) ;
#12599 = DIRECTION ( 'NONE',  ( -1.000000000000000000, -0.000000000000000000, 0.000000000000000000 ) ) ;
#12600 = CARTESIAN_POINT ( 'NONE',  ( -40.00000000000000000, -57.06339097770928248, 18.54101966249669786 ) ) ;
#12601 = CARTESIAN_POINT ( 'NONE',  ( -4.999999999999993783, 140.0621876725833772, 0.0007748487318643802616 ) ) ;
#12602 = CARTESIAN_POINT ( 'NONE',  ( 5.000000000000006217, -45.40727495052007612, -65.86485695397716711 ) ) ;
#12604 = CARTESIAN_POINT ( 'NONE',  ( -4.999999999999989342, 53.37921760913374669, 12.58506810805362619 ) ) ;
#12603 = VECTOR ( 'NONE', #6952, 1000.000000000000000 ) ;
#12605 = CIRCLE ( 'NONE', #11812, 140.0000000000000000 ) ;
#12606 = AXIS2_PLACEMENT_3D ( 'NONE', #10932, #168, #1256 ) ;
#12607 = VECTOR ( 'NONE', #8539, 1000.000000000000000 ) ;
#12608 = ORIENTED_EDGE ( 'NONE', *, *, #11854, .F. ) ;
#12609 = CYLINDRICAL_SURFACE ( 'NONE', #12322, 54.99999999999999289 ) ;
#12610 = AXIS2_PLACEMENT_3D ( 'NONE', #4152, #12125, #8007 ) ;
#12611 = VECTOR ( 'NONE', #6992, 1000.000000000000000 ) ;
#12612 = FACE_OUTER_BOUND ( 'NONE', #8766, .T. ) ;
#12613 = EDGE_CURVE ( 'NONE', #1285, #12164, #8313, .T. ) ;
#12614 = DIRECTION ( 'NONE',  ( 0.000000000000000000, -0.2203771987371510310, 0.9754147273220588055 ) ) ;
#12615 = AXIS2_PLACEMENT_3D ( 'NONE', #2676, #10547, #12681 ) ;
#12616 = VECTOR ( 'NONE', #12445, 1000.000000000000114 ) ;
#12617 = VECTOR ( 'NONE', #6527, 1000.000000000000227 ) ;
#12618 = CIRCLE ( 'NONE', #2120, 80.00000000000000000 ) ;
#12619 = FACE_OUTER_BOUND ( 'NONE', #9847, .T. ) ;
#12620 = PLANE ( 'NONE',  #1222 ) ;
#12621 = DIRECTION ( 'NONE',  ( 1.000000000000000000, 0.000000000000000000, 0.000000000000000000 ) ) ;
#12622 = ORIENTED_EDGE ( 'NONE', *, *, #4897, .F. ) ;
#12623 = CARTESIAN_POINT ( 'NONE',  ( 5.000000000000006217, 96.21594349147569858, 141.4296642867059006 ) ) ;
#12624 = DIRECTION ( 'NONE',  ( 0.000000000000000000, 0.000000000000000000, 1.000000000000000000 ) ) ;
#12625 = ORIENTED_EDGE ( 'NONE', *, *, #11939, .F. ) ;
#12626 = ORIENTED_EDGE ( 'NONE', *, *, #110, .F. ) ;
#12627 = DIRECTION ( 'NONE',  ( 0.000000000000000000, 0.7345453337178000641, 0.6785596161822524675 ) ) ;
#12628 = ORIENTED_EDGE ( 'NONE', *, *, #5826, .T. ) ;
#12629 = CIRCLE ( 'NONE', #6242, 140.0000000000000000 ) ;
#12630 = ORIENTED_EDGE ( 'NONE', *, *, #4293, .F. ) ;
#12631 = DIRECTION ( 'NONE',  ( -1.000000000000000000, -0.000000000000000000, -0.000000000000000000 ) ) ;
#12632 = VECTOR ( 'NONE', #3543, 1000.000000000000000 ) ;
#12633 = CIRCLE ( 'NONE', #10987, 140.0000000000000000 ) ;
#12634 = EDGE_CURVE ( 'NONE', #8647, #5867, #11404, .T. ) ;
#12635 = ORIENTED_EDGE ( 'NONE', *, *, #7141, .F. ) ;
#12636 = CC_DESIGN_PERSON_AND_ORGANIZATION_ASSIGNMENT ( #6341, #10270, ( #179 ) ) ;
#12637 = CARTESIAN_POINT ( 'NONE',  ( -4.999999999999993783, -17.20354699452700231, 170.1878247496343590 ) ) ;
#12638 = DIRECTION ( 'NONE',  ( 0.000000000000000000, -0.4999999999999888978, 0.8660254037844450359 ) ) ;
#12639 = AXIS2_PLACEMENT_3D ( 'NONE', #11866, #5996, #1105 ) ;
#12640 = CIRCLE ( 'NONE', #6875, 100.0000000000002132 ) ;
#12641 = VERTEX_POINT ( 'NONE', #4091 ) ;
#12642 = ORIENTED_EDGE ( 'NONE', *, *, #8054, .T. ) ;
#12644 = CARTESIAN_POINT ( 'NONE',  ( -4.999999999999993783, -99.99262110727715935, 138.7852061507337851 ) ) ;
#12643 = AXIS2_PLACEMENT_3D ( 'NONE', #5654, #5577, #3510 ) ;
#12645 = EDGE_CURVE ( 'NONE', #2637, #2105, #6055, .T. ) ;
#12646 = ORIENTED_EDGE ( 'NONE', *, *, #3420, .T. ) ;
#12647 = ADVANCED_FACE ( 'NONE', ( #2277 ), #5072, .F. ) ;
#12648 = LINE ( 'NONE', #7544, #2900 ) ;
#12649 = CARTESIAN_POINT ( 'NONE',  ( -4.999999999999993783, -131.6151391931836372, -47.90481762191844695 ) ) ;
#12650 = EDGE_LOOP ( 'NONE', ( #8316, #11282, #6492, #6707, #9343, #6308 ) ) ;
#12651 = ORIENTED_EDGE ( 'NONE', *, *, #11650, .T. ) ;
#12652 = VECTOR ( 'NONE', #3603, 1000.000000000000114 ) ;
#12653 = CARTESIAN_POINT ( 'NONE',  ( -4.999999999999993783, -77.12110461681417917, -21.26817393859670702 ) ) ;
#12654 = DIRECTION ( 'NONE',  ( 0.000000000000000000, -1.000000000000000000, 0.000000000000000000 ) ) ;
#12655 = DIRECTION ( 'NONE',  ( 1.000000000000000000, 0.000000000000000000, 0.000000000000000000 ) ) ;
#12656 = EDGE_CURVE ( 'NONE', #1996, #8123, #7697, .T. ) ;
#12657 = CARTESIAN_POINT ( 'NONE',  ( 14.99999999999995737, 0.000000000000000000, 0.000000000000000000 ) ) ;
#12658 = VECTOR ( 'NONE', #2047, 1000.000000000000000 ) ;
#12659 = VERTEX_POINT ( 'NONE', #6213 ) ;
#12660 = ADVANCED_FACE ( 'NONE', ( #6987 ), #2350, .F. ) ;
#12661 = CARTESIAN_POINT ( 'NONE',  ( -5.029301190663306720, 4.023819911818197426, 54.25621049236832505 ) ) ;
#12662 = DIRECTION ( 'NONE',  ( 0.000000000000000000, 0.9848077530122085754, 0.1736481776669274169 ) ) ;
#12663 = ORIENTED_EDGE ( 'NONE', *, *, #2269, .F. ) ;
#12664 = DIRECTION ( 'NONE',  ( 0.000000000000000000, -0.8805362840562135363, -0.4739787468447031471 ) ) ;
#12665 = ORIENTED_EDGE ( 'NONE', *, *, #1705, .T. ) ;
#12666 = CARTESIAN_POINT ( 'NONE',  ( -4.999999999999992895, -47.88282006559416715, -131.5569669100270005 ) ) ;
#12667 = CIRCLE ( 'NONE', #1544, 140.0000000000000000 ) ;
#12668 = CARTESIAN_POINT ( 'NONE',  ( -4.999999999999993783, -77.42292273537663050, 20.14177338547683149 ) ) ;
#12669 = DIRECTION ( 'NONE',  ( 1.000000000000000000, 0.000000000000000000, 0.000000000000000000 ) ) ;
#12670 = CYLINDRICAL_SURFACE ( 'NONE', #7729, 100.0000000000001990 ) ;
#12671 = LINE ( 'NONE', #1898, #1273 ) ;
#12672 = CARTESIAN_POINT ( 'NONE',  ( 5.000000000000006217, -56.15474879678041731, -56.97933123133765321 ) ) ;
#12673 = CARTESIAN_POINT ( 'NONE',  ( -4.999999999999997335, -57.06339097770928248, 11.54101966249669786 ) ) ;
#12674 = CARTESIAN_POINT ( 'NONE',  ( -87.20833333333341386, 0.000000000000000000, 0.000000000000000000 ) ) ;
#12675 = AXIS2_PLACEMENT_3D ( 'NONE', #7703, #8598, #1826 ) ;
#12676 = CARTESIAN_POINT ( 'NONE',  ( 14.99999999999995737, 0.000000000000000000, 0.000000000000000000 ) ) ;
#12677 = ORIENTED_EDGE ( 'NONE', *, *, #846, .T. ) ;
#12678 = ADVANCED_FACE ( 'NONE', ( #3120 ), #2216, .T. ) ;
#12679 = VERTEX_POINT ( 'NONE', #10026 ) ;
#12680 = PLANE ( 'NONE',  #8615 ) ;
#12681 = DIRECTION ( 'NONE',  ( 0.000000000000000000, 0.000000000000000000, -1.000000000000000000 ) ) ;
#12682 = DIRECTION ( 'NONE',  ( 0.000000000000000000, 0.000000000000000000, 1.000000000000000000 ) ) ;
#12683 = AXIS2_PLACEMENT_3D ( 'NONE', #7307, #6337, #10265 ) ;
#12684 = LINE ( 'NONE', #6553, #12446 ) ;
#12685 = EDGE_CURVE ( 'NONE', #8430, #102, #10796, .T. ) ;
#12686 = CARTESIAN_POINT ( 'NONE',  ( -87.20833333333341386, 9.797174393178826052E-15, -80.00000000000000000 ) ) ;
#12687 = DIRECTION ( 'NONE',  ( -0.000000000000000000, 1.000000000000000000, 1.224646799147353207E-16 ) ) ;
#12688 = VERTEX_POINT ( 'NONE', #5189 ) ;
#12689 = DIRECTION ( 'NONE',  ( 0.000000000000000000, -0.3420201433256568335, 0.9396926207859126468 ) ) ;
#12690 = DIRECTION ( 'NONE',  ( 0.000000000000000000, 0.000000000000000000, 1.000000000000000000 ) ) ;
#12691 = VERTEX_POINT ( 'NONE', #9125 ) ;
#12692 = ADVANCED_FACE ( 'NONE', ( #9001 ), #4225, .F. ) ;
#12693 = ORIENTED_EDGE ( 'NONE', *, *, #30, .T. ) ;
#12694 = CARTESIAN_POINT ( 'NONE',  ( 5.000000000000006217, 70.03176487497729852, -121.2970252097150876 ) ) ;
#12695 = ORIENTED_EDGE ( 'NONE', *, *, #5875, .T. ) ;
#12696 = ORIENTED_EDGE ( 'NONE', *, *, #8721, .F. ) ;
#12697 = CYLINDRICAL_SURFACE ( 'NONE', #6004, 7.000000000000006217 ) ;
#12698 = EDGE_LOOP ( 'NONE', ( #6343, #2057, #6115 ) ) ;
#12699 = CARTESIAN_POINT ( 'NONE',  ( 59.79898987322338400, -35.26711513754810312, -55.54101966249704958 ) ) ;
#12700 = DIRECTION ( 'NONE',  ( -1.000000000000000000, -0.000000000000000000, -0.000000000000000000 ) ) ;
#12701 = ORIENTED_EDGE ( 'NONE', *, *, #5626, .T. ) ;
#12702 = EDGE_LOOP ( 'NONE', ( #1872, #7176, #1689, #7153 ) ) ;
#12703 = DIRECTION ( 'NONE',  ( 1.000000000000000000, 0.000000000000000000, 0.000000000000000000 ) ) ;
#12704 = VERTEX_POINT ( 'NONE', #8148 ) ;
#12705 = EDGE_CURVE ( 'NONE', #7408, #12363, #10181, .T. ) ;
#12706 = CARTESIAN_POINT ( 'NONE',  ( -4.999999999999993783, 96.21594349147569858, 141.4296642867059006 ) ) ;
#12707 = ORIENTED_EDGE ( 'NONE', *, *, #530, .T. ) ;
#12708 = EDGE_CURVE ( 'NONE', #9644, #2907, #691, .T. ) ;
#12709 = LINE ( 'NONE', #3879, #9734 ) ;
#12710 = ORIENTED_EDGE ( 'NONE', *, *, #12656, .F. ) ;
#12711 = VERTEX_POINT ( 'NONE', #2089 ) ;
#12712 = LINE ( 'NONE', #3882, #1306 ) ;
#12713 = DIRECTION ( 'NONE',  ( 0.000000000000000000, 0.000000000000000000, 1.000000000000000000 ) ) ;
#12714 = EDGE_CURVE ( 'NONE', #9907, #8831, #10216, .T. ) ;
#12715 = LINE ( 'NONE', #5557, #2941 ) ;
#12716 = CARTESIAN_POINT ( 'NONE',  ( -4.999999999999993783, 137.9341937727411391, 24.32230672642442215 ) ) ;
#12717 = ORIENTED_EDGE ( 'NONE', *, *, #11547, .F. ) ;
#12718 = DIRECTION ( 'NONE',  ( 0.000000000000000000, -0.7848534137046826453, -0.6196814657516441782 ) ) ;
#12719 = PLANE ( 'NONE',  #629 ) ;
#12720 = EDGE_CURVE ( 'NONE', #831, #1848, #1375, .T. ) ;
#12721 = EDGE_CURVE ( 'NONE', #9572, #3916, #1528, .T. ) ;
#12722 = ORIENTED_EDGE ( 'NONE', *, *, #12077, .T. ) ;
#12723 = DIRECTION ( 'NONE',  ( 0.000000000000000000, 0.7465554768956805809, -0.6653231695327188611 ) ) ;
#12724 = ADVANCED_FACE ( 'NONE', ( #1185 ), #1692, .T. ) ;
#12725 = CARTESIAN_POINT ( 'NONE',  ( 5.000000000000006217, -69.31327489107742679, 39.94583737856309114 ) ) ;
#12726 = B_SPLINE_CURVE_WITH_KNOTS ( 'NONE', 3,
 ( #9205, #4243, #8359, #8219, #8166, #2424 ),
 .UNSPECIFIED., .F., .F.,
 ( 4, 2, 4 ),
 ( 1.971579220148459524E-07, 0.001173068007312044183, 0.002345938856702073534 ),
 .UNSPECIFIED. ) ;
#12727 = VERTEX_POINT ( 'NONE', #3632 ) ;
#12728 = EDGE_CURVE ( 'NONE', #8025, #119, #12458, .T. ) ;
#12729 = DIRECTION ( 'NONE',  ( 1.000000000000000000, 0.000000000000000000, 0.000000000000000000 ) ) ;
#12730 = DIRECTION ( 'NONE',  ( 0.000000000000000000, 0.3420201433256630508, -0.9396926207859104263 ) ) ;
#12731 = CARTESIAN_POINT ( 'NONE',  ( -5.000000000000004441, 0.000000000000000000, 0.000000000000000000 ) ) ;
#12732 = DIRECTION ( 'NONE',  ( -1.000000000000000000, 0.000000000000000000, 0.000000000000000000 ) ) ;
#12733 = PLANE ( 'NONE',  #9287 ) ;
#12734 = DIRECTION ( 'NONE',  ( -1.000000000000000000, -0.000000000000000000, -0.000000000000000000 ) ) ;
#12735 = ORIENTED_EDGE ( 'NONE', *, *, #10017, .T. ) ;
#12736 = ORIENTED_EDGE ( 'NONE', *, *, #1546, .T. ) ;
#12737 = CARTESIAN_POINT ( 'NONE',  ( 5.000000000000004441, -131.5569669100268300, 47.88282006559461479 ) ) ;
#12738 = CARTESIAN_POINT ( 'NONE',  ( 5.000000000000006217, -39.94583737856282823, -69.31327489107758311 ) ) ;
#12739 = EDGE_CURVE ( 'NONE', #8714, #11144, #12233, .T. ) ;
#12740 = DIRECTION ( 'NONE',  ( 0.000000000000000000, -1.000000000000000000, 1.054711873393898713E-14 ) ) ;
#12741 = CARTESIAN_POINT ( 'NONE',  ( -5.275849313803536056, -50.05070253649870438, 18.48140459211974118 ) ) ;
#12742 = DIRECTION ( 'NONE',  ( 0.000000000000000000, 0.8660254037844363761, -0.5000000000000039968 ) ) ;
#12743 = AXIS2_PLACEMENT_3D ( 'NONE', #8480, #877, #3649 ) ;
#12744 = DIRECTION ( 'NONE',  ( 0.000000000000000000, 0.5000000000000008882, 0.8660254037844381525 ) ) ;
#12745 = ORIENTED_EDGE ( 'NONE', *, *, #4038, .F. ) ;
#12746 = LINE ( 'NONE', #6819, #3782 ) ;
#12747 = DIRECTION ( 'NONE',  ( -1.000000000000000000, -0.000000000000000000, -0.000000000000000000 ) ) ;
#12748 = ORIENTED_EDGE ( 'NONE', *, *, #12396, .F. ) ;
#12749 = ORIENTED_EDGE ( 'NONE', *, *, #4789, .T. ) ;
#12750 = CARTESIAN_POINT ( 'NONE',  ( 16.47659925016804294, 50.55002346423849957, 21.10600789844915681 ) ) ;
#12751 = ORIENTED_EDGE ( 'NONE', *, *, #12302, .T. ) ;
#12752 = ORIENTED_EDGE ( 'NONE', *, *, #544, .F. ) ;
#12753 = LINE ( 'NONE', #9606, #9101 ) ;
#12754 = CIRCLE ( 'NONE', #3280, 100.0000000000001847 ) ;
#12755 = ORIENTED_EDGE ( 'NONE', *, *, #2662, .F. ) ;
#12756 = EDGE_CURVE ( 'NONE', #8562, #12273, #11483, .T. ) ;
#12757 = PLANE ( 'NONE',  #9363 ) ;
#12758 = EDGE_LOOP ( 'NONE', ( #5237, #9256, #7420 ) ) ;
#12759 = VERTEX_POINT ( 'NONE', #5448 ) ;
#12760 = CARTESIAN_POINT ( 'NONE',  ( 5.000000000000004441, 0.000000000000000000, 0.000000000000000000 ) ) ;
#12761 = ORIENTED_EDGE ( 'NONE', *, *, #11450, .F. ) ;
#12762 = CARTESIAN_POINT ( 'NONE',  ( 5.000000000000006217, -169.7647994192103340, -5.206971411071736888 ) ) ;
#12763 = VECTOR ( 'NONE', #10746, 999.9999999999998863 ) ;
#12764 = VERTEX_POINT ( 'NONE', #10335 ) ;
#12765 = FACE_OUTER_BOUND ( 'NONE', #4501, .T. ) ;
ENDSEC;
END-ISO-10303-21;
